ISO-10303-21;
HEADER;
FILE_DESCRIPTION(('Open CASCADE Model'),'2;1');
FILE_NAME('Open CASCADE Shape Model','2026-10-10T04:14:28',('Author'),(
    'Open CASCADE'),'Open CASCADE STEP processor 7.9','Open CASCADE 7.9'
  ,'Unknown');
FILE_SCHEMA(('AUTOMOTIVE_DESIGN { 1 0 10303 214 1 1 1 1 }'));
ENDSEC;
DATA;
#1 = APPLICATION_PROTOCOL_DEFINITION('international standard',
  'automotive_design',2000,#2);
#2 = APPLICATION_CONTEXT(
  'core data for automotive mechanical design processes');
#3 = SHAPE_DEFINITION_REPRESENTATION(#4,#10);
#4 = PRODUCT_DEFINITION_SHAPE('','',#5);
#5 = PRODUCT_DEFINITION('design','',#6,#9);
#6 = PRODUCT_DEFINITION_FORMATION('','',#7);
#7 = PRODUCT('Open CASCADE STEP translator 7.9 10',
  'Open CASCADE STEP translator 7.9 10','',(#8));
#8 = PRODUCT_CONTEXT('',#2,'mechanical');
#9 = PRODUCT_DEFINITION_CONTEXT('part definition',#2,'design');
#10 = ADVANCED_BREP_SHAPE_REPRESENTATION('',(#11,#15),#6388);
#11 = AXIS2_PLACEMENT_3D('',#12,#13,#14);
#12 = CARTESIAN_POINT('',(0.,0.,0.));
#13 = DIRECTION('',(0.,0.,1.));
#14 = DIRECTION('',(1.,0.,-0.));
#15 = MANIFOLD_SOLID_BREP('',#16);
#16 = CLOSED_SHELL('',(#17,#135,#286,#1613,#1736,#4650,#4675,#4681,#4729
    ,#4754,#4802,#4827,#4875,#4900,#4948,#4973,#5021,#5046,#5094,#5119,
    #5167,#5192,#5240,#5265,#5313,#5338,#5386,#5411,#5459,#5484,#5532,
    #5557,#5605,#5630,#5678,#5703,#5751,#5776,#5824,#5849,#5897,#5922,
    #5970,#5995,#6043,#6068,#6116,#6141,#6189,#6214,#6262,#6269,#6274,
    #6278,#6283,#6288,#6293,#6298,#6303,#6308,#6313,#6318,#6323,#6328,
    #6333,#6338,#6343,#6348,#6353,#6358,#6363,#6368,#6373,#6378,#6383));
#17 = ADVANCED_FACE('',(#18),#32,.T.);
#18 = FACE_BOUND('',#19,.F.);
#19 = EDGE_LOOP('',(#20,#53,#82,#108));
#20 = ORIENTED_EDGE('',*,*,#21,.F.);
#21 = EDGE_CURVE('',#22,#24,#26,.T.);
#22 = VERTEX_POINT('',#23);
#23 = CARTESIAN_POINT('',(16.,-33.02722222222,440.69947047872));
#24 = VERTEX_POINT('',#25);
#25 = CARTESIAN_POINT('',(11.5,-33.02722222222,440.69947047873));
#26 = SURFACE_CURVE('',#27,(#31,#42),.PCURVE_S1.);
#27 = LINE('',#28,#29);
#28 = CARTESIAN_POINT('',(11.5,-33.02722222222,440.69947047873));
#29 = VECTOR('',#30,1.);
#30 = DIRECTION('',(-1.,-0.,-0.));
#31 = PCURVE('',#32,#37);
#32 = CYLINDRICAL_SURFACE('',#33,9.);
#33 = AXIS2_PLACEMENT_3D('',#34,#35,#36);
#34 = CARTESIAN_POINT('',(11.5,-42.,440.));
#35 = DIRECTION('',(-1.,-0.,-0.));
#36 = DIRECTION('',(0.,1.,0.));
#37 = DEFINITIONAL_REPRESENTATION('',(#38),#41);
#38 = B_SPLINE_CURVE_WITH_KNOTS('',1,(#39,#40),.UNSPECIFIED.,.F.,.F.,(2,
    2),(-4.5000006,5.999999999062E-07),.PIECEWISE_BEZIER_KNOTS.);
#39 = CARTESIAN_POINT('',(-7.779739561277E-02,-4.5000006));
#40 = CARTESIAN_POINT('',(-7.779739561277E-02,5.999999999062E-07));
#41 = ( GEOMETRIC_REPRESENTATION_CONTEXT(2) 
PARAMETRIC_REPRESENTATION_CONTEXT() REPRESENTATION_CONTEXT('2D SPACE',''
  ) );
#42 = PCURVE('',#43,#48);
#43 = CYLINDRICAL_SURFACE('',#44,0.7);
#44 = AXIS2_PLACEMENT_3D('',#45,#46,#47);
#45 = CARTESIAN_POINT('',(11.5,-33.,440.));
#46 = DIRECTION('',(-1.,-0.,-0.));
#47 = DIRECTION('',(0.,1.,0.));
#48 = DEFINITIONAL_REPRESENTATION('',(#49),#52);
#49 = B_SPLINE_CURVE_WITH_KNOTS('',1,(#50,#51),.UNSPECIFIED.,.F.,.F.,(2,
    2),(-4.5000006,5.999999999062E-07),.PIECEWISE_BEZIER_KNOTS.);
#50 = CARTESIAN_POINT('',(-1.609695024601,-4.5000006));
#51 = CARTESIAN_POINT('',(-1.609695024601,5.999999999062E-07));
#52 = ( GEOMETRIC_REPRESENTATION_CONTEXT(2) 
PARAMETRIC_REPRESENTATION_CONTEXT() REPRESENTATION_CONTEXT('2D SPACE',''
  ) );
#53 = ORIENTED_EDGE('',*,*,#54,.T.);
#54 = EDGE_CURVE('',#22,#55,#57,.T.);
#55 = VERTEX_POINT('',#56);
#56 = CARTESIAN_POINT('',(16.,-33.15192592951,441.64668917627));
#57 = SURFACE_CURVE('',#58,(#63,#70),.PCURVE_S1.);
#58 = CIRCLE('',#59,9.);
#59 = AXIS2_PLACEMENT_3D('',#60,#61,#62);
#60 = CARTESIAN_POINT('',(16.,-42.,440.));
#61 = DIRECTION('',(1.,0.,0.));
#62 = DIRECTION('',(-0.,1.,0.));
#63 = PCURVE('',#32,#64);
#64 = DEFINITIONAL_REPRESENTATION('',(#65),#69);
#65 = LINE('',#66,#67);
#66 = CARTESIAN_POINT('',(-0.,-4.5));
#67 = VECTOR('',#68,1.);
#68 = DIRECTION('',(-1.,0.));
#69 = ( GEOMETRIC_REPRESENTATION_CONTEXT(2) 
PARAMETRIC_REPRESENTATION_CONTEXT() REPRESENTATION_CONTEXT('2D SPACE',''
  ) );
#70 = PCURVE('',#71,#76);
#71 = TOROIDAL_SURFACE('',#72,7.5,1.5);
#72 = AXIS2_PLACEMENT_3D('',#73,#74,#75);
#73 = CARTESIAN_POINT('',(16.,-42.,440.));
#74 = DIRECTION('',(1.,0.,0.));
#75 = DIRECTION('',(-0.,1.,0.));
#76 = DEFINITIONAL_REPRESENTATION('',(#77),#81);
#77 = LINE('',#78,#79);
#78 = CARTESIAN_POINT('',(0.,0.));
#79 = VECTOR('',#80,1.);
#80 = DIRECTION('',(1.,0.));
#81 = ( GEOMETRIC_REPRESENTATION_CONTEXT(2) 
PARAMETRIC_REPRESENTATION_CONTEXT() REPRESENTATION_CONTEXT('2D SPACE',''
  ) );
#82 = ORIENTED_EDGE('',*,*,#83,.T.);
#83 = EDGE_CURVE('',#55,#84,#86,.T.);
#84 = VERTEX_POINT('',#85);
#85 = CARTESIAN_POINT('',(11.5,-33.1519259295,441.64668917622));
#86 = SURFACE_CURVE('',#87,(#91,#97),.PCURVE_S1.);
#87 = LINE('',#88,#89);
#88 = CARTESIAN_POINT('',(11.5,-33.1519259295,441.64668917622));
#89 = VECTOR('',#90,1.);
#90 = DIRECTION('',(-1.,-0.,-0.));
#91 = PCURVE('',#32,#92);
#92 = DEFINITIONAL_REPRESENTATION('',(#93),#96);
#93 = B_SPLINE_CURVE_WITH_KNOTS('',1,(#94,#95),.UNSPECIFIED.,.F.,.F.,(2,
    2),(-4.5000006,5.999999999062E-07),.PIECEWISE_BEZIER_KNOTS.);
#94 = CARTESIAN_POINT('',(-0.184001992186,-4.5000006));
#95 = CARTESIAN_POINT('',(-0.184001992186,5.999999999062E-07));
#96 = ( GEOMETRIC_REPRESENTATION_CONTEXT(2) 
PARAMETRIC_REPRESENTATION_CONTEXT() REPRESENTATION_CONTEXT('2D SPACE',''
  ) );
#97 = PCURVE('',#98,#103);
#98 = CYLINDRICAL_SURFACE('',#99,0.7);
#99 = AXIS2_PLACEMENT_3D('',#100,#101,#102);
#100 = CARTESIAN_POINT('',(11.5,-33.30666756339,442.32937140592));
#101 = DIRECTION('',(-1.,-0.,-0.));
#102 = DIRECTION('',(0.,1.,0.));
#103 = DEFINITIONAL_REPRESENTATION('',(#104),#107);
#104 = B_SPLINE_CURVE_WITH_KNOTS('',1,(#105,#106),.UNSPECIFIED.,.F.,.F.,
  (2,2),(-4.5000006,5.999999999062E-07),.PIECEWISE_BEZIER_KNOTS.);
#105 = CARTESIAN_POINT('',(-4.935289670377,-4.5000006));
#106 = CARTESIAN_POINT('',(-4.935289670377,5.999999999062E-07));
#107 = ( GEOMETRIC_REPRESENTATION_CONTEXT(2) 
PARAMETRIC_REPRESENTATION_CONTEXT() REPRESENTATION_CONTEXT('2D SPACE',''
  ) );
#108 = ORIENTED_EDGE('',*,*,#109,.F.);
#109 = EDGE_CURVE('',#24,#84,#110,.T.);
#110 = SURFACE_CURVE('',#111,(#116,#123),.PCURVE_S1.);
#111 = CIRCLE('',#112,9.);
#112 = AXIS2_PLACEMENT_3D('',#113,#114,#115);
#113 = CARTESIAN_POINT('',(11.5,-42.,440.));
#114 = DIRECTION('',(1.,0.,0.));
#115 = DIRECTION('',(0.,1.,0.));
#116 = PCURVE('',#32,#117);
#117 = DEFINITIONAL_REPRESENTATION('',(#118),#122);
#118 = LINE('',#119,#120);
#119 = CARTESIAN_POINT('',(-0.,0.));
#120 = VECTOR('',#121,1.);
#121 = DIRECTION('',(-1.,0.));
#122 = ( GEOMETRIC_REPRESENTATION_CONTEXT(2) 
PARAMETRIC_REPRESENTATION_CONTEXT() REPRESENTATION_CONTEXT('2D SPACE',''
  ) );
#123 = PCURVE('',#124,#129);
#124 = PLANE('',#125);
#125 = AXIS2_PLACEMENT_3D('',#126,#127,#128);
#126 = CARTESIAN_POINT('',(11.5,-42.,440.));
#127 = DIRECTION('',(1.,0.,0.));
#128 = DIRECTION('',(-0.,0.,1.));
#129 = DEFINITIONAL_REPRESENTATION('',(#130),#134);
#130 = CIRCLE('',#131,9.);
#131 = AXIS2_PLACEMENT_2D('',#132,#133);
#132 = CARTESIAN_POINT('',(0.,7.105427357601E-15));
#133 = DIRECTION('',(0.,-1.));
#134 = ( GEOMETRIC_REPRESENTATION_CONTEXT(2) 
PARAMETRIC_REPRESENTATION_CONTEXT() REPRESENTATION_CONTEXT('2D SPACE',''
  ) );
#135 = ADVANCED_FACE('',(#136),#43,.F.);
#136 = FACE_BOUND('',#137,.T.);
#137 = EDGE_LOOP('',(#138,#162,#163,#198,#227,#262));
#138 = ORIENTED_EDGE('',*,*,#139,.F.);
#139 = EDGE_CURVE('',#24,#140,#142,.T.);
#140 = VERTEX_POINT('',#141);
#141 = CARTESIAN_POINT('',(11.5,-33.02722222222,439.30052952126));
#142 = SURFACE_CURVE('',#143,(#148,#155),.PCURVE_S1.);
#143 = CIRCLE('',#144,0.7);
#144 = AXIS2_PLACEMENT_3D('',#145,#146,#147);
#145 = CARTESIAN_POINT('',(11.5,-33.,440.));
#146 = DIRECTION('',(1.,0.,0.));
#147 = DIRECTION('',(0.,1.,0.));
#148 = PCURVE('',#43,#149);
#149 = DEFINITIONAL_REPRESENTATION('',(#150),#154);
#150 = LINE('',#151,#152);
#151 = CARTESIAN_POINT('',(-0.,0.));
#152 = VECTOR('',#153,1.);
#153 = DIRECTION('',(-1.,0.));
#154 = ( GEOMETRIC_REPRESENTATION_CONTEXT(2) 
PARAMETRIC_REPRESENTATION_CONTEXT() REPRESENTATION_CONTEXT('2D SPACE',''
  ) );
#155 = PCURVE('',#124,#156);
#156 = DEFINITIONAL_REPRESENTATION('',(#157),#161);
#157 = CIRCLE('',#158,0.7);
#158 = AXIS2_PLACEMENT_2D('',#159,#160);
#159 = CARTESIAN_POINT('',(0.,-9.));
#160 = DIRECTION('',(0.,-1.));
#161 = ( GEOMETRIC_REPRESENTATION_CONTEXT(2) 
PARAMETRIC_REPRESENTATION_CONTEXT() REPRESENTATION_CONTEXT('2D SPACE',''
  ) );
#162 = ORIENTED_EDGE('',*,*,#21,.F.);
#163 = ORIENTED_EDGE('',*,*,#164,.T.);
#164 = EDGE_CURVE('',#22,#165,#167,.T.);
#165 = VERTEX_POINT('',#166);
#166 = CARTESIAN_POINT('',(16.5,-33.11259980913,440.69088442085));
#167 = SURFACE_CURVE('',#168,(#176,#187),.PCURVE_S1.);
#168 = B_SPLINE_CURVE_WITH_KNOTS('',6,(#169,#170,#171,#172,#173,#174,
    #175),.UNSPECIFIED.,.F.,.F.,(7,7),(0.,1.),.PIECEWISE_BEZIER_KNOTS.);
#169 = CARTESIAN_POINT('',(16.,-33.02722222222,440.69947047872));
#170 = CARTESIAN_POINT('',(16.085640399606,-33.02722222222,
    440.69947047872));
#171 = CARTESIAN_POINT('',(16.171284754161,-33.03308964661,
    440.6992416347));
#172 = CARTESIAN_POINT('',(16.256191290281,-33.04482549032,440.698787298
    ));
#173 = CARTESIAN_POINT('',(16.33968471052,-33.06223555015,
    440.69773365525));
#174 = CARTESIAN_POINT('',(16.421145663841,-33.08498629373,
    440.69538485898));
#175 = CARTESIAN_POINT('',(16.5000006,-33.11260001924,440.69088438661));
#176 = PCURVE('',#43,#177);
#177 = DEFINITIONAL_REPRESENTATION('',(#178),#186);
#178 = B_SPLINE_CURVE_WITH_KNOTS('',6,(#179,#180,#181,#182,#183,#184,
    #185),.UNSPECIFIED.,.F.,.F.,(7,7),(0.,1.),.PIECEWISE_BEZIER_KNOTS.);
#179 = CARTESIAN_POINT('',(-1.609695024601,-4.5));
#180 = CARTESIAN_POINT('',(-1.609695024601,-4.585640399606));
#181 = CARTESIAN_POINT('',(-1.618083073398,-4.671284754161));
#182 = CARTESIAN_POINT('',(-1.63486285857,-4.756191290281));
#183 = CARTESIAN_POINT('',(-1.659769600127,-4.83968471052));
#184 = CARTESIAN_POINT('',(-1.692386734921,-4.921145663841));
#185 = CARTESIAN_POINT('',(-1.732355398359,-5.0000006));
#186 = ( GEOMETRIC_REPRESENTATION_CONTEXT(2) 
PARAMETRIC_REPRESENTATION_CONTEXT() REPRESENTATION_CONTEXT('2D SPACE',''
  ) );
#187 = PCURVE('',#71,#188);
#188 = DEFINITIONAL_REPRESENTATION('',(#189),#197);
#189 = B_SPLINE_CURVE_WITH_KNOTS('',6,(#190,#191,#192,#193,#194,#195,
    #196),.UNSPECIFIED.,.F.,.F.,(7,7),(0.,1.),.PIECEWISE_BEZIER_KNOTS.);
#190 = CARTESIAN_POINT('',(7.779739561202E-02,0.));
#191 = CARTESIAN_POINT('',(7.779739561202E-02,5.709359973735E-02));
#192 = CARTESIAN_POINT('',(7.782272203451E-02,0.114189759399));
#193 = CARTESIAN_POINT('',(7.787369751077E-02,0.171129468292));
#194 = CARTESIAN_POINT('',(7.790766307584E-02,0.227795956413));
#195 = CARTESIAN_POINT('',(7.78447478809E-02,0.284078473453));
#196 = CARTESIAN_POINT('',(7.75814863119E-02,0.339837342069));
#197 = ( GEOMETRIC_REPRESENTATION_CONTEXT(2) 
PARAMETRIC_REPRESENTATION_CONTEXT() REPRESENTATION_CONTEXT('2D SPACE',''
  ) );
#198 = ORIENTED_EDGE('',*,*,#199,.T.);
#199 = EDGE_CURVE('',#165,#200,#202,.T.);
#200 = VERTEX_POINT('',#201);
#201 = CARTESIAN_POINT('',(16.5,-33.11259980913,439.30911557914));
#202 = SURFACE_CURVE('',#203,(#208,#215),.PCURVE_S1.);
#203 = CIRCLE('',#204,0.7);
#204 = AXIS2_PLACEMENT_3D('',#205,#206,#207);
#205 = CARTESIAN_POINT('',(16.5,-33.,440.));
#206 = DIRECTION('',(1.,0.,0.));
#207 = DIRECTION('',(0.,1.,0.));
#208 = PCURVE('',#43,#209);
#209 = DEFINITIONAL_REPRESENTATION('',(#210),#214);
#210 = LINE('',#211,#212);
#211 = CARTESIAN_POINT('',(-0.,-5.));
#212 = VECTOR('',#213,1.);
#213 = DIRECTION('',(-1.,0.));
#214 = ( GEOMETRIC_REPRESENTATION_CONTEXT(2) 
PARAMETRIC_REPRESENTATION_CONTEXT() REPRESENTATION_CONTEXT('2D SPACE',''
  ) );
#215 = PCURVE('',#216,#221);
#216 = PLANE('',#217);
#217 = AXIS2_PLACEMENT_3D('',#218,#219,#220);
#218 = CARTESIAN_POINT('',(16.5,-33.,440.));
#219 = DIRECTION('',(1.,0.,0.));
#220 = DIRECTION('',(-0.,0.,1.));
#221 = DEFINITIONAL_REPRESENTATION('',(#222),#226);
#222 = CIRCLE('',#223,0.7);
#223 = AXIS2_PLACEMENT_2D('',#224,#225);
#224 = CARTESIAN_POINT('',(5.684341886081E-14,7.105427357601E-15));
#225 = DIRECTION('',(0.,-1.));
#226 = ( GEOMETRIC_REPRESENTATION_CONTEXT(2) 
PARAMETRIC_REPRESENTATION_CONTEXT() REPRESENTATION_CONTEXT('2D SPACE',''
  ) );
#227 = ORIENTED_EDGE('',*,*,#228,.F.);
#228 = EDGE_CURVE('',#229,#200,#231,.T.);
#229 = VERTEX_POINT('',#230);
#230 = CARTESIAN_POINT('',(16.,-33.02722222222,439.30052952127));
#231 = SURFACE_CURVE('',#232,(#240,#251),.PCURVE_S1.);
#232 = B_SPLINE_CURVE_WITH_KNOTS('',6,(#233,#234,#235,#236,#237,#238,
    #239),.UNSPECIFIED.,.F.,.F.,(7,7),(0.,1.),.PIECEWISE_BEZIER_KNOTS.);
#233 = CARTESIAN_POINT('',(16.,-33.02722222222,439.30052952127));
#234 = CARTESIAN_POINT('',(16.085640399606,-33.02722222222,
    439.30052952127));
#235 = CARTESIAN_POINT('',(16.171284754161,-33.03308964661,
    439.30075836529));
#236 = CARTESIAN_POINT('',(16.256191290281,-33.04482549032,
    439.30121270199));
#237 = CARTESIAN_POINT('',(16.33968471052,-33.06223555015,
    439.30226634474));
#238 = CARTESIAN_POINT('',(16.421145663841,-33.08498629373,
    439.30461514101));
#239 = CARTESIAN_POINT('',(16.5000006,-33.11260001924,439.30911561338));
#240 = PCURVE('',#43,#241);
#241 = DEFINITIONAL_REPRESENTATION('',(#242),#250);
#242 = B_SPLINE_CURVE_WITH_KNOTS('',6,(#243,#244,#245,#246,#247,#248,
    #249),.UNSPECIFIED.,.F.,.F.,(7,7),(0.,1.),.PIECEWISE_BEZIER_KNOTS.);
#243 = CARTESIAN_POINT('',(-4.673490282579,-4.5));
#244 = CARTESIAN_POINT('',(-4.673490282579,-4.585640399606));
#245 = CARTESIAN_POINT('',(-4.665102233781,-4.671284754161));
#246 = CARTESIAN_POINT('',(-4.64832244861,-4.756191290281));
#247 = CARTESIAN_POINT('',(-4.623415707052,-4.83968471052));
#248 = CARTESIAN_POINT('',(-4.590798572259,-4.921145663841));
#249 = CARTESIAN_POINT('',(-4.55082990882,-5.0000006));
#250 = ( GEOMETRIC_REPRESENTATION_CONTEXT(2) 
PARAMETRIC_REPRESENTATION_CONTEXT() REPRESENTATION_CONTEXT('2D SPACE',''
  ) );
#251 = PCURVE('',#71,#252);
#252 = DEFINITIONAL_REPRESENTATION('',(#253),#261);
#253 = B_SPLINE_CURVE_WITH_KNOTS('',6,(#254,#255,#256,#257,#258,#259,
    #260),.UNSPECIFIED.,.F.,.F.,(7,7),(0.,1.),.PIECEWISE_BEZIER_KNOTS.);
#254 = CARTESIAN_POINT('',(6.205387911568,0.));
#255 = CARTESIAN_POINT('',(6.205387911568,5.709359973734E-02));
#256 = CARTESIAN_POINT('',(6.205362585145,0.114189759399));
#257 = CARTESIAN_POINT('',(6.205311609669,0.171129468292));
#258 = CARTESIAN_POINT('',(6.205277644104,0.227795956413));
#259 = CARTESIAN_POINT('',(6.205340559299,0.284078473452));
#260 = CARTESIAN_POINT('',(6.205603820868,0.339837342069));
#261 = ( GEOMETRIC_REPRESENTATION_CONTEXT(2) 
PARAMETRIC_REPRESENTATION_CONTEXT() REPRESENTATION_CONTEXT('2D SPACE',''
  ) );
#262 = ORIENTED_EDGE('',*,*,#263,.T.);
#263 = EDGE_CURVE('',#229,#140,#264,.T.);
#264 = SURFACE_CURVE('',#265,(#269,#275),.PCURVE_S1.);
#265 = LINE('',#266,#267);
#266 = CARTESIAN_POINT('',(11.5,-33.02722222222,439.30052952126));
#267 = VECTOR('',#268,1.);
#268 = DIRECTION('',(-1.,-0.,-0.));
#269 = PCURVE('',#43,#270);
#270 = DEFINITIONAL_REPRESENTATION('',(#271),#274);
#271 = B_SPLINE_CURVE_WITH_KNOTS('',1,(#272,#273),.UNSPECIFIED.,.F.,.F.,
  (2,2),(-4.5000006,5.999999999062E-07),.PIECEWISE_BEZIER_KNOTS.);
#272 = CARTESIAN_POINT('',(-4.673490282578,-4.5000006));
#273 = CARTESIAN_POINT('',(-4.673490282578,5.999999999062E-07));
#274 = ( GEOMETRIC_REPRESENTATION_CONTEXT(2) 
PARAMETRIC_REPRESENTATION_CONTEXT() REPRESENTATION_CONTEXT('2D SPACE',''
  ) );
#275 = PCURVE('',#276,#281);
#276 = CYLINDRICAL_SURFACE('',#277,9.);
#277 = AXIS2_PLACEMENT_3D('',#278,#279,#280);
#278 = CARTESIAN_POINT('',(11.5,-42.,440.));
#279 = DIRECTION('',(-1.,-0.,-0.));
#280 = DIRECTION('',(0.,1.,0.));
#281 = DEFINITIONAL_REPRESENTATION('',(#282),#285);
#282 = B_SPLINE_CURVE_WITH_KNOTS('',1,(#283,#284),.UNSPECIFIED.,.F.,.F.,
  (2,2),(-4.5000006,5.999999999062E-07),.PIECEWISE_BEZIER_KNOTS.);
#283 = CARTESIAN_POINT('',(-6.205387911567,-4.5000006));
#284 = CARTESIAN_POINT('',(-6.205387911567,5.999999999062E-07));
#285 = ( GEOMETRIC_REPRESENTATION_CONTEXT(2) 
PARAMETRIC_REPRESENTATION_CONTEXT() REPRESENTATION_CONTEXT('2D SPACE',''
  ) );
#286 = ADVANCED_FACE('',(#287),#124,.F.);
#287 = FACE_BOUND('',#288,.F.);
#288 = EDGE_LOOP('',(#289,#290,#291,#315,#344,#373,#402,#431,#460,#489,
    #518,#547,#576,#605,#634,#663,#692,#721,#750,#779,#808,#837,#866,
    #895,#924,#953,#982,#1011,#1040,#1069,#1098,#1127,#1156,#1185,#1214,
    #1243,#1272,#1301,#1330,#1359,#1388,#1417,#1446,#1475,#1504,#1533,
    #1562,#1591));
#289 = ORIENTED_EDGE('',*,*,#139,.F.);
#290 = ORIENTED_EDGE('',*,*,#109,.T.);
#291 = ORIENTED_EDGE('',*,*,#292,.F.);
#292 = EDGE_CURVE('',#293,#84,#295,.T.);
#293 = VERTEX_POINT('',#294);
#294 = CARTESIAN_POINT('',(11.5,-33.51399849227,442.99796237649));
#295 = SURFACE_CURVE('',#296,(#301,#308),.PCURVE_S1.);
#296 = CIRCLE('',#297,0.7);
#297 = AXIS2_PLACEMENT_3D('',#298,#299,#300);
#298 = CARTESIAN_POINT('',(11.5,-33.30666756339,442.32937140592));
#299 = DIRECTION('',(1.,0.,0.));
#300 = DIRECTION('',(0.,1.,0.));
#301 = PCURVE('',#124,#302);
#302 = DEFINITIONAL_REPRESENTATION('',(#303),#307);
#303 = CIRCLE('',#304,0.7);
#304 = AXIS2_PLACEMENT_2D('',#305,#306);
#305 = CARTESIAN_POINT('',(2.329371405923,-8.693332436602));
#306 = DIRECTION('',(0.,-1.));
#307 = ( GEOMETRIC_REPRESENTATION_CONTEXT(2) 
PARAMETRIC_REPRESENTATION_CONTEXT() REPRESENTATION_CONTEXT('2D SPACE',''
  ) );
#308 = PCURVE('',#98,#309);
#309 = DEFINITIONAL_REPRESENTATION('',(#310),#314);
#310 = LINE('',#311,#312);
#311 = CARTESIAN_POINT('',(-0.,0.));
#312 = VECTOR('',#313,1.);
#313 = DIRECTION('',(-1.,0.));
#314 = ( GEOMETRIC_REPRESENTATION_CONTEXT(2) 
PARAMETRIC_REPRESENTATION_CONTEXT() REPRESENTATION_CONTEXT('2D SPACE',''
  ) );
#315 = ORIENTED_EDGE('',*,*,#316,.T.);
#316 = EDGE_CURVE('',#293,#317,#319,.T.);
#317 = VERTEX_POINT('',#318);
#318 = CARTESIAN_POINT('',(11.5,-33.87961126256,443.88062968511));
#319 = SURFACE_CURVE('',#320,(#325,#332),.PCURVE_S1.);
#320 = CIRCLE('',#321,9.);
#321 = AXIS2_PLACEMENT_3D('',#322,#323,#324);
#322 = CARTESIAN_POINT('',(11.5,-42.,440.));
#323 = DIRECTION('',(1.,0.,0.));
#324 = DIRECTION('',(0.,1.,0.));
#325 = PCURVE('',#124,#326);
#326 = DEFINITIONAL_REPRESENTATION('',(#327),#331);
#327 = CIRCLE('',#328,9.);
#328 = AXIS2_PLACEMENT_2D('',#329,#330);
#329 = CARTESIAN_POINT('',(0.,7.105427357601E-15));
#330 = DIRECTION('',(0.,-1.));
#331 = ( GEOMETRIC_REPRESENTATION_CONTEXT(2) 
PARAMETRIC_REPRESENTATION_CONTEXT() REPRESENTATION_CONTEXT('2D SPACE',''
  ) );
#332 = PCURVE('',#333,#338);
#333 = CYLINDRICAL_SURFACE('',#334,9.);
#334 = AXIS2_PLACEMENT_3D('',#335,#336,#337);
#335 = CARTESIAN_POINT('',(11.5,-42.,440.));
#336 = DIRECTION('',(-1.,-0.,-0.));
#337 = DIRECTION('',(0.,1.,0.));
#338 = DEFINITIONAL_REPRESENTATION('',(#339),#343);
#339 = LINE('',#340,#341);
#340 = CARTESIAN_POINT('',(-0.,0.));
#341 = VECTOR('',#342,1.);
#342 = DIRECTION('',(-1.,0.));
#343 = ( GEOMETRIC_REPRESENTATION_CONTEXT(2) 
PARAMETRIC_REPRESENTATION_CONTEXT() REPRESENTATION_CONTEXT('2D SPACE',''
  ) );
#344 = ORIENTED_EDGE('',*,*,#345,.F.);
#345 = EDGE_CURVE('',#346,#317,#348,.T.);
#346 = VERTEX_POINT('',#347);
#347 = CARTESIAN_POINT('',(11.5,-34.57908174129,445.09214809266));
#348 = SURFACE_CURVE('',#349,(#354,#361),.PCURVE_S1.);
#349 = CIRCLE('',#350,0.7);
#350 = AXIS2_PLACEMENT_3D('',#351,#352,#353);
#351 = CARTESIAN_POINT('',(11.5,-34.20577136594,444.5));
#352 = DIRECTION('',(1.,0.,0.));
#353 = DIRECTION('',(0.,1.,0.));
#354 = PCURVE('',#124,#355);
#355 = DEFINITIONAL_REPRESENTATION('',(#356),#360);
#356 = CIRCLE('',#357,0.7);
#357 = AXIS2_PLACEMENT_2D('',#358,#359);
#358 = CARTESIAN_POINT('',(4.5,-7.79422863406));
#359 = DIRECTION('',(0.,-1.));
#360 = ( GEOMETRIC_REPRESENTATION_CONTEXT(2) 
PARAMETRIC_REPRESENTATION_CONTEXT() REPRESENTATION_CONTEXT('2D SPACE',''
  ) );
#361 = PCURVE('',#362,#367);
#362 = CYLINDRICAL_SURFACE('',#363,0.7);
#363 = AXIS2_PLACEMENT_3D('',#364,#365,#366);
#364 = CARTESIAN_POINT('',(11.5,-34.20577136594,444.5));
#365 = DIRECTION('',(-1.,-0.,-0.));
#366 = DIRECTION('',(0.,1.,0.));
#367 = DEFINITIONAL_REPRESENTATION('',(#368),#372);
#368 = LINE('',#369,#370);
#369 = CARTESIAN_POINT('',(-0.,0.));
#370 = VECTOR('',#371,1.);
#371 = DIRECTION('',(-1.,0.));
#372 = ( GEOMETRIC_REPRESENTATION_CONTEXT(2) 
PARAMETRIC_REPRESENTATION_CONTEXT() REPRESENTATION_CONTEXT('2D SPACE',''
  ) );
#373 = ORIENTED_EDGE('',*,*,#374,.T.);
#374 = EDGE_CURVE('',#346,#375,#377,.T.);
#375 = VERTEX_POINT('',#376);
#376 = CARTESIAN_POINT('',(11.5,-35.1606876685,445.85011169399));
#377 = SURFACE_CURVE('',#378,(#383,#390),.PCURVE_S1.);
#378 = CIRCLE('',#379,9.);
#379 = AXIS2_PLACEMENT_3D('',#380,#381,#382);
#380 = CARTESIAN_POINT('',(11.5,-42.,440.));
#381 = DIRECTION('',(1.,0.,0.));
#382 = DIRECTION('',(0.,1.,0.));
#383 = PCURVE('',#124,#384);
#384 = DEFINITIONAL_REPRESENTATION('',(#385),#389);
#385 = CIRCLE('',#386,9.);
#386 = AXIS2_PLACEMENT_2D('',#387,#388);
#387 = CARTESIAN_POINT('',(0.,7.105427357601E-15));
#388 = DIRECTION('',(0.,-1.));
#389 = ( GEOMETRIC_REPRESENTATION_CONTEXT(2) 
PARAMETRIC_REPRESENTATION_CONTEXT() REPRESENTATION_CONTEXT('2D SPACE',''
  ) );
#390 = PCURVE('',#391,#396);
#391 = CYLINDRICAL_SURFACE('',#392,9.);
#392 = AXIS2_PLACEMENT_3D('',#393,#394,#395);
#393 = CARTESIAN_POINT('',(11.5,-42.,440.));
#394 = DIRECTION('',(-1.,-0.,-0.));
#395 = DIRECTION('',(0.,1.,0.));
#396 = DEFINITIONAL_REPRESENTATION('',(#397),#401);
#397 = LINE('',#398,#399);
#398 = CARTESIAN_POINT('',(-0.,0.));
#399 = VECTOR('',#400,1.);
#400 = DIRECTION('',(-1.,0.));
#401 = ( GEOMETRIC_REPRESENTATION_CONTEXT(2) 
PARAMETRIC_REPRESENTATION_CONTEXT() REPRESENTATION_CONTEXT('2D SPACE',''
  ) );
#402 = ORIENTED_EDGE('',*,*,#403,.F.);
#403 = EDGE_CURVE('',#404,#375,#406,.T.);
#404 = VERTEX_POINT('',#405);
#405 = CARTESIAN_POINT('',(11.5,-36.149888306,446.83931233149));
#406 = SURFACE_CURVE('',#407,(#412,#419),.PCURVE_S1.);
#407 = CIRCLE('',#408,0.7);
#408 = AXIS2_PLACEMENT_3D('',#409,#410,#411);
#409 = CARTESIAN_POINT('',(11.5,-35.63603896932,446.36396103067));
#410 = DIRECTION('',(1.,0.,0.));
#411 = DIRECTION('',(0.,1.,0.));
#412 = PCURVE('',#124,#413);
#413 = DEFINITIONAL_REPRESENTATION('',(#414),#418);
#414 = CIRCLE('',#415,0.7);
#415 = AXIS2_PLACEMENT_2D('',#416,#417);
#416 = CARTESIAN_POINT('',(6.363961030679,-6.363961030679));
#417 = DIRECTION('',(0.,-1.));
#418 = ( GEOMETRIC_REPRESENTATION_CONTEXT(2) 
PARAMETRIC_REPRESENTATION_CONTEXT() REPRESENTATION_CONTEXT('2D SPACE',''
  ) );
#419 = PCURVE('',#420,#425);
#420 = CYLINDRICAL_SURFACE('',#421,0.7);
#421 = AXIS2_PLACEMENT_3D('',#422,#423,#424);
#422 = CARTESIAN_POINT('',(11.5,-35.63603896932,446.36396103067));
#423 = DIRECTION('',(-1.,-0.,-0.));
#424 = DIRECTION('',(0.,1.,0.));
#425 = DEFINITIONAL_REPRESENTATION('',(#426),#430);
#426 = LINE('',#427,#428);
#427 = CARTESIAN_POINT('',(-0.,0.));
#428 = VECTOR('',#429,1.);
#429 = DIRECTION('',(-1.,0.));
#430 = ( GEOMETRIC_REPRESENTATION_CONTEXT(2) 
PARAMETRIC_REPRESENTATION_CONTEXT() REPRESENTATION_CONTEXT('2D SPACE',''
  ) );
#431 = ORIENTED_EDGE('',*,*,#432,.T.);
#432 = EDGE_CURVE('',#404,#433,#435,.T.);
#433 = VERTEX_POINT('',#434);
#434 = CARTESIAN_POINT('',(11.5,-36.90785190733,447.4209182587));
#435 = SURFACE_CURVE('',#436,(#441,#448),.PCURVE_S1.);
#436 = CIRCLE('',#437,9.);
#437 = AXIS2_PLACEMENT_3D('',#438,#439,#440);
#438 = CARTESIAN_POINT('',(11.5,-42.,440.));
#439 = DIRECTION('',(1.,0.,0.));
#440 = DIRECTION('',(0.,1.,0.));
#441 = PCURVE('',#124,#442);
#442 = DEFINITIONAL_REPRESENTATION('',(#443),#447);
#443 = CIRCLE('',#444,9.);
#444 = AXIS2_PLACEMENT_2D('',#445,#446);
#445 = CARTESIAN_POINT('',(0.,7.105427357601E-15));
#446 = DIRECTION('',(0.,-1.));
#447 = ( GEOMETRIC_REPRESENTATION_CONTEXT(2) 
PARAMETRIC_REPRESENTATION_CONTEXT() REPRESENTATION_CONTEXT('2D SPACE',''
  ) );
#448 = PCURVE('',#449,#454);
#449 = CYLINDRICAL_SURFACE('',#450,9.);
#450 = AXIS2_PLACEMENT_3D('',#451,#452,#453);
#451 = CARTESIAN_POINT('',(11.5,-42.,440.));
#452 = DIRECTION('',(-1.,-0.,-0.));
#453 = DIRECTION('',(0.,1.,0.));
#454 = DEFINITIONAL_REPRESENTATION('',(#455),#459);
#455 = LINE('',#456,#457);
#456 = CARTESIAN_POINT('',(-0.,0.));
#457 = VECTOR('',#458,1.);
#458 = DIRECTION('',(-1.,0.));
#459 = ( GEOMETRIC_REPRESENTATION_CONTEXT(2) 
PARAMETRIC_REPRESENTATION_CONTEXT() REPRESENTATION_CONTEXT('2D SPACE',''
  ) );
#460 = ORIENTED_EDGE('',*,*,#461,.F.);
#461 = EDGE_CURVE('',#462,#433,#464,.T.);
#462 = VERTEX_POINT('',#463);
#463 = CARTESIAN_POINT('',(11.5,-38.11937031489,448.12038873743));
#464 = SURFACE_CURVE('',#465,(#470,#477),.PCURVE_S1.);
#465 = CIRCLE('',#466,0.7);
#466 = AXIS2_PLACEMENT_3D('',#467,#468,#469);
#467 = CARTESIAN_POINT('',(11.5,-37.5,447.79422863406));
#468 = DIRECTION('',(1.,0.,0.));
#469 = DIRECTION('',(0.,1.,0.));
#470 = PCURVE('',#124,#471);
#471 = DEFINITIONAL_REPRESENTATION('',(#472),#476);
#472 = CIRCLE('',#473,0.7);
#473 = AXIS2_PLACEMENT_2D('',#474,#475);
#474 = CARTESIAN_POINT('',(7.79422863406,-4.5));
#475 = DIRECTION('',(0.,-1.));
#476 = ( GEOMETRIC_REPRESENTATION_CONTEXT(2) 
PARAMETRIC_REPRESENTATION_CONTEXT() REPRESENTATION_CONTEXT('2D SPACE',''
  ) );
#477 = PCURVE('',#478,#483);
#478 = CYLINDRICAL_SURFACE('',#479,0.7);
#479 = AXIS2_PLACEMENT_3D('',#480,#481,#482);
#480 = CARTESIAN_POINT('',(11.5,-37.5,447.79422863406));
#481 = DIRECTION('',(-1.,-0.,-0.));
#482 = DIRECTION('',(0.,1.,0.));
#483 = DEFINITIONAL_REPRESENTATION('',(#484),#488);
#484 = LINE('',#485,#486);
#485 = CARTESIAN_POINT('',(-0.,0.));
#486 = VECTOR('',#487,1.);
#487 = DIRECTION('',(-1.,0.));
#488 = ( GEOMETRIC_REPRESENTATION_CONTEXT(2) 
PARAMETRIC_REPRESENTATION_CONTEXT() REPRESENTATION_CONTEXT('2D SPACE',''
  ) );
#489 = ORIENTED_EDGE('',*,*,#490,.T.);
#490 = EDGE_CURVE('',#462,#491,#493,.T.);
#491 = VERTEX_POINT('',#492);
#492 = CARTESIAN_POINT('',(11.5,-39.0020376235,448.48600150772));
#493 = SURFACE_CURVE('',#494,(#499,#506),.PCURVE_S1.);
#494 = CIRCLE('',#495,9.);
#495 = AXIS2_PLACEMENT_3D('',#496,#497,#498);
#496 = CARTESIAN_POINT('',(11.5,-42.,440.));
#497 = DIRECTION('',(1.,0.,0.));
#498 = DIRECTION('',(0.,1.,0.));
#499 = PCURVE('',#124,#500);
#500 = DEFINITIONAL_REPRESENTATION('',(#501),#505);
#501 = CIRCLE('',#502,9.);
#502 = AXIS2_PLACEMENT_2D('',#503,#504);
#503 = CARTESIAN_POINT('',(0.,7.105427357601E-15));
#504 = DIRECTION('',(0.,-1.));
#505 = ( GEOMETRIC_REPRESENTATION_CONTEXT(2) 
PARAMETRIC_REPRESENTATION_CONTEXT() REPRESENTATION_CONTEXT('2D SPACE',''
  ) );
#506 = PCURVE('',#507,#512);
#507 = CYLINDRICAL_SURFACE('',#508,9.);
#508 = AXIS2_PLACEMENT_3D('',#509,#510,#511);
#509 = CARTESIAN_POINT('',(11.5,-42.,440.));
#510 = DIRECTION('',(-1.,-0.,-0.));
#511 = DIRECTION('',(0.,1.,0.));
#512 = DEFINITIONAL_REPRESENTATION('',(#513),#517);
#513 = LINE('',#514,#515);
#514 = CARTESIAN_POINT('',(-0.,0.));
#515 = VECTOR('',#516,1.);
#516 = DIRECTION('',(-1.,0.));
#517 = ( GEOMETRIC_REPRESENTATION_CONTEXT(2) 
PARAMETRIC_REPRESENTATION_CONTEXT() REPRESENTATION_CONTEXT('2D SPACE',''
  ) );
#518 = ORIENTED_EDGE('',*,*,#519,.F.);
#519 = EDGE_CURVE('',#520,#491,#522,.T.);
#520 = VERTEX_POINT('',#521);
#521 = CARTESIAN_POINT('',(11.5,-40.35331082377,448.84807407049));
#522 = SURFACE_CURVE('',#523,(#528,#535),.PCURVE_S1.);
#523 = CIRCLE('',#524,0.7);
#524 = AXIS2_PLACEMENT_3D('',#525,#526,#527);
#525 = CARTESIAN_POINT('',(11.5,-39.67062859407,448.6933324366));
#526 = DIRECTION('',(1.,0.,0.));
#527 = DIRECTION('',(0.,1.,0.));
#528 = PCURVE('',#124,#529);
#529 = DEFINITIONAL_REPRESENTATION('',(#530),#534);
#530 = CIRCLE('',#531,0.7);
#531 = AXIS2_PLACEMENT_2D('',#532,#533);
#532 = CARTESIAN_POINT('',(8.693332436602,-2.329371405923));
#533 = DIRECTION('',(0.,-1.));
#534 = ( GEOMETRIC_REPRESENTATION_CONTEXT(2) 
PARAMETRIC_REPRESENTATION_CONTEXT() REPRESENTATION_CONTEXT('2D SPACE',''
  ) );
#535 = PCURVE('',#536,#541);
#536 = CYLINDRICAL_SURFACE('',#537,0.7);
#537 = AXIS2_PLACEMENT_3D('',#538,#539,#540);
#538 = CARTESIAN_POINT('',(11.5,-39.67062859407,448.6933324366));
#539 = DIRECTION('',(-1.,-0.,-0.));
#540 = DIRECTION('',(0.,1.,0.));
#541 = DEFINITIONAL_REPRESENTATION('',(#542),#546);
#542 = LINE('',#543,#544);
#543 = CARTESIAN_POINT('',(-0.,0.));
#544 = VECTOR('',#545,1.);
#545 = DIRECTION('',(-1.,0.));
#546 = ( GEOMETRIC_REPRESENTATION_CONTEXT(2) 
PARAMETRIC_REPRESENTATION_CONTEXT() REPRESENTATION_CONTEXT('2D SPACE',''
  ) );
#547 = ORIENTED_EDGE('',*,*,#548,.T.);
#548 = EDGE_CURVE('',#520,#549,#551,.T.);
#549 = VERTEX_POINT('',#550);
#550 = CARTESIAN_POINT('',(11.5,-41.30052952126,448.97277777777));
#551 = SURFACE_CURVE('',#552,(#557,#564),.PCURVE_S1.);
#552 = CIRCLE('',#553,9.);
#553 = AXIS2_PLACEMENT_3D('',#554,#555,#556);
#554 = CARTESIAN_POINT('',(11.5,-42.,440.));
#555 = DIRECTION('',(1.,0.,0.));
#556 = DIRECTION('',(0.,1.,0.));
#557 = PCURVE('',#124,#558);
#558 = DEFINITIONAL_REPRESENTATION('',(#559),#563);
#559 = CIRCLE('',#560,9.);
#560 = AXIS2_PLACEMENT_2D('',#561,#562);
#561 = CARTESIAN_POINT('',(0.,7.105427357601E-15));
#562 = DIRECTION('',(0.,-1.));
#563 = ( GEOMETRIC_REPRESENTATION_CONTEXT(2) 
PARAMETRIC_REPRESENTATION_CONTEXT() REPRESENTATION_CONTEXT('2D SPACE',''
  ) );
#564 = PCURVE('',#565,#570);
#565 = CYLINDRICAL_SURFACE('',#566,9.);
#566 = AXIS2_PLACEMENT_3D('',#567,#568,#569);
#567 = CARTESIAN_POINT('',(11.5,-42.,440.));
#568 = DIRECTION('',(-1.,-0.,-0.));
#569 = DIRECTION('',(0.,1.,0.));
#570 = DEFINITIONAL_REPRESENTATION('',(#571),#575);
#571 = LINE('',#572,#573);
#572 = CARTESIAN_POINT('',(-0.,0.));
#573 = VECTOR('',#574,1.);
#574 = DIRECTION('',(-1.,0.));
#575 = ( GEOMETRIC_REPRESENTATION_CONTEXT(2) 
PARAMETRIC_REPRESENTATION_CONTEXT() REPRESENTATION_CONTEXT('2D SPACE',''
  ) );
#576 = ORIENTED_EDGE('',*,*,#577,.F.);
#577 = EDGE_CURVE('',#578,#549,#580,.T.);
#578 = VERTEX_POINT('',#579);
#579 = CARTESIAN_POINT('',(11.5,-42.69947047873,448.97277777777));
#580 = SURFACE_CURVE('',#581,(#586,#593),.PCURVE_S1.);
#581 = CIRCLE('',#582,0.7);
#582 = AXIS2_PLACEMENT_3D('',#583,#584,#585);
#583 = CARTESIAN_POINT('',(11.5,-42.,449.));
#584 = DIRECTION('',(1.,0.,0.));
#585 = DIRECTION('',(0.,1.,0.));
#586 = PCURVE('',#124,#587);
#587 = DEFINITIONAL_REPRESENTATION('',(#588),#592);
#588 = CIRCLE('',#589,0.7);
#589 = AXIS2_PLACEMENT_2D('',#590,#591);
#590 = CARTESIAN_POINT('',(9.,7.105427357601E-15));
#591 = DIRECTION('',(0.,-1.));
#592 = ( GEOMETRIC_REPRESENTATION_CONTEXT(2) 
PARAMETRIC_REPRESENTATION_CONTEXT() REPRESENTATION_CONTEXT('2D SPACE',''
  ) );
#593 = PCURVE('',#594,#599);
#594 = CYLINDRICAL_SURFACE('',#595,0.7);
#595 = AXIS2_PLACEMENT_3D('',#596,#597,#598);
#596 = CARTESIAN_POINT('',(11.5,-42.,449.));
#597 = DIRECTION('',(-1.,-0.,-0.));
#598 = DIRECTION('',(0.,1.,0.));
#599 = DEFINITIONAL_REPRESENTATION('',(#600),#604);
#600 = LINE('',#601,#602);
#601 = CARTESIAN_POINT('',(-0.,0.));
#602 = VECTOR('',#603,1.);
#603 = DIRECTION('',(-1.,0.));
#604 = ( GEOMETRIC_REPRESENTATION_CONTEXT(2) 
PARAMETRIC_REPRESENTATION_CONTEXT() REPRESENTATION_CONTEXT('2D SPACE',''
  ) );
#605 = ORIENTED_EDGE('',*,*,#606,.T.);
#606 = EDGE_CURVE('',#578,#607,#609,.T.);
#607 = VERTEX_POINT('',#608);
#608 = CARTESIAN_POINT('',(11.5,-43.64668917622,448.84807407049));
#609 = SURFACE_CURVE('',#610,(#615,#622),.PCURVE_S1.);
#610 = CIRCLE('',#611,9.);
#611 = AXIS2_PLACEMENT_3D('',#612,#613,#614);
#612 = CARTESIAN_POINT('',(11.5,-42.,440.));
#613 = DIRECTION('',(1.,0.,0.));
#614 = DIRECTION('',(0.,1.,0.));
#615 = PCURVE('',#124,#616);
#616 = DEFINITIONAL_REPRESENTATION('',(#617),#621);
#617 = CIRCLE('',#618,9.);
#618 = AXIS2_PLACEMENT_2D('',#619,#620);
#619 = CARTESIAN_POINT('',(0.,7.105427357601E-15));
#620 = DIRECTION('',(0.,-1.));
#621 = ( GEOMETRIC_REPRESENTATION_CONTEXT(2) 
PARAMETRIC_REPRESENTATION_CONTEXT() REPRESENTATION_CONTEXT('2D SPACE',''
  ) );
#622 = PCURVE('',#623,#628);
#623 = CYLINDRICAL_SURFACE('',#624,9.);
#624 = AXIS2_PLACEMENT_3D('',#625,#626,#627);
#625 = CARTESIAN_POINT('',(11.5,-42.,440.));
#626 = DIRECTION('',(-1.,-0.,-0.));
#627 = DIRECTION('',(0.,1.,0.));
#628 = DEFINITIONAL_REPRESENTATION('',(#629),#633);
#629 = LINE('',#630,#631);
#630 = CARTESIAN_POINT('',(-0.,0.));
#631 = VECTOR('',#632,1.);
#632 = DIRECTION('',(-1.,0.));
#633 = ( GEOMETRIC_REPRESENTATION_CONTEXT(2) 
PARAMETRIC_REPRESENTATION_CONTEXT() REPRESENTATION_CONTEXT('2D SPACE',''
  ) );
#634 = ORIENTED_EDGE('',*,*,#635,.F.);
#635 = EDGE_CURVE('',#636,#607,#638,.T.);
#636 = VERTEX_POINT('',#637);
#637 = CARTESIAN_POINT('',(11.5,-44.99796237649,448.48600150772));
#638 = SURFACE_CURVE('',#639,(#644,#651),.PCURVE_S1.);
#639 = CIRCLE('',#640,0.7);
#640 = AXIS2_PLACEMENT_3D('',#641,#642,#643);
#641 = CARTESIAN_POINT('',(11.5,-44.32937140592,448.6933324366));
#642 = DIRECTION('',(1.,0.,0.));
#643 = DIRECTION('',(0.,-0.955129957961,-0.296187041252));
#644 = PCURVE('',#124,#645);
#645 = DEFINITIONAL_REPRESENTATION('',(#646),#650);
#646 = CIRCLE('',#647,0.7);
#647 = AXIS2_PLACEMENT_2D('',#648,#649);
#648 = CARTESIAN_POINT('',(8.693332436602,2.329371405923));
#649 = DIRECTION('',(-0.296187041252,0.955129957961));
#650 = ( GEOMETRIC_REPRESENTATION_CONTEXT(2) 
PARAMETRIC_REPRESENTATION_CONTEXT() REPRESENTATION_CONTEXT('2D SPACE',''
  ) );
#651 = PCURVE('',#652,#657);
#652 = CYLINDRICAL_SURFACE('',#653,0.7);
#653 = AXIS2_PLACEMENT_3D('',#654,#655,#656);
#654 = CARTESIAN_POINT('',(11.5,-44.32937140592,448.6933324366));
#655 = DIRECTION('',(-1.,-0.,-0.));
#656 = DIRECTION('',(0.,1.,0.));
#657 = DEFINITIONAL_REPRESENTATION('',(#658),#662);
#658 = LINE('',#659,#660);
#659 = CARTESIAN_POINT('',(-3.442290739195,0.));
#660 = VECTOR('',#661,1.);
#661 = DIRECTION('',(-1.,0.));
#662 = ( GEOMETRIC_REPRESENTATION_CONTEXT(2) 
PARAMETRIC_REPRESENTATION_CONTEXT() REPRESENTATION_CONTEXT('2D SPACE',''
  ) );
#663 = ORIENTED_EDGE('',*,*,#664,.T.);
#664 = EDGE_CURVE('',#636,#665,#667,.T.);
#665 = VERTEX_POINT('',#666);
#666 = CARTESIAN_POINT('',(11.5,-45.88062968511,448.12038873743));
#667 = SURFACE_CURVE('',#668,(#673,#680),.PCURVE_S1.);
#668 = CIRCLE('',#669,9.);
#669 = AXIS2_PLACEMENT_3D('',#670,#671,#672);
#670 = CARTESIAN_POINT('',(11.5,-42.,440.));
#671 = DIRECTION('',(1.,0.,0.));
#672 = DIRECTION('',(0.,1.,0.));
#673 = PCURVE('',#124,#674);
#674 = DEFINITIONAL_REPRESENTATION('',(#675),#679);
#675 = CIRCLE('',#676,9.);
#676 = AXIS2_PLACEMENT_2D('',#677,#678);
#677 = CARTESIAN_POINT('',(0.,7.105427357601E-15));
#678 = DIRECTION('',(0.,-1.));
#679 = ( GEOMETRIC_REPRESENTATION_CONTEXT(2) 
PARAMETRIC_REPRESENTATION_CONTEXT() REPRESENTATION_CONTEXT('2D SPACE',''
  ) );
#680 = PCURVE('',#681,#686);
#681 = CYLINDRICAL_SURFACE('',#682,9.);
#682 = AXIS2_PLACEMENT_3D('',#683,#684,#685);
#683 = CARTESIAN_POINT('',(11.5,-42.,440.));
#684 = DIRECTION('',(-1.,-0.,-0.));
#685 = DIRECTION('',(0.,1.,0.));
#686 = DEFINITIONAL_REPRESENTATION('',(#687),#691);
#687 = LINE('',#688,#689);
#688 = CARTESIAN_POINT('',(-0.,0.));
#689 = VECTOR('',#690,1.);
#690 = DIRECTION('',(-1.,0.));
#691 = ( GEOMETRIC_REPRESENTATION_CONTEXT(2) 
PARAMETRIC_REPRESENTATION_CONTEXT() REPRESENTATION_CONTEXT('2D SPACE',''
  ) );
#692 = ORIENTED_EDGE('',*,*,#693,.F.);
#693 = EDGE_CURVE('',#694,#665,#696,.T.);
#694 = VERTEX_POINT('',#695);
#695 = CARTESIAN_POINT('',(11.5,-47.09214809266,447.4209182587));
#696 = SURFACE_CURVE('',#697,(#702,#709),.PCURVE_S1.);
#697 = CIRCLE('',#698,0.7);
#698 = AXIS2_PLACEMENT_3D('',#699,#700,#701);
#699 = CARTESIAN_POINT('',(11.5,-46.5,447.79422863406));
#700 = DIRECTION('',(1.,0.,0.));
#701 = DIRECTION('',(0.,-0.845925846668,-0.533300536225));
#702 = PCURVE('',#124,#703);
#703 = DEFINITIONAL_REPRESENTATION('',(#704),#708);
#704 = CIRCLE('',#705,0.7);
#705 = AXIS2_PLACEMENT_2D('',#706,#707);
#706 = CARTESIAN_POINT('',(7.79422863406,4.5));
#707 = DIRECTION('',(-0.533300536225,0.845925846668));
#708 = ( GEOMETRIC_REPRESENTATION_CONTEXT(2) 
PARAMETRIC_REPRESENTATION_CONTEXT() REPRESENTATION_CONTEXT('2D SPACE',''
  ) );
#709 = PCURVE('',#710,#715);
#710 = CYLINDRICAL_SURFACE('',#711,0.7);
#711 = AXIS2_PLACEMENT_3D('',#712,#713,#714);
#712 = CARTESIAN_POINT('',(11.5,-46.5,447.79422863406));
#713 = DIRECTION('',(-1.,-0.,-0.));
#714 = DIRECTION('',(0.,1.,0.));
#715 = DEFINITIONAL_REPRESENTATION('',(#716),#720);
#716 = LINE('',#717,#718);
#717 = CARTESIAN_POINT('',(-3.704090126994,0.));
#718 = VECTOR('',#719,1.);
#719 = DIRECTION('',(-1.,0.));
#720 = ( GEOMETRIC_REPRESENTATION_CONTEXT(2) 
PARAMETRIC_REPRESENTATION_CONTEXT() REPRESENTATION_CONTEXT('2D SPACE',''
  ) );
#721 = ORIENTED_EDGE('',*,*,#722,.T.);
#722 = EDGE_CURVE('',#694,#723,#725,.T.);
#723 = VERTEX_POINT('',#724);
#724 = CARTESIAN_POINT('',(11.5,-47.85011169399,446.83931233149));
#725 = SURFACE_CURVE('',#726,(#731,#738),.PCURVE_S1.);
#726 = CIRCLE('',#727,9.);
#727 = AXIS2_PLACEMENT_3D('',#728,#729,#730);
#728 = CARTESIAN_POINT('',(11.5,-42.,440.));
#729 = DIRECTION('',(1.,0.,0.));
#730 = DIRECTION('',(0.,1.,0.));
#731 = PCURVE('',#124,#732);
#732 = DEFINITIONAL_REPRESENTATION('',(#733),#737);
#733 = CIRCLE('',#734,9.);
#734 = AXIS2_PLACEMENT_2D('',#735,#736);
#735 = CARTESIAN_POINT('',(0.,7.105427357601E-15));
#736 = DIRECTION('',(0.,-1.));
#737 = ( GEOMETRIC_REPRESENTATION_CONTEXT(2) 
PARAMETRIC_REPRESENTATION_CONTEXT() REPRESENTATION_CONTEXT('2D SPACE',''
  ) );
#738 = PCURVE('',#739,#744);
#739 = CYLINDRICAL_SURFACE('',#740,9.);
#740 = AXIS2_PLACEMENT_3D('',#741,#742,#743);
#741 = CARTESIAN_POINT('',(11.5,-42.,440.));
#742 = DIRECTION('',(-1.,-0.,-0.));
#743 = DIRECTION('',(0.,1.,0.));
#744 = DEFINITIONAL_REPRESENTATION('',(#745),#749);
#745 = LINE('',#746,#747);
#746 = CARTESIAN_POINT('',(-0.,0.));
#747 = VECTOR('',#748,1.);
#748 = DIRECTION('',(-1.,0.));
#749 = ( GEOMETRIC_REPRESENTATION_CONTEXT(2) 
PARAMETRIC_REPRESENTATION_CONTEXT() REPRESENTATION_CONTEXT('2D SPACE',''
  ) );
#750 = ORIENTED_EDGE('',*,*,#751,.F.);
#751 = EDGE_CURVE('',#752,#723,#754,.T.);
#752 = VERTEX_POINT('',#753);
#753 = CARTESIAN_POINT('',(11.5,-48.83931233149,445.85011169399));
#754 = SURFACE_CURVE('',#755,(#760,#767),.PCURVE_S1.);
#755 = CIRCLE('',#756,0.7);
#756 = AXIS2_PLACEMENT_3D('',#757,#758,#759);
#757 = CARTESIAN_POINT('',(11.5,-48.36396103067,446.36396103067));
#758 = DIRECTION('',(1.,0.,0.));
#759 = DIRECTION('',(0.,-0.679073286884,-0.734070480976));
#760 = PCURVE('',#124,#761);
#761 = DEFINITIONAL_REPRESENTATION('',(#762),#766);
#762 = CIRCLE('',#763,0.7);
#763 = AXIS2_PLACEMENT_2D('',#764,#765);
#764 = CARTESIAN_POINT('',(6.363961030679,6.363961030679));
#765 = DIRECTION('',(-0.734070480976,0.679073286884));
#766 = ( GEOMETRIC_REPRESENTATION_CONTEXT(2) 
PARAMETRIC_REPRESENTATION_CONTEXT() REPRESENTATION_CONTEXT('2D SPACE',''
  ) );
#767 = PCURVE('',#768,#773);
#768 = CYLINDRICAL_SURFACE('',#769,0.7);
#769 = AXIS2_PLACEMENT_3D('',#770,#771,#772);
#770 = CARTESIAN_POINT('',(11.5,-48.36396103067,446.36396103067));
#771 = DIRECTION('',(-1.,-0.,-0.));
#772 = DIRECTION('',(0.,1.,0.));
#773 = DEFINITIONAL_REPRESENTATION('',(#774),#778);
#774 = LINE('',#775,#776);
#775 = CARTESIAN_POINT('',(-3.965889514794,0.));
#776 = VECTOR('',#777,1.);
#777 = DIRECTION('',(-1.,0.));
#778 = ( GEOMETRIC_REPRESENTATION_CONTEXT(2) 
PARAMETRIC_REPRESENTATION_CONTEXT() REPRESENTATION_CONTEXT('2D SPACE',''
  ) );
#779 = ORIENTED_EDGE('',*,*,#780,.T.);
#780 = EDGE_CURVE('',#752,#781,#783,.T.);
#781 = VERTEX_POINT('',#782);
#782 = CARTESIAN_POINT('',(11.5,-49.4209182587,445.09214809266));
#783 = SURFACE_CURVE('',#784,(#789,#796),.PCURVE_S1.);
#784 = CIRCLE('',#785,9.);
#785 = AXIS2_PLACEMENT_3D('',#786,#787,#788);
#786 = CARTESIAN_POINT('',(11.5,-42.,440.));
#787 = DIRECTION('',(1.,0.,0.));
#788 = DIRECTION('',(0.,1.,0.));
#789 = PCURVE('',#124,#790);
#790 = DEFINITIONAL_REPRESENTATION('',(#791),#795);
#791 = CIRCLE('',#792,9.);
#792 = AXIS2_PLACEMENT_2D('',#793,#794);
#793 = CARTESIAN_POINT('',(0.,7.105427357601E-15));
#794 = DIRECTION('',(0.,-1.));
#795 = ( GEOMETRIC_REPRESENTATION_CONTEXT(2) 
PARAMETRIC_REPRESENTATION_CONTEXT() REPRESENTATION_CONTEXT('2D SPACE',''
  ) );
#796 = PCURVE('',#797,#802);
#797 = CYLINDRICAL_SURFACE('',#798,9.);
#798 = AXIS2_PLACEMENT_3D('',#799,#800,#801);
#799 = CARTESIAN_POINT('',(11.5,-42.,440.));
#800 = DIRECTION('',(-1.,-0.,-0.));
#801 = DIRECTION('',(0.,1.,0.));
#802 = DEFINITIONAL_REPRESENTATION('',(#803),#807);
#803 = LINE('',#804,#805);
#804 = CARTESIAN_POINT('',(-0.,0.));
#805 = VECTOR('',#806,1.);
#806 = DIRECTION('',(-1.,0.));
#807 = ( GEOMETRIC_REPRESENTATION_CONTEXT(2) 
PARAMETRIC_REPRESENTATION_CONTEXT() REPRESENTATION_CONTEXT('2D SPACE',''
  ) );
#808 = ORIENTED_EDGE('',*,*,#809,.F.);
#809 = EDGE_CURVE('',#810,#781,#812,.T.);
#810 = VERTEX_POINT('',#811);
#811 = CARTESIAN_POINT('',(11.5,-50.12038873743,443.88062968511));
#812 = SURFACE_CURVE('',#813,(#818,#825),.PCURVE_S1.);
#813 = CIRCLE('',#814,0.7);
#814 = AXIS2_PLACEMENT_3D('',#815,#816,#817);
#815 = CARTESIAN_POINT('',(11.5,-49.79422863406,444.5));
#816 = DIRECTION('',(1.,0.,0.));
#817 = DIRECTION('',(0.,-0.46594300482,-0.884814735557));
#818 = PCURVE('',#124,#819);
#819 = DEFINITIONAL_REPRESENTATION('',(#820),#824);
#820 = CIRCLE('',#821,0.7);
#821 = AXIS2_PLACEMENT_2D('',#822,#823);
#822 = CARTESIAN_POINT('',(4.5,7.79422863406));
#823 = DIRECTION('',(-0.884814735557,0.46594300482));
#824 = ( GEOMETRIC_REPRESENTATION_CONTEXT(2) 
PARAMETRIC_REPRESENTATION_CONTEXT() REPRESENTATION_CONTEXT('2D SPACE',''
  ) );
#825 = PCURVE('',#826,#831);
#826 = CYLINDRICAL_SURFACE('',#827,0.7);
#827 = AXIS2_PLACEMENT_3D('',#828,#829,#830);
#828 = CARTESIAN_POINT('',(11.5,-49.79422863406,444.5));
#829 = DIRECTION('',(-1.,-0.,-0.));
#830 = DIRECTION('',(0.,1.,0.));
#831 = DEFINITIONAL_REPRESENTATION('',(#832),#836);
#832 = LINE('',#833,#834);
#833 = CARTESIAN_POINT('',(-4.227688902593,0.));
#834 = VECTOR('',#835,1.);
#835 = DIRECTION('',(-1.,0.));
#836 = ( GEOMETRIC_REPRESENTATION_CONTEXT(2) 
PARAMETRIC_REPRESENTATION_CONTEXT() REPRESENTATION_CONTEXT('2D SPACE',''
  ) );
#837 = ORIENTED_EDGE('',*,*,#838,.T.);
#838 = EDGE_CURVE('',#810,#839,#841,.T.);
#839 = VERTEX_POINT('',#840);
#840 = CARTESIAN_POINT('',(11.5,-50.48600150772,442.99796237649));
#841 = SURFACE_CURVE('',#842,(#847,#854),.PCURVE_S1.);
#842 = CIRCLE('',#843,9.);
#843 = AXIS2_PLACEMENT_3D('',#844,#845,#846);
#844 = CARTESIAN_POINT('',(11.5,-42.,440.));
#845 = DIRECTION('',(1.,0.,0.));
#846 = DIRECTION('',(0.,1.,0.));
#847 = PCURVE('',#124,#848);
#848 = DEFINITIONAL_REPRESENTATION('',(#849),#853);
#849 = CIRCLE('',#850,9.);
#850 = AXIS2_PLACEMENT_2D('',#851,#852);
#851 = CARTESIAN_POINT('',(0.,7.105427357601E-15));
#852 = DIRECTION('',(0.,-1.));
#853 = ( GEOMETRIC_REPRESENTATION_CONTEXT(2) 
PARAMETRIC_REPRESENTATION_CONTEXT() REPRESENTATION_CONTEXT('2D SPACE',''
  ) );
#854 = PCURVE('',#855,#860);
#855 = CYLINDRICAL_SURFACE('',#856,9.);
#856 = AXIS2_PLACEMENT_3D('',#857,#858,#859);
#857 = CARTESIAN_POINT('',(11.5,-42.,440.));
#858 = DIRECTION('',(-1.,-0.,-0.));
#859 = DIRECTION('',(0.,1.,0.));
#860 = DEFINITIONAL_REPRESENTATION('',(#861),#865);
#861 = LINE('',#862,#863);
#862 = CARTESIAN_POINT('',(-0.,0.));
#863 = VECTOR('',#864,1.);
#864 = DIRECTION('',(-1.,0.));
#865 = ( GEOMETRIC_REPRESENTATION_CONTEXT(2) 
PARAMETRIC_REPRESENTATION_CONTEXT() REPRESENTATION_CONTEXT('2D SPACE',''
  ) );
#866 = ORIENTED_EDGE('',*,*,#867,.F.);
#867 = EDGE_CURVE('',#868,#839,#870,.T.);
#868 = VERTEX_POINT('',#869);
#869 = CARTESIAN_POINT('',(11.5,-50.84807407049,441.64668917622));
#870 = SURFACE_CURVE('',#871,(#876,#883),.PCURVE_S1.);
#871 = CIRCLE('',#872,0.7);
#872 = AXIS2_PLACEMENT_3D('',#873,#874,#875);
#873 = CARTESIAN_POINT('',(11.5,-50.6933324366,442.32937140592));
#874 = DIRECTION('',(1.,0.,0.));
#875 = DIRECTION('',(0.,-0.221059476985,-0.975260328136));
#876 = PCURVE('',#124,#877);
#877 = DEFINITIONAL_REPRESENTATION('',(#878),#882);
#878 = CIRCLE('',#879,0.7);
#879 = AXIS2_PLACEMENT_2D('',#880,#881);
#880 = CARTESIAN_POINT('',(2.329371405923,8.693332436602));
#881 = DIRECTION('',(-0.975260328136,0.221059476985));
#882 = ( GEOMETRIC_REPRESENTATION_CONTEXT(2) 
PARAMETRIC_REPRESENTATION_CONTEXT() REPRESENTATION_CONTEXT('2D SPACE',''
  ) );
#883 = PCURVE('',#884,#889);
#884 = CYLINDRICAL_SURFACE('',#885,0.7);
#885 = AXIS2_PLACEMENT_3D('',#886,#887,#888);
#886 = CARTESIAN_POINT('',(11.5,-50.6933324366,442.32937140592));
#887 = DIRECTION('',(-1.,-0.,-0.));
#888 = DIRECTION('',(0.,1.,0.));
#889 = DEFINITIONAL_REPRESENTATION('',(#890),#894);
#890 = LINE('',#891,#892);
#891 = CARTESIAN_POINT('',(-4.489488290392,0.));
#892 = VECTOR('',#893,1.);
#893 = DIRECTION('',(-1.,0.));
#894 = ( GEOMETRIC_REPRESENTATION_CONTEXT(2) 
PARAMETRIC_REPRESENTATION_CONTEXT() REPRESENTATION_CONTEXT('2D SPACE',''
  ) );
#895 = ORIENTED_EDGE('',*,*,#896,.T.);
#896 = EDGE_CURVE('',#868,#897,#899,.T.);
#897 = VERTEX_POINT('',#898);
#898 = CARTESIAN_POINT('',(11.5,-50.97277777777,440.69947047873));
#899 = SURFACE_CURVE('',#900,(#905,#912),.PCURVE_S1.);
#900 = CIRCLE('',#901,9.);
#901 = AXIS2_PLACEMENT_3D('',#902,#903,#904);
#902 = CARTESIAN_POINT('',(11.5,-42.,440.));
#903 = DIRECTION('',(1.,0.,0.));
#904 = DIRECTION('',(0.,1.,0.));
#905 = PCURVE('',#124,#906);
#906 = DEFINITIONAL_REPRESENTATION('',(#907),#911);
#907 = CIRCLE('',#908,9.);
#908 = AXIS2_PLACEMENT_2D('',#909,#910);
#909 = CARTESIAN_POINT('',(0.,7.105427357601E-15));
#910 = DIRECTION('',(0.,-1.));
#911 = ( GEOMETRIC_REPRESENTATION_CONTEXT(2) 
PARAMETRIC_REPRESENTATION_CONTEXT() REPRESENTATION_CONTEXT('2D SPACE',''
  ) );
#912 = PCURVE('',#913,#918);
#913 = CYLINDRICAL_SURFACE('',#914,9.);
#914 = AXIS2_PLACEMENT_3D('',#915,#916,#917);
#915 = CARTESIAN_POINT('',(11.5,-42.,440.));
#916 = DIRECTION('',(-1.,-0.,-0.));
#917 = DIRECTION('',(0.,1.,0.));
#918 = DEFINITIONAL_REPRESENTATION('',(#919),#923);
#919 = LINE('',#920,#921);
#920 = CARTESIAN_POINT('',(-0.,0.));
#921 = VECTOR('',#922,1.);
#922 = DIRECTION('',(-1.,0.));
#923 = ( GEOMETRIC_REPRESENTATION_CONTEXT(2) 
PARAMETRIC_REPRESENTATION_CONTEXT() REPRESENTATION_CONTEXT('2D SPACE',''
  ) );
#924 = ORIENTED_EDGE('',*,*,#925,.F.);
#925 = EDGE_CURVE('',#926,#897,#928,.T.);
#926 = VERTEX_POINT('',#927);
#927 = CARTESIAN_POINT('',(11.5,-50.97277777777,439.30052952126));
#928 = SURFACE_CURVE('',#929,(#934,#941),.PCURVE_S1.);
#929 = CIRCLE('',#930,0.7);
#930 = AXIS2_PLACEMENT_3D('',#931,#932,#933);
#931 = CARTESIAN_POINT('',(11.5,-51.,440.));
#932 = DIRECTION('',(1.,-0.,0.));
#933 = DIRECTION('',(0.,3.888888888889E-02,-0.999243541045));
#934 = PCURVE('',#124,#935);
#935 = DEFINITIONAL_REPRESENTATION('',(#936),#940);
#936 = CIRCLE('',#937,0.7);
#937 = AXIS2_PLACEMENT_2D('',#938,#939);
#938 = CARTESIAN_POINT('',(0.,9.));
#939 = DIRECTION('',(-0.999243541045,-3.888888888889E-02));
#940 = ( GEOMETRIC_REPRESENTATION_CONTEXT(2) 
PARAMETRIC_REPRESENTATION_CONTEXT() REPRESENTATION_CONTEXT('2D SPACE',''
  ) );
#941 = PCURVE('',#942,#947);
#942 = CYLINDRICAL_SURFACE('',#943,0.7);
#943 = AXIS2_PLACEMENT_3D('',#944,#945,#946);
#944 = CARTESIAN_POINT('',(11.5,-51.,440.));
#945 = DIRECTION('',(-1.,-0.,-0.));
#946 = DIRECTION('',(0.,1.,0.));
#947 = DEFINITIONAL_REPRESENTATION('',(#948),#952);
#948 = LINE('',#949,#950);
#949 = CARTESIAN_POINT('',(-4.751287678191,0.));
#950 = VECTOR('',#951,1.);
#951 = DIRECTION('',(-1.,0.));
#952 = ( GEOMETRIC_REPRESENTATION_CONTEXT(2) 
PARAMETRIC_REPRESENTATION_CONTEXT() REPRESENTATION_CONTEXT('2D SPACE',''
  ) );
#953 = ORIENTED_EDGE('',*,*,#954,.T.);
#954 = EDGE_CURVE('',#926,#955,#957,.T.);
#955 = VERTEX_POINT('',#956);
#956 = CARTESIAN_POINT('',(11.5,-50.84807407049,438.35331082377));
#957 = SURFACE_CURVE('',#958,(#963,#970),.PCURVE_S1.);
#958 = CIRCLE('',#959,9.);
#959 = AXIS2_PLACEMENT_3D('',#960,#961,#962);
#960 = CARTESIAN_POINT('',(11.5,-42.,440.));
#961 = DIRECTION('',(1.,0.,0.));
#962 = DIRECTION('',(0.,1.,0.));
#963 = PCURVE('',#124,#964);
#964 = DEFINITIONAL_REPRESENTATION('',(#965),#969);
#965 = CIRCLE('',#966,9.);
#966 = AXIS2_PLACEMENT_2D('',#967,#968);
#967 = CARTESIAN_POINT('',(0.,7.105427357601E-15));
#968 = DIRECTION('',(0.,-1.));
#969 = ( GEOMETRIC_REPRESENTATION_CONTEXT(2) 
PARAMETRIC_REPRESENTATION_CONTEXT() REPRESENTATION_CONTEXT('2D SPACE',''
  ) );
#970 = PCURVE('',#971,#976);
#971 = CYLINDRICAL_SURFACE('',#972,9.);
#972 = AXIS2_PLACEMENT_3D('',#973,#974,#975);
#973 = CARTESIAN_POINT('',(11.5,-42.,440.));
#974 = DIRECTION('',(-1.,-0.,-0.));
#975 = DIRECTION('',(0.,1.,0.));
#976 = DEFINITIONAL_REPRESENTATION('',(#977),#981);
#977 = LINE('',#978,#979);
#978 = CARTESIAN_POINT('',(-0.,0.));
#979 = VECTOR('',#980,1.);
#980 = DIRECTION('',(-1.,0.));
#981 = ( GEOMETRIC_REPRESENTATION_CONTEXT(2) 
PARAMETRIC_REPRESENTATION_CONTEXT() REPRESENTATION_CONTEXT('2D SPACE',''
  ) );
#982 = ORIENTED_EDGE('',*,*,#983,.F.);
#983 = EDGE_CURVE('',#984,#955,#986,.T.);
#984 = VERTEX_POINT('',#985);
#985 = CARTESIAN_POINT('',(11.5,-50.48600150772,437.0020376235));
#986 = SURFACE_CURVE('',#987,(#992,#999),.PCURVE_S1.);
#987 = CIRCLE('',#988,0.7);
#988 = AXIS2_PLACEMENT_3D('',#989,#990,#991);
#989 = CARTESIAN_POINT('',(11.5,-50.6933324366,437.67062859407));
#990 = DIRECTION('',(1.,-0.,0.));
#991 = DIRECTION('',(0.,0.296187041252,-0.955129957961));
#992 = PCURVE('',#124,#993);
#993 = DEFINITIONAL_REPRESENTATION('',(#994),#998);
#994 = CIRCLE('',#995,0.7);
#995 = AXIS2_PLACEMENT_2D('',#996,#997);
#996 = CARTESIAN_POINT('',(-2.329371405923,8.693332436602));
#997 = DIRECTION('',(-0.955129957961,-0.296187041252));
#998 = ( GEOMETRIC_REPRESENTATION_CONTEXT(2) 
PARAMETRIC_REPRESENTATION_CONTEXT() REPRESENTATION_CONTEXT('2D SPACE',''
  ) );
#999 = PCURVE('',#1000,#1005);
#1000 = CYLINDRICAL_SURFACE('',#1001,0.7);
#1001 = AXIS2_PLACEMENT_3D('',#1002,#1003,#1004);
#1002 = CARTESIAN_POINT('',(11.5,-50.6933324366,437.67062859407));
#1003 = DIRECTION('',(-1.,-0.,-0.));
#1004 = DIRECTION('',(0.,1.,0.));
#1005 = DEFINITIONAL_REPRESENTATION('',(#1006),#1010);
#1006 = LINE('',#1007,#1008);
#1007 = CARTESIAN_POINT('',(-5.01308706599,0.));
#1008 = VECTOR('',#1009,1.);
#1009 = DIRECTION('',(-1.,0.));
#1010 = ( GEOMETRIC_REPRESENTATION_CONTEXT(2) 
PARAMETRIC_REPRESENTATION_CONTEXT() REPRESENTATION_CONTEXT('2D SPACE',''
  ) );
#1011 = ORIENTED_EDGE('',*,*,#1012,.T.);
#1012 = EDGE_CURVE('',#984,#1013,#1015,.T.);
#1013 = VERTEX_POINT('',#1014);
#1014 = CARTESIAN_POINT('',(11.5,-50.12038873743,436.11937031489));
#1015 = SURFACE_CURVE('',#1016,(#1021,#1028),.PCURVE_S1.);
#1016 = CIRCLE('',#1017,9.);
#1017 = AXIS2_PLACEMENT_3D('',#1018,#1019,#1020);
#1018 = CARTESIAN_POINT('',(11.5,-42.,440.));
#1019 = DIRECTION('',(1.,0.,0.));
#1020 = DIRECTION('',(0.,1.,0.));
#1021 = PCURVE('',#124,#1022);
#1022 = DEFINITIONAL_REPRESENTATION('',(#1023),#1027);
#1023 = CIRCLE('',#1024,9.);
#1024 = AXIS2_PLACEMENT_2D('',#1025,#1026);
#1025 = CARTESIAN_POINT('',(0.,7.105427357601E-15));
#1026 = DIRECTION('',(0.,-1.));
#1027 = ( GEOMETRIC_REPRESENTATION_CONTEXT(2) 
PARAMETRIC_REPRESENTATION_CONTEXT() REPRESENTATION_CONTEXT('2D SPACE',''
  ) );
#1028 = PCURVE('',#1029,#1034);
#1029 = CYLINDRICAL_SURFACE('',#1030,9.);
#1030 = AXIS2_PLACEMENT_3D('',#1031,#1032,#1033);
#1031 = CARTESIAN_POINT('',(11.5,-42.,440.));
#1032 = DIRECTION('',(-1.,-0.,-0.));
#1033 = DIRECTION('',(0.,1.,0.));
#1034 = DEFINITIONAL_REPRESENTATION('',(#1035),#1039);
#1035 = LINE('',#1036,#1037);
#1036 = CARTESIAN_POINT('',(-0.,0.));
#1037 = VECTOR('',#1038,1.);
#1038 = DIRECTION('',(-1.,0.));
#1039 = ( GEOMETRIC_REPRESENTATION_CONTEXT(2) 
PARAMETRIC_REPRESENTATION_CONTEXT() REPRESENTATION_CONTEXT('2D SPACE',''
  ) );
#1040 = ORIENTED_EDGE('',*,*,#1041,.F.);
#1041 = EDGE_CURVE('',#1042,#1013,#1044,.T.);
#1042 = VERTEX_POINT('',#1043);
#1043 = CARTESIAN_POINT('',(11.5,-49.4209182587,434.90785190733));
#1044 = SURFACE_CURVE('',#1045,(#1050,#1057),.PCURVE_S1.);
#1045 = CIRCLE('',#1046,0.7);
#1046 = AXIS2_PLACEMENT_3D('',#1047,#1048,#1049);
#1047 = CARTESIAN_POINT('',(11.5,-49.79422863406,435.5));
#1048 = DIRECTION('',(1.,-0.,0.));
#1049 = DIRECTION('',(0.,0.533300536225,-0.845925846668));
#1050 = PCURVE('',#124,#1051);
#1051 = DEFINITIONAL_REPRESENTATION('',(#1052),#1056);
#1052 = CIRCLE('',#1053,0.7);
#1053 = AXIS2_PLACEMENT_2D('',#1054,#1055);
#1054 = CARTESIAN_POINT('',(-4.5,7.79422863406));
#1055 = DIRECTION('',(-0.845925846668,-0.533300536225));
#1056 = ( GEOMETRIC_REPRESENTATION_CONTEXT(2) 
PARAMETRIC_REPRESENTATION_CONTEXT() REPRESENTATION_CONTEXT('2D SPACE',''
  ) );
#1057 = PCURVE('',#1058,#1063);
#1058 = CYLINDRICAL_SURFACE('',#1059,0.7);
#1059 = AXIS2_PLACEMENT_3D('',#1060,#1061,#1062);
#1060 = CARTESIAN_POINT('',(11.5,-49.79422863406,435.5));
#1061 = DIRECTION('',(-1.,-0.,-0.));
#1062 = DIRECTION('',(0.,1.,0.));
#1063 = DEFINITIONAL_REPRESENTATION('',(#1064),#1068);
#1064 = LINE('',#1065,#1066);
#1065 = CARTESIAN_POINT('',(-5.274886453789,0.));
#1066 = VECTOR('',#1067,1.);
#1067 = DIRECTION('',(-1.,0.));
#1068 = ( GEOMETRIC_REPRESENTATION_CONTEXT(2) 
PARAMETRIC_REPRESENTATION_CONTEXT() REPRESENTATION_CONTEXT('2D SPACE',''
  ) );
#1069 = ORIENTED_EDGE('',*,*,#1070,.T.);
#1070 = EDGE_CURVE('',#1042,#1071,#1073,.T.);
#1071 = VERTEX_POINT('',#1072);
#1072 = CARTESIAN_POINT('',(11.5,-48.83931233149,434.149888306));
#1073 = SURFACE_CURVE('',#1074,(#1079,#1086),.PCURVE_S1.);
#1074 = CIRCLE('',#1075,9.);
#1075 = AXIS2_PLACEMENT_3D('',#1076,#1077,#1078);
#1076 = CARTESIAN_POINT('',(11.5,-42.,440.));
#1077 = DIRECTION('',(1.,0.,0.));
#1078 = DIRECTION('',(0.,1.,0.));
#1079 = PCURVE('',#124,#1080);
#1080 = DEFINITIONAL_REPRESENTATION('',(#1081),#1085);
#1081 = CIRCLE('',#1082,9.);
#1082 = AXIS2_PLACEMENT_2D('',#1083,#1084);
#1083 = CARTESIAN_POINT('',(0.,7.105427357601E-15));
#1084 = DIRECTION('',(0.,-1.));
#1085 = ( GEOMETRIC_REPRESENTATION_CONTEXT(2) 
PARAMETRIC_REPRESENTATION_CONTEXT() REPRESENTATION_CONTEXT('2D SPACE',''
  ) );
#1086 = PCURVE('',#1087,#1092);
#1087 = CYLINDRICAL_SURFACE('',#1088,9.);
#1088 = AXIS2_PLACEMENT_3D('',#1089,#1090,#1091);
#1089 = CARTESIAN_POINT('',(11.5,-42.,440.));
#1090 = DIRECTION('',(-1.,-0.,-0.));
#1091 = DIRECTION('',(0.,1.,0.));
#1092 = DEFINITIONAL_REPRESENTATION('',(#1093),#1097);
#1093 = LINE('',#1094,#1095);
#1094 = CARTESIAN_POINT('',(-0.,0.));
#1095 = VECTOR('',#1096,1.);
#1096 = DIRECTION('',(-1.,0.));
#1097 = ( GEOMETRIC_REPRESENTATION_CONTEXT(2) 
PARAMETRIC_REPRESENTATION_CONTEXT() REPRESENTATION_CONTEXT('2D SPACE',''
  ) );
#1098 = ORIENTED_EDGE('',*,*,#1099,.F.);
#1099 = EDGE_CURVE('',#1100,#1071,#1102,.T.);
#1100 = VERTEX_POINT('',#1101);
#1101 = CARTESIAN_POINT('',(11.5,-47.85011169399,433.1606876685));
#1102 = SURFACE_CURVE('',#1103,(#1108,#1115),.PCURVE_S1.);
#1103 = CIRCLE('',#1104,0.7);
#1104 = AXIS2_PLACEMENT_3D('',#1105,#1106,#1107);
#1105 = CARTESIAN_POINT('',(11.5,-48.36396103067,433.63603896932));
#1106 = DIRECTION('',(1.,-0.,0.));
#1107 = DIRECTION('',(0.,0.734070480976,-0.679073286884));
#1108 = PCURVE('',#124,#1109);
#1109 = DEFINITIONAL_REPRESENTATION('',(#1110),#1114);
#1110 = CIRCLE('',#1111,0.7);
#1111 = AXIS2_PLACEMENT_2D('',#1112,#1113);
#1112 = CARTESIAN_POINT('',(-6.363961030679,6.363961030679));
#1113 = DIRECTION('',(-0.679073286884,-0.734070480976));
#1114 = ( GEOMETRIC_REPRESENTATION_CONTEXT(2) 
PARAMETRIC_REPRESENTATION_CONTEXT() REPRESENTATION_CONTEXT('2D SPACE',''
  ) );
#1115 = PCURVE('',#1116,#1121);
#1116 = CYLINDRICAL_SURFACE('',#1117,0.7);
#1117 = AXIS2_PLACEMENT_3D('',#1118,#1119,#1120);
#1118 = CARTESIAN_POINT('',(11.5,-48.36396103067,433.63603896932));
#1119 = DIRECTION('',(-1.,-0.,-0.));
#1120 = DIRECTION('',(0.,1.,0.));
#1121 = DEFINITIONAL_REPRESENTATION('',(#1122),#1126);
#1122 = LINE('',#1123,#1124);
#1123 = CARTESIAN_POINT('',(-5.536685841588,0.));
#1124 = VECTOR('',#1125,1.);
#1125 = DIRECTION('',(-1.,0.));
#1126 = ( GEOMETRIC_REPRESENTATION_CONTEXT(2) 
PARAMETRIC_REPRESENTATION_CONTEXT() REPRESENTATION_CONTEXT('2D SPACE',''
  ) );
#1127 = ORIENTED_EDGE('',*,*,#1128,.T.);
#1128 = EDGE_CURVE('',#1100,#1129,#1131,.T.);
#1129 = VERTEX_POINT('',#1130);
#1130 = CARTESIAN_POINT('',(11.5,-47.09214809266,432.57908174129));
#1131 = SURFACE_CURVE('',#1132,(#1137,#1144),.PCURVE_S1.);
#1132 = CIRCLE('',#1133,9.);
#1133 = AXIS2_PLACEMENT_3D('',#1134,#1135,#1136);
#1134 = CARTESIAN_POINT('',(11.5,-42.,440.));
#1135 = DIRECTION('',(1.,0.,0.));
#1136 = DIRECTION('',(0.,1.,0.));
#1137 = PCURVE('',#124,#1138);
#1138 = DEFINITIONAL_REPRESENTATION('',(#1139),#1143);
#1139 = CIRCLE('',#1140,9.);
#1140 = AXIS2_PLACEMENT_2D('',#1141,#1142);
#1141 = CARTESIAN_POINT('',(0.,7.105427357601E-15));
#1142 = DIRECTION('',(0.,-1.));
#1143 = ( GEOMETRIC_REPRESENTATION_CONTEXT(2) 
PARAMETRIC_REPRESENTATION_CONTEXT() REPRESENTATION_CONTEXT('2D SPACE',''
  ) );
#1144 = PCURVE('',#1145,#1150);
#1145 = CYLINDRICAL_SURFACE('',#1146,9.);
#1146 = AXIS2_PLACEMENT_3D('',#1147,#1148,#1149);
#1147 = CARTESIAN_POINT('',(11.5,-42.,440.));
#1148 = DIRECTION('',(-1.,-0.,-0.));
#1149 = DIRECTION('',(0.,1.,0.));
#1150 = DEFINITIONAL_REPRESENTATION('',(#1151),#1155);
#1151 = LINE('',#1152,#1153);
#1152 = CARTESIAN_POINT('',(-0.,0.));
#1153 = VECTOR('',#1154,1.);
#1154 = DIRECTION('',(-1.,0.));
#1155 = ( GEOMETRIC_REPRESENTATION_CONTEXT(2) 
PARAMETRIC_REPRESENTATION_CONTEXT() REPRESENTATION_CONTEXT('2D SPACE',''
  ) );
#1156 = ORIENTED_EDGE('',*,*,#1157,.F.);
#1157 = EDGE_CURVE('',#1158,#1129,#1160,.T.);
#1158 = VERTEX_POINT('',#1159);
#1159 = CARTESIAN_POINT('',(11.5,-45.88062968511,431.87961126256));
#1160 = SURFACE_CURVE('',#1161,(#1166,#1173),.PCURVE_S1.);
#1161 = CIRCLE('',#1162,0.7);
#1162 = AXIS2_PLACEMENT_3D('',#1163,#1164,#1165);
#1163 = CARTESIAN_POINT('',(11.5,-46.5,432.20577136594));
#1164 = DIRECTION('',(1.,-0.,0.));
#1165 = DIRECTION('',(0.,0.884814735557,-0.46594300482));
#1166 = PCURVE('',#124,#1167);
#1167 = DEFINITIONAL_REPRESENTATION('',(#1168),#1172);
#1168 = CIRCLE('',#1169,0.7);
#1169 = AXIS2_PLACEMENT_2D('',#1170,#1171);
#1170 = CARTESIAN_POINT('',(-7.79422863406,4.5));
#1171 = DIRECTION('',(-0.46594300482,-0.884814735557));
#1172 = ( GEOMETRIC_REPRESENTATION_CONTEXT(2) 
PARAMETRIC_REPRESENTATION_CONTEXT() REPRESENTATION_CONTEXT('2D SPACE',''
  ) );
#1173 = PCURVE('',#1174,#1179);
#1174 = CYLINDRICAL_SURFACE('',#1175,0.7);
#1175 = AXIS2_PLACEMENT_3D('',#1176,#1177,#1178);
#1176 = CARTESIAN_POINT('',(11.5,-46.5,432.20577136594));
#1177 = DIRECTION('',(-1.,-0.,-0.));
#1178 = DIRECTION('',(0.,1.,0.));
#1179 = DEFINITIONAL_REPRESENTATION('',(#1180),#1184);
#1180 = LINE('',#1181,#1182);
#1181 = CARTESIAN_POINT('',(-5.798485229388,0.));
#1182 = VECTOR('',#1183,1.);
#1183 = DIRECTION('',(-1.,0.));
#1184 = ( GEOMETRIC_REPRESENTATION_CONTEXT(2) 
PARAMETRIC_REPRESENTATION_CONTEXT() REPRESENTATION_CONTEXT('2D SPACE',''
  ) );
#1185 = ORIENTED_EDGE('',*,*,#1186,.T.);
#1186 = EDGE_CURVE('',#1158,#1187,#1189,.T.);
#1187 = VERTEX_POINT('',#1188);
#1188 = CARTESIAN_POINT('',(11.5,-44.99796237649,431.51399849227));
#1189 = SURFACE_CURVE('',#1190,(#1195,#1202),.PCURVE_S1.);
#1190 = CIRCLE('',#1191,9.);
#1191 = AXIS2_PLACEMENT_3D('',#1192,#1193,#1194);
#1192 = CARTESIAN_POINT('',(11.5,-42.,440.));
#1193 = DIRECTION('',(1.,0.,0.));
#1194 = DIRECTION('',(0.,1.,0.));
#1195 = PCURVE('',#124,#1196);
#1196 = DEFINITIONAL_REPRESENTATION('',(#1197),#1201);
#1197 = CIRCLE('',#1198,9.);
#1198 = AXIS2_PLACEMENT_2D('',#1199,#1200);
#1199 = CARTESIAN_POINT('',(0.,7.105427357601E-15));
#1200 = DIRECTION('',(0.,-1.));
#1201 = ( GEOMETRIC_REPRESENTATION_CONTEXT(2) 
PARAMETRIC_REPRESENTATION_CONTEXT() REPRESENTATION_CONTEXT('2D SPACE',''
  ) );
#1202 = PCURVE('',#1203,#1208);
#1203 = CYLINDRICAL_SURFACE('',#1204,9.);
#1204 = AXIS2_PLACEMENT_3D('',#1205,#1206,#1207);
#1205 = CARTESIAN_POINT('',(11.5,-42.,440.));
#1206 = DIRECTION('',(-1.,-0.,-0.));
#1207 = DIRECTION('',(0.,1.,0.));
#1208 = DEFINITIONAL_REPRESENTATION('',(#1209),#1213);
#1209 = LINE('',#1210,#1211);
#1210 = CARTESIAN_POINT('',(-0.,0.));
#1211 = VECTOR('',#1212,1.);
#1212 = DIRECTION('',(-1.,0.));
#1213 = ( GEOMETRIC_REPRESENTATION_CONTEXT(2) 
PARAMETRIC_REPRESENTATION_CONTEXT() REPRESENTATION_CONTEXT('2D SPACE',''
  ) );
#1214 = ORIENTED_EDGE('',*,*,#1215,.F.);
#1215 = EDGE_CURVE('',#1216,#1187,#1218,.T.);
#1216 = VERTEX_POINT('',#1217);
#1217 = CARTESIAN_POINT('',(11.5,-43.64668917622,431.1519259295));
#1218 = SURFACE_CURVE('',#1219,(#1224,#1231),.PCURVE_S1.);
#1219 = CIRCLE('',#1220,0.7);
#1220 = AXIS2_PLACEMENT_3D('',#1221,#1222,#1223);
#1221 = CARTESIAN_POINT('',(11.5,-44.32937140592,431.30666756339));
#1222 = DIRECTION('',(1.,-0.,0.));
#1223 = DIRECTION('',(0.,0.975260328136,-0.221059476985));
#1224 = PCURVE('',#124,#1225);
#1225 = DEFINITIONAL_REPRESENTATION('',(#1226),#1230);
#1226 = CIRCLE('',#1227,0.7);
#1227 = AXIS2_PLACEMENT_2D('',#1228,#1229);
#1228 = CARTESIAN_POINT('',(-8.693332436602,2.329371405923));
#1229 = DIRECTION('',(-0.221059476985,-0.975260328136));
#1230 = ( GEOMETRIC_REPRESENTATION_CONTEXT(2) 
PARAMETRIC_REPRESENTATION_CONTEXT() REPRESENTATION_CONTEXT('2D SPACE',''
  ) );
#1231 = PCURVE('',#1232,#1237);
#1232 = CYLINDRICAL_SURFACE('',#1233,0.7);
#1233 = AXIS2_PLACEMENT_3D('',#1234,#1235,#1236);
#1234 = CARTESIAN_POINT('',(11.5,-44.32937140592,431.30666756339));
#1235 = DIRECTION('',(-1.,-0.,-0.));
#1236 = DIRECTION('',(0.,1.,0.));
#1237 = DEFINITIONAL_REPRESENTATION('',(#1238),#1242);
#1238 = LINE('',#1239,#1240);
#1239 = CARTESIAN_POINT('',(-6.060284617187,0.));
#1240 = VECTOR('',#1241,1.);
#1241 = DIRECTION('',(-1.,0.));
#1242 = ( GEOMETRIC_REPRESENTATION_CONTEXT(2) 
PARAMETRIC_REPRESENTATION_CONTEXT() REPRESENTATION_CONTEXT('2D SPACE',''
  ) );
#1243 = ORIENTED_EDGE('',*,*,#1244,.T.);
#1244 = EDGE_CURVE('',#1216,#1245,#1247,.T.);
#1245 = VERTEX_POINT('',#1246);
#1246 = CARTESIAN_POINT('',(11.5,-42.69947047873,431.02722222222));
#1247 = SURFACE_CURVE('',#1248,(#1253,#1260),.PCURVE_S1.);
#1248 = CIRCLE('',#1249,9.);
#1249 = AXIS2_PLACEMENT_3D('',#1250,#1251,#1252);
#1250 = CARTESIAN_POINT('',(11.5,-42.,440.));
#1251 = DIRECTION('',(1.,0.,0.));
#1252 = DIRECTION('',(0.,1.,0.));
#1253 = PCURVE('',#124,#1254);
#1254 = DEFINITIONAL_REPRESENTATION('',(#1255),#1259);
#1255 = CIRCLE('',#1256,9.);
#1256 = AXIS2_PLACEMENT_2D('',#1257,#1258);
#1257 = CARTESIAN_POINT('',(0.,7.105427357601E-15));
#1258 = DIRECTION('',(0.,-1.));
#1259 = ( GEOMETRIC_REPRESENTATION_CONTEXT(2) 
PARAMETRIC_REPRESENTATION_CONTEXT() REPRESENTATION_CONTEXT('2D SPACE',''
  ) );
#1260 = PCURVE('',#1261,#1266);
#1261 = CYLINDRICAL_SURFACE('',#1262,9.);
#1262 = AXIS2_PLACEMENT_3D('',#1263,#1264,#1265);
#1263 = CARTESIAN_POINT('',(11.5,-42.,440.));
#1264 = DIRECTION('',(-1.,-0.,-0.));
#1265 = DIRECTION('',(0.,1.,0.));
#1266 = DEFINITIONAL_REPRESENTATION('',(#1267),#1271);
#1267 = LINE('',#1268,#1269);
#1268 = CARTESIAN_POINT('',(-0.,0.));
#1269 = VECTOR('',#1270,1.);
#1270 = DIRECTION('',(-1.,0.));
#1271 = ( GEOMETRIC_REPRESENTATION_CONTEXT(2) 
PARAMETRIC_REPRESENTATION_CONTEXT() REPRESENTATION_CONTEXT('2D SPACE',''
  ) );
#1272 = ORIENTED_EDGE('',*,*,#1273,.F.);
#1273 = EDGE_CURVE('',#1274,#1245,#1276,.T.);
#1274 = VERTEX_POINT('',#1275);
#1275 = CARTESIAN_POINT('',(11.5,-41.30052952126,431.02722222222));
#1276 = SURFACE_CURVE('',#1277,(#1282,#1289),.PCURVE_S1.);
#1277 = CIRCLE('',#1278,0.7);
#1278 = AXIS2_PLACEMENT_3D('',#1279,#1280,#1281);
#1279 = CARTESIAN_POINT('',(11.5,-42.,431.));
#1280 = DIRECTION('',(1.,0.,0.));
#1281 = DIRECTION('',(0.,1.,0.));
#1282 = PCURVE('',#124,#1283);
#1283 = DEFINITIONAL_REPRESENTATION('',(#1284),#1288);
#1284 = CIRCLE('',#1285,0.7);
#1285 = AXIS2_PLACEMENT_2D('',#1286,#1287);
#1286 = CARTESIAN_POINT('',(-9.,7.105427357601E-15));
#1287 = DIRECTION('',(0.,-1.));
#1288 = ( GEOMETRIC_REPRESENTATION_CONTEXT(2) 
PARAMETRIC_REPRESENTATION_CONTEXT() REPRESENTATION_CONTEXT('2D SPACE',''
  ) );
#1289 = PCURVE('',#1290,#1295);
#1290 = CYLINDRICAL_SURFACE('',#1291,0.7);
#1291 = AXIS2_PLACEMENT_3D('',#1292,#1293,#1294);
#1292 = CARTESIAN_POINT('',(11.5,-42.,431.));
#1293 = DIRECTION('',(-1.,-0.,-0.));
#1294 = DIRECTION('',(0.,1.,0.));
#1295 = DEFINITIONAL_REPRESENTATION('',(#1296),#1300);
#1296 = LINE('',#1297,#1298);
#1297 = CARTESIAN_POINT('',(-0.,0.));
#1298 = VECTOR('',#1299,1.);
#1299 = DIRECTION('',(-1.,0.));
#1300 = ( GEOMETRIC_REPRESENTATION_CONTEXT(2) 
PARAMETRIC_REPRESENTATION_CONTEXT() REPRESENTATION_CONTEXT('2D SPACE',''
  ) );
#1301 = ORIENTED_EDGE('',*,*,#1302,.T.);
#1302 = EDGE_CURVE('',#1274,#1303,#1305,.T.);
#1303 = VERTEX_POINT('',#1304);
#1304 = CARTESIAN_POINT('',(11.5,-40.35331082377,431.1519259295));
#1305 = SURFACE_CURVE('',#1306,(#1311,#1318),.PCURVE_S1.);
#1306 = CIRCLE('',#1307,9.);
#1307 = AXIS2_PLACEMENT_3D('',#1308,#1309,#1310);
#1308 = CARTESIAN_POINT('',(11.5,-42.,440.));
#1309 = DIRECTION('',(1.,0.,0.));
#1310 = DIRECTION('',(0.,1.,0.));
#1311 = PCURVE('',#124,#1312);
#1312 = DEFINITIONAL_REPRESENTATION('',(#1313),#1317);
#1313 = CIRCLE('',#1314,9.);
#1314 = AXIS2_PLACEMENT_2D('',#1315,#1316);
#1315 = CARTESIAN_POINT('',(0.,7.105427357601E-15));
#1316 = DIRECTION('',(0.,-1.));
#1317 = ( GEOMETRIC_REPRESENTATION_CONTEXT(2) 
PARAMETRIC_REPRESENTATION_CONTEXT() REPRESENTATION_CONTEXT('2D SPACE',''
  ) );
#1318 = PCURVE('',#1319,#1324);
#1319 = CYLINDRICAL_SURFACE('',#1320,9.);
#1320 = AXIS2_PLACEMENT_3D('',#1321,#1322,#1323);
#1321 = CARTESIAN_POINT('',(11.5,-42.,440.));
#1322 = DIRECTION('',(-1.,-0.,-0.));
#1323 = DIRECTION('',(0.,1.,0.));
#1324 = DEFINITIONAL_REPRESENTATION('',(#1325),#1329);
#1325 = LINE('',#1326,#1327);
#1326 = CARTESIAN_POINT('',(-0.,0.));
#1327 = VECTOR('',#1328,1.);
#1328 = DIRECTION('',(-1.,0.));
#1329 = ( GEOMETRIC_REPRESENTATION_CONTEXT(2) 
PARAMETRIC_REPRESENTATION_CONTEXT() REPRESENTATION_CONTEXT('2D SPACE',''
  ) );
#1330 = ORIENTED_EDGE('',*,*,#1331,.F.);
#1331 = EDGE_CURVE('',#1332,#1303,#1334,.T.);
#1332 = VERTEX_POINT('',#1333);
#1333 = CARTESIAN_POINT('',(11.5,-39.0020376235,431.51399849227));
#1334 = SURFACE_CURVE('',#1335,(#1340,#1347),.PCURVE_S1.);
#1335 = CIRCLE('',#1336,0.7);
#1336 = AXIS2_PLACEMENT_3D('',#1337,#1338,#1339);
#1337 = CARTESIAN_POINT('',(11.5,-39.67062859407,431.30666756339));
#1338 = DIRECTION('',(1.,0.,0.));
#1339 = DIRECTION('',(0.,1.,0.));
#1340 = PCURVE('',#124,#1341);
#1341 = DEFINITIONAL_REPRESENTATION('',(#1342),#1346);
#1342 = CIRCLE('',#1343,0.7);
#1343 = AXIS2_PLACEMENT_2D('',#1344,#1345);
#1344 = CARTESIAN_POINT('',(-8.693332436602,-2.329371405923));
#1345 = DIRECTION('',(0.,-1.));
#1346 = ( GEOMETRIC_REPRESENTATION_CONTEXT(2) 
PARAMETRIC_REPRESENTATION_CONTEXT() REPRESENTATION_CONTEXT('2D SPACE',''
  ) );
#1347 = PCURVE('',#1348,#1353);
#1348 = CYLINDRICAL_SURFACE('',#1349,0.7);
#1349 = AXIS2_PLACEMENT_3D('',#1350,#1351,#1352);
#1350 = CARTESIAN_POINT('',(11.5,-39.67062859407,431.30666756339));
#1351 = DIRECTION('',(-1.,-0.,-0.));
#1352 = DIRECTION('',(0.,1.,0.));
#1353 = DEFINITIONAL_REPRESENTATION('',(#1354),#1358);
#1354 = LINE('',#1355,#1356);
#1355 = CARTESIAN_POINT('',(-0.,0.));
#1356 = VECTOR('',#1357,1.);
#1357 = DIRECTION('',(-1.,0.));
#1358 = ( GEOMETRIC_REPRESENTATION_CONTEXT(2) 
PARAMETRIC_REPRESENTATION_CONTEXT() REPRESENTATION_CONTEXT('2D SPACE',''
  ) );
#1359 = ORIENTED_EDGE('',*,*,#1360,.T.);
#1360 = EDGE_CURVE('',#1332,#1361,#1363,.T.);
#1361 = VERTEX_POINT('',#1362);
#1362 = CARTESIAN_POINT('',(11.5,-38.11937031489,431.87961126256));
#1363 = SURFACE_CURVE('',#1364,(#1369,#1376),.PCURVE_S1.);
#1364 = CIRCLE('',#1365,9.);
#1365 = AXIS2_PLACEMENT_3D('',#1366,#1367,#1368);
#1366 = CARTESIAN_POINT('',(11.5,-42.,440.));
#1367 = DIRECTION('',(1.,0.,0.));
#1368 = DIRECTION('',(0.,1.,0.));
#1369 = PCURVE('',#124,#1370);
#1370 = DEFINITIONAL_REPRESENTATION('',(#1371),#1375);
#1371 = CIRCLE('',#1372,9.);
#1372 = AXIS2_PLACEMENT_2D('',#1373,#1374);
#1373 = CARTESIAN_POINT('',(0.,7.105427357601E-15));
#1374 = DIRECTION('',(0.,-1.));
#1375 = ( GEOMETRIC_REPRESENTATION_CONTEXT(2) 
PARAMETRIC_REPRESENTATION_CONTEXT() REPRESENTATION_CONTEXT('2D SPACE',''
  ) );
#1376 = PCURVE('',#1377,#1382);
#1377 = CYLINDRICAL_SURFACE('',#1378,9.);
#1378 = AXIS2_PLACEMENT_3D('',#1379,#1380,#1381);
#1379 = CARTESIAN_POINT('',(11.5,-42.,440.));
#1380 = DIRECTION('',(-1.,-0.,-0.));
#1381 = DIRECTION('',(0.,1.,0.));
#1382 = DEFINITIONAL_REPRESENTATION('',(#1383),#1387);
#1383 = LINE('',#1384,#1385);
#1384 = CARTESIAN_POINT('',(-0.,0.));
#1385 = VECTOR('',#1386,1.);
#1386 = DIRECTION('',(-1.,0.));
#1387 = ( GEOMETRIC_REPRESENTATION_CONTEXT(2) 
PARAMETRIC_REPRESENTATION_CONTEXT() REPRESENTATION_CONTEXT('2D SPACE',''
  ) );
#1388 = ORIENTED_EDGE('',*,*,#1389,.F.);
#1389 = EDGE_CURVE('',#1390,#1361,#1392,.T.);
#1390 = VERTEX_POINT('',#1391);
#1391 = CARTESIAN_POINT('',(11.5,-36.90785190733,432.57908174129));
#1392 = SURFACE_CURVE('',#1393,(#1398,#1405),.PCURVE_S1.);
#1393 = CIRCLE('',#1394,0.7);
#1394 = AXIS2_PLACEMENT_3D('',#1395,#1396,#1397);
#1395 = CARTESIAN_POINT('',(11.5,-37.5,432.20577136594));
#1396 = DIRECTION('',(1.,0.,0.));
#1397 = DIRECTION('',(0.,1.,0.));
#1398 = PCURVE('',#124,#1399);
#1399 = DEFINITIONAL_REPRESENTATION('',(#1400),#1404);
#1400 = CIRCLE('',#1401,0.7);
#1401 = AXIS2_PLACEMENT_2D('',#1402,#1403);
#1402 = CARTESIAN_POINT('',(-7.79422863406,-4.5));
#1403 = DIRECTION('',(0.,-1.));
#1404 = ( GEOMETRIC_REPRESENTATION_CONTEXT(2) 
PARAMETRIC_REPRESENTATION_CONTEXT() REPRESENTATION_CONTEXT('2D SPACE',''
  ) );
#1405 = PCURVE('',#1406,#1411);
#1406 = CYLINDRICAL_SURFACE('',#1407,0.7);
#1407 = AXIS2_PLACEMENT_3D('',#1408,#1409,#1410);
#1408 = CARTESIAN_POINT('',(11.5,-37.5,432.20577136594));
#1409 = DIRECTION('',(-1.,-0.,-0.));
#1410 = DIRECTION('',(0.,1.,0.));
#1411 = DEFINITIONAL_REPRESENTATION('',(#1412),#1416);
#1412 = LINE('',#1413,#1414);
#1413 = CARTESIAN_POINT('',(-0.,0.));
#1414 = VECTOR('',#1415,1.);
#1415 = DIRECTION('',(-1.,0.));
#1416 = ( GEOMETRIC_REPRESENTATION_CONTEXT(2) 
PARAMETRIC_REPRESENTATION_CONTEXT() REPRESENTATION_CONTEXT('2D SPACE',''
  ) );
#1417 = ORIENTED_EDGE('',*,*,#1418,.T.);
#1418 = EDGE_CURVE('',#1390,#1419,#1421,.T.);
#1419 = VERTEX_POINT('',#1420);
#1420 = CARTESIAN_POINT('',(11.5,-36.149888306,433.1606876685));
#1421 = SURFACE_CURVE('',#1422,(#1427,#1434),.PCURVE_S1.);
#1422 = CIRCLE('',#1423,9.);
#1423 = AXIS2_PLACEMENT_3D('',#1424,#1425,#1426);
#1424 = CARTESIAN_POINT('',(11.5,-42.,440.));
#1425 = DIRECTION('',(1.,0.,0.));
#1426 = DIRECTION('',(0.,1.,0.));
#1427 = PCURVE('',#124,#1428);
#1428 = DEFINITIONAL_REPRESENTATION('',(#1429),#1433);
#1429 = CIRCLE('',#1430,9.);
#1430 = AXIS2_PLACEMENT_2D('',#1431,#1432);
#1431 = CARTESIAN_POINT('',(0.,7.105427357601E-15));
#1432 = DIRECTION('',(0.,-1.));
#1433 = ( GEOMETRIC_REPRESENTATION_CONTEXT(2) 
PARAMETRIC_REPRESENTATION_CONTEXT() REPRESENTATION_CONTEXT('2D SPACE',''
  ) );
#1434 = PCURVE('',#1435,#1440);
#1435 = CYLINDRICAL_SURFACE('',#1436,9.);
#1436 = AXIS2_PLACEMENT_3D('',#1437,#1438,#1439);
#1437 = CARTESIAN_POINT('',(11.5,-42.,440.));
#1438 = DIRECTION('',(-1.,-0.,-0.));
#1439 = DIRECTION('',(0.,1.,0.));
#1440 = DEFINITIONAL_REPRESENTATION('',(#1441),#1445);
#1441 = LINE('',#1442,#1443);
#1442 = CARTESIAN_POINT('',(-0.,0.));
#1443 = VECTOR('',#1444,1.);
#1444 = DIRECTION('',(-1.,0.));
#1445 = ( GEOMETRIC_REPRESENTATION_CONTEXT(2) 
PARAMETRIC_REPRESENTATION_CONTEXT() REPRESENTATION_CONTEXT('2D SPACE',''
  ) );
#1446 = ORIENTED_EDGE('',*,*,#1447,.F.);
#1447 = EDGE_CURVE('',#1448,#1419,#1450,.T.);
#1448 = VERTEX_POINT('',#1449);
#1449 = CARTESIAN_POINT('',(11.5,-35.1606876685,434.149888306));
#1450 = SURFACE_CURVE('',#1451,(#1456,#1463),.PCURVE_S1.);
#1451 = CIRCLE('',#1452,0.7);
#1452 = AXIS2_PLACEMENT_3D('',#1453,#1454,#1455);
#1453 = CARTESIAN_POINT('',(11.5,-35.63603896932,433.63603896932));
#1454 = DIRECTION('',(1.,0.,0.));
#1455 = DIRECTION('',(0.,1.,0.));
#1456 = PCURVE('',#124,#1457);
#1457 = DEFINITIONAL_REPRESENTATION('',(#1458),#1462);
#1458 = CIRCLE('',#1459,0.7);
#1459 = AXIS2_PLACEMENT_2D('',#1460,#1461);
#1460 = CARTESIAN_POINT('',(-6.363961030679,-6.363961030679));
#1461 = DIRECTION('',(0.,-1.));
#1462 = ( GEOMETRIC_REPRESENTATION_CONTEXT(2) 
PARAMETRIC_REPRESENTATION_CONTEXT() REPRESENTATION_CONTEXT('2D SPACE',''
  ) );
#1463 = PCURVE('',#1464,#1469);
#1464 = CYLINDRICAL_SURFACE('',#1465,0.7);
#1465 = AXIS2_PLACEMENT_3D('',#1466,#1467,#1468);
#1466 = CARTESIAN_POINT('',(11.5,-35.63603896932,433.63603896932));
#1467 = DIRECTION('',(-1.,-0.,-0.));
#1468 = DIRECTION('',(0.,1.,0.));
#1469 = DEFINITIONAL_REPRESENTATION('',(#1470),#1474);
#1470 = LINE('',#1471,#1472);
#1471 = CARTESIAN_POINT('',(-0.,0.));
#1472 = VECTOR('',#1473,1.);
#1473 = DIRECTION('',(-1.,0.));
#1474 = ( GEOMETRIC_REPRESENTATION_CONTEXT(2) 
PARAMETRIC_REPRESENTATION_CONTEXT() REPRESENTATION_CONTEXT('2D SPACE',''
  ) );
#1475 = ORIENTED_EDGE('',*,*,#1476,.T.);
#1476 = EDGE_CURVE('',#1448,#1477,#1479,.T.);
#1477 = VERTEX_POINT('',#1478);
#1478 = CARTESIAN_POINT('',(11.5,-34.57908174129,434.90785190733));
#1479 = SURFACE_CURVE('',#1480,(#1485,#1492),.PCURVE_S1.);
#1480 = CIRCLE('',#1481,9.);
#1481 = AXIS2_PLACEMENT_3D('',#1482,#1483,#1484);
#1482 = CARTESIAN_POINT('',(11.5,-42.,440.));
#1483 = DIRECTION('',(1.,0.,0.));
#1484 = DIRECTION('',(0.,1.,0.));
#1485 = PCURVE('',#124,#1486);
#1486 = DEFINITIONAL_REPRESENTATION('',(#1487),#1491);
#1487 = CIRCLE('',#1488,9.);
#1488 = AXIS2_PLACEMENT_2D('',#1489,#1490);
#1489 = CARTESIAN_POINT('',(0.,7.105427357601E-15));
#1490 = DIRECTION('',(0.,-1.));
#1491 = ( GEOMETRIC_REPRESENTATION_CONTEXT(2) 
PARAMETRIC_REPRESENTATION_CONTEXT() REPRESENTATION_CONTEXT('2D SPACE',''
  ) );
#1492 = PCURVE('',#1493,#1498);
#1493 = CYLINDRICAL_SURFACE('',#1494,9.);
#1494 = AXIS2_PLACEMENT_3D('',#1495,#1496,#1497);
#1495 = CARTESIAN_POINT('',(11.5,-42.,440.));
#1496 = DIRECTION('',(-1.,-0.,-0.));
#1497 = DIRECTION('',(0.,1.,0.));
#1498 = DEFINITIONAL_REPRESENTATION('',(#1499),#1503);
#1499 = LINE('',#1500,#1501);
#1500 = CARTESIAN_POINT('',(-0.,0.));
#1501 = VECTOR('',#1502,1.);
#1502 = DIRECTION('',(-1.,0.));
#1503 = ( GEOMETRIC_REPRESENTATION_CONTEXT(2) 
PARAMETRIC_REPRESENTATION_CONTEXT() REPRESENTATION_CONTEXT('2D SPACE',''
  ) );
#1504 = ORIENTED_EDGE('',*,*,#1505,.F.);
#1505 = EDGE_CURVE('',#1506,#1477,#1508,.T.);
#1506 = VERTEX_POINT('',#1507);
#1507 = CARTESIAN_POINT('',(11.5,-33.87961126256,436.11937031489));
#1508 = SURFACE_CURVE('',#1509,(#1514,#1521),.PCURVE_S1.);
#1509 = CIRCLE('',#1510,0.7);
#1510 = AXIS2_PLACEMENT_3D('',#1511,#1512,#1513);
#1511 = CARTESIAN_POINT('',(11.5,-34.20577136594,435.5));
#1512 = DIRECTION('',(1.,0.,0.));
#1513 = DIRECTION('',(0.,1.,0.));
#1514 = PCURVE('',#124,#1515);
#1515 = DEFINITIONAL_REPRESENTATION('',(#1516),#1520);
#1516 = CIRCLE('',#1517,0.7);
#1517 = AXIS2_PLACEMENT_2D('',#1518,#1519);
#1518 = CARTESIAN_POINT('',(-4.5,-7.79422863406));
#1519 = DIRECTION('',(0.,-1.));
#1520 = ( GEOMETRIC_REPRESENTATION_CONTEXT(2) 
PARAMETRIC_REPRESENTATION_CONTEXT() REPRESENTATION_CONTEXT('2D SPACE',''
  ) );
#1521 = PCURVE('',#1522,#1527);
#1522 = CYLINDRICAL_SURFACE('',#1523,0.7);
#1523 = AXIS2_PLACEMENT_3D('',#1524,#1525,#1526);
#1524 = CARTESIAN_POINT('',(11.5,-34.20577136594,435.5));
#1525 = DIRECTION('',(-1.,-0.,-0.));
#1526 = DIRECTION('',(0.,1.,0.));
#1527 = DEFINITIONAL_REPRESENTATION('',(#1528),#1532);
#1528 = LINE('',#1529,#1530);
#1529 = CARTESIAN_POINT('',(-0.,0.));
#1530 = VECTOR('',#1531,1.);
#1531 = DIRECTION('',(-1.,0.));
#1532 = ( GEOMETRIC_REPRESENTATION_CONTEXT(2) 
PARAMETRIC_REPRESENTATION_CONTEXT() REPRESENTATION_CONTEXT('2D SPACE',''
  ) );
#1533 = ORIENTED_EDGE('',*,*,#1534,.T.);
#1534 = EDGE_CURVE('',#1506,#1535,#1537,.T.);
#1535 = VERTEX_POINT('',#1536);
#1536 = CARTESIAN_POINT('',(11.5,-33.51399849227,437.0020376235));
#1537 = SURFACE_CURVE('',#1538,(#1543,#1550),.PCURVE_S1.);
#1538 = CIRCLE('',#1539,9.);
#1539 = AXIS2_PLACEMENT_3D('',#1540,#1541,#1542);
#1540 = CARTESIAN_POINT('',(11.5,-42.,440.));
#1541 = DIRECTION('',(1.,0.,0.));
#1542 = DIRECTION('',(0.,1.,0.));
#1543 = PCURVE('',#124,#1544);
#1544 = DEFINITIONAL_REPRESENTATION('',(#1545),#1549);
#1545 = CIRCLE('',#1546,9.);
#1546 = AXIS2_PLACEMENT_2D('',#1547,#1548);
#1547 = CARTESIAN_POINT('',(0.,7.105427357601E-15));
#1548 = DIRECTION('',(0.,-1.));
#1549 = ( GEOMETRIC_REPRESENTATION_CONTEXT(2) 
PARAMETRIC_REPRESENTATION_CONTEXT() REPRESENTATION_CONTEXT('2D SPACE',''
  ) );
#1550 = PCURVE('',#1551,#1556);
#1551 = CYLINDRICAL_SURFACE('',#1552,9.);
#1552 = AXIS2_PLACEMENT_3D('',#1553,#1554,#1555);
#1553 = CARTESIAN_POINT('',(11.5,-42.,440.));
#1554 = DIRECTION('',(-1.,-0.,-0.));
#1555 = DIRECTION('',(0.,1.,0.));
#1556 = DEFINITIONAL_REPRESENTATION('',(#1557),#1561);
#1557 = LINE('',#1558,#1559);
#1558 = CARTESIAN_POINT('',(-0.,0.));
#1559 = VECTOR('',#1560,1.);
#1560 = DIRECTION('',(-1.,0.));
#1561 = ( GEOMETRIC_REPRESENTATION_CONTEXT(2) 
PARAMETRIC_REPRESENTATION_CONTEXT() REPRESENTATION_CONTEXT('2D SPACE',''
  ) );
#1562 = ORIENTED_EDGE('',*,*,#1563,.F.);
#1563 = EDGE_CURVE('',#1564,#1535,#1566,.T.);
#1564 = VERTEX_POINT('',#1565);
#1565 = CARTESIAN_POINT('',(11.5,-33.1519259295,438.35331082377));
#1566 = SURFACE_CURVE('',#1567,(#1572,#1579),.PCURVE_S1.);
#1567 = CIRCLE('',#1568,0.7);
#1568 = AXIS2_PLACEMENT_3D('',#1569,#1570,#1571);
#1569 = CARTESIAN_POINT('',(11.5,-33.30666756339,437.67062859407));
#1570 = DIRECTION('',(1.,0.,0.));
#1571 = DIRECTION('',(0.,1.,0.));
#1572 = PCURVE('',#124,#1573);
#1573 = DEFINITIONAL_REPRESENTATION('',(#1574),#1578);
#1574 = CIRCLE('',#1575,0.7);
#1575 = AXIS2_PLACEMENT_2D('',#1576,#1577);
#1576 = CARTESIAN_POINT('',(-2.329371405923,-8.693332436602));
#1577 = DIRECTION('',(0.,-1.));
#1578 = ( GEOMETRIC_REPRESENTATION_CONTEXT(2) 
PARAMETRIC_REPRESENTATION_CONTEXT() REPRESENTATION_CONTEXT('2D SPACE',''
  ) );
#1579 = PCURVE('',#1580,#1585);
#1580 = CYLINDRICAL_SURFACE('',#1581,0.7);
#1581 = AXIS2_PLACEMENT_3D('',#1582,#1583,#1584);
#1582 = CARTESIAN_POINT('',(11.5,-33.30666756339,437.67062859407));
#1583 = DIRECTION('',(-1.,-0.,-0.));
#1584 = DIRECTION('',(0.,1.,0.));
#1585 = DEFINITIONAL_REPRESENTATION('',(#1586),#1590);
#1586 = LINE('',#1587,#1588);
#1587 = CARTESIAN_POINT('',(-0.,0.));
#1588 = VECTOR('',#1589,1.);
#1589 = DIRECTION('',(-1.,0.));
#1590 = ( GEOMETRIC_REPRESENTATION_CONTEXT(2) 
PARAMETRIC_REPRESENTATION_CONTEXT() REPRESENTATION_CONTEXT('2D SPACE',''
  ) );
#1591 = ORIENTED_EDGE('',*,*,#1592,.T.);
#1592 = EDGE_CURVE('',#1564,#140,#1593,.T.);
#1593 = SURFACE_CURVE('',#1594,(#1599,#1606),.PCURVE_S1.);
#1594 = CIRCLE('',#1595,9.);
#1595 = AXIS2_PLACEMENT_3D('',#1596,#1597,#1598);
#1596 = CARTESIAN_POINT('',(11.5,-42.,440.));
#1597 = DIRECTION('',(1.,0.,0.));
#1598 = DIRECTION('',(0.,1.,0.));
#1599 = PCURVE('',#124,#1600);
#1600 = DEFINITIONAL_REPRESENTATION('',(#1601),#1605);
#1601 = CIRCLE('',#1602,9.);
#1602 = AXIS2_PLACEMENT_2D('',#1603,#1604);
#1603 = CARTESIAN_POINT('',(0.,7.105427357601E-15));
#1604 = DIRECTION('',(0.,-1.));
#1605 = ( GEOMETRIC_REPRESENTATION_CONTEXT(2) 
PARAMETRIC_REPRESENTATION_CONTEXT() REPRESENTATION_CONTEXT('2D SPACE',''
  ) );
#1606 = PCURVE('',#276,#1607);
#1607 = DEFINITIONAL_REPRESENTATION('',(#1608),#1612);
#1608 = LINE('',#1609,#1610);
#1609 = CARTESIAN_POINT('',(-0.,0.));
#1610 = VECTOR('',#1611,1.);
#1611 = DIRECTION('',(-1.,0.));
#1612 = ( GEOMETRIC_REPRESENTATION_CONTEXT(2) 
PARAMETRIC_REPRESENTATION_CONTEXT() REPRESENTATION_CONTEXT('2D SPACE',''
  ) );
#1613 = ADVANCED_FACE('',(#1614),#98,.F.);
#1614 = FACE_BOUND('',#1615,.T.);
#1615 = EDGE_LOOP('',(#1616,#1617,#1638,#1673,#1702,#1735));
#1616 = ORIENTED_EDGE('',*,*,#292,.F.);
#1617 = ORIENTED_EDGE('',*,*,#1618,.F.);
#1618 = EDGE_CURVE('',#1619,#293,#1621,.T.);
#1619 = VERTEX_POINT('',#1620);
#1620 = CARTESIAN_POINT('',(16.,-33.51399849225,442.99796237645));
#1621 = SURFACE_CURVE('',#1622,(#1626,#1632),.PCURVE_S1.);
#1622 = LINE('',#1623,#1624);
#1623 = CARTESIAN_POINT('',(11.5,-33.51399849227,442.99796237649));
#1624 = VECTOR('',#1625,1.);
#1625 = DIRECTION('',(-1.,-0.,-0.));
#1626 = PCURVE('',#98,#1627);
#1627 = DEFINITIONAL_REPRESENTATION('',(#1628),#1631);
#1628 = B_SPLINE_CURVE_WITH_KNOTS('',1,(#1629,#1630),.UNSPECIFIED.,.F.,
  .F.,(2,2),(-4.5000006,5.999999999062E-07),.PIECEWISE_BEZIER_KNOTS.);
#1629 = CARTESIAN_POINT('',(-1.8714944124,-4.5000006));
#1630 = CARTESIAN_POINT('',(-1.8714944124,5.999999999062E-07));
#1631 = ( GEOMETRIC_REPRESENTATION_CONTEXT(2) 
PARAMETRIC_REPRESENTATION_CONTEXT() REPRESENTATION_CONTEXT('2D SPACE',''
  ) );
#1632 = PCURVE('',#333,#1633);
#1633 = DEFINITIONAL_REPRESENTATION('',(#1634),#1637);
#1634 = B_SPLINE_CURVE_WITH_KNOTS('',1,(#1635,#1636),.UNSPECIFIED.,.F.,
  .F.,(2,2),(-4.5000006,5.999999999062E-07),.PIECEWISE_BEZIER_KNOTS.);
#1635 = CARTESIAN_POINT('',(-0.339596783412,-4.5000006));
#1636 = CARTESIAN_POINT('',(-0.339596783412,5.999999999062E-07));
#1637 = ( GEOMETRIC_REPRESENTATION_CONTEXT(2) 
PARAMETRIC_REPRESENTATION_CONTEXT() REPRESENTATION_CONTEXT('2D SPACE',''
  ) );
#1638 = ORIENTED_EDGE('',*,*,#1639,.F.);
#1639 = EDGE_CURVE('',#1640,#1619,#1642,.T.);
#1640 = VERTEX_POINT('',#1641);
#1641 = CARTESIAN_POINT('',(16.5,-33.59424467315,442.96757153593));
#1642 = SURFACE_CURVE('',#1643,(#1651,#1662),.PCURVE_S1.);
#1643 = B_SPLINE_CURVE_WITH_KNOTS('',6,(#1644,#1645,#1646,#1647,#1648,
    #1649,#1650),.UNSPECIFIED.,.F.,.F.,(7,7),(0.,1.),
  .PIECEWISE_BEZIER_KNOTS.);
#1644 = CARTESIAN_POINT('',(16.5000006,-33.59424486724,442.96757144847)
  );
#1645 = CARTESIAN_POINT('',(16.421145666878,-33.56873686242,
    442.97906553055));
#1646 = CARTESIAN_POINT('',(16.33968474552,-33.54736926339,
    442.98722260977));
#1647 = CARTESIAN_POINT('',(16.256191264217,-33.53082510809,
    442.99274642087));
#1648 = CARTESIAN_POINT('',(16.171284767991,-33.51960676655,
    442.996222726));
#1649 = CARTESIAN_POINT('',(16.085640404299,-33.51399849225,
    442.99796237645));
#1650 = CARTESIAN_POINT('',(16.,-33.51399849225,442.99796237645));
#1651 = PCURVE('',#98,#1652);
#1652 = DEFINITIONAL_REPRESENTATION('',(#1653),#1661);
#1653 = B_SPLINE_CURVE_WITH_KNOTS('',6,(#1654,#1655,#1656,#1657,#1658,
    #1659,#1660),.UNSPECIFIED.,.F.,.F.,(7,7),(0.,1.),
  .PIECEWISE_BEZIER_KNOTS.);
#1654 = CARTESIAN_POINT('',(-1.994154786158,-5.0000006));
#1655 = CARTESIAN_POINT('',(-1.954186119024,-4.921145666878));
#1656 = CARTESIAN_POINT('',(-1.921569013997,-4.83968474552));
#1657 = CARTESIAN_POINT('',(-1.896662222005,-4.756191264217));
#1658 = CARTESIAN_POINT('',(-1.879882471795,-4.671284767991));
#1659 = CARTESIAN_POINT('',(-1.871494412398,-4.585640404299));
#1660 = CARTESIAN_POINT('',(-1.871494412398,-4.5));
#1661 = ( GEOMETRIC_REPRESENTATION_CONTEXT(2) 
PARAMETRIC_REPRESENTATION_CONTEXT() REPRESENTATION_CONTEXT('2D SPACE',''
  ) );
#1662 = PCURVE('',#71,#1663);
#1663 = DEFINITIONAL_REPRESENTATION('',(#1664),#1672);
#1664 = B_SPLINE_CURVE_WITH_KNOTS('',6,(#1665,#1666,#1667,#1668,#1669,
    #1670,#1671),.UNSPECIFIED.,.F.,.F.,(7,7),(0.,1.),
  .PIECEWISE_BEZIER_KNOTS.);
#1665 = CARTESIAN_POINT('',(0.339380867696,0.339837382593));
#1666 = CARTESIAN_POINT('',(0.339644129366,0.284078515325));
#1667 = CARTESIAN_POINT('',(0.339707075969,0.227795822165));
#1668 = CARTESIAN_POINT('',(0.339673059195,0.171129614846));
#1669 = CARTESIAN_POINT('',(0.339622120164,0.114189703893));
#1670 = CARTESIAN_POINT('',(0.339596783407,5.709360286619E-02));
#1671 = CARTESIAN_POINT('',(0.339596783407,0.));
#1672 = ( GEOMETRIC_REPRESENTATION_CONTEXT(2) 
PARAMETRIC_REPRESENTATION_CONTEXT() REPRESENTATION_CONTEXT('2D SPACE',''
  ) );
#1673 = ORIENTED_EDGE('',*,*,#1674,.T.);
#1674 = EDGE_CURVE('',#1640,#1675,#1677,.T.);
#1675 = VERTEX_POINT('',#1676);
#1676 = CARTESIAN_POINT('',(16.5,-33.23661658099,441.63288532575));
#1677 = SURFACE_CURVE('',#1678,(#1683,#1690),.PCURVE_S1.);
#1678 = CIRCLE('',#1679,0.7);
#1679 = AXIS2_PLACEMENT_3D('',#1680,#1681,#1682);
#1680 = CARTESIAN_POINT('',(16.5,-33.30666756339,442.32937140592));
#1681 = DIRECTION('',(1.,0.,0.));
#1682 = DIRECTION('',(0.,1.,0.));
#1683 = PCURVE('',#98,#1684);
#1684 = DEFINITIONAL_REPRESENTATION('',(#1685),#1689);
#1685 = LINE('',#1686,#1687);
#1686 = CARTESIAN_POINT('',(-0.,-5.));
#1687 = VECTOR('',#1688,1.);
#1688 = DIRECTION('',(-1.,0.));
#1689 = ( GEOMETRIC_REPRESENTATION_CONTEXT(2) 
PARAMETRIC_REPRESENTATION_CONTEXT() REPRESENTATION_CONTEXT('2D SPACE',''
  ) );
#1690 = PCURVE('',#1691,#1696);
#1691 = PLANE('',#1692);
#1692 = AXIS2_PLACEMENT_3D('',#1693,#1694,#1695);
#1693 = CARTESIAN_POINT('',(16.5,-33.30666756339,442.32937140592));
#1694 = DIRECTION('',(1.,0.,0.));
#1695 = DIRECTION('',(-0.,0.,1.));
#1696 = DEFINITIONAL_REPRESENTATION('',(#1697),#1701);
#1697 = CIRCLE('',#1698,0.7);
#1698 = AXIS2_PLACEMENT_2D('',#1699,#1700);
#1699 = CARTESIAN_POINT('',(0.,0.));
#1700 = DIRECTION('',(0.,-1.));
#1701 = ( GEOMETRIC_REPRESENTATION_CONTEXT(2) 
PARAMETRIC_REPRESENTATION_CONTEXT() REPRESENTATION_CONTEXT('2D SPACE',''
  ) );
#1702 = ORIENTED_EDGE('',*,*,#1703,.F.);
#1703 = EDGE_CURVE('',#55,#1675,#1704,.T.);
#1704 = SURFACE_CURVE('',#1705,(#1713,#1724),.PCURVE_S1.);
#1705 = B_SPLINE_CURVE_WITH_KNOTS('',6,(#1706,#1707,#1708,#1709,#1710,
    #1711,#1712),.UNSPECIFIED.,.F.,.F.,(7,7),(0.,1.),
  .PIECEWISE_BEZIER_KNOTS.);
#1706 = CARTESIAN_POINT('',(16.,-33.15192592951,441.64668917627));
#1707 = CARTESIAN_POINT('',(16.085640399733,-33.15192592951,
    441.64668917627));
#1708 = CARTESIAN_POINT('',(16.171284754433,-33.15765265559,
    441.64539162122));
#1709 = CARTESIAN_POINT('',(16.256191289683,-33.16910620063,
    441.64279301729));
#1710 = CARTESIAN_POINT('',(16.339684711275,-33.18619573059,
    441.63930470268));
#1711 = CARTESIAN_POINT('',(16.421145663931,-33.20877917417,
    441.63568514001));
#1712 = CARTESIAN_POINT('',(16.5000006,-33.2366167928,441.63288530445));
#1713 = PCURVE('',#98,#1714);
#1714 = DEFINITIONAL_REPRESENTATION('',(#1715),#1723);
#1715 = B_SPLINE_CURVE_WITH_KNOTS('',6,(#1716,#1717,#1718,#1719,#1720,
    #1721,#1722),.UNSPECIFIED.,.F.,.F.,(7,7),(0.,1.),
  .PIECEWISE_BEZIER_KNOTS.);
#1716 = CARTESIAN_POINT('',(-4.93528967038,-4.5));
#1717 = CARTESIAN_POINT('',(-4.93528967038,-4.585640399733));
#1718 = CARTESIAN_POINT('',(-4.926901621338,-4.671284754433));
#1719 = CARTESIAN_POINT('',(-4.910121836957,-4.756191289683));
#1720 = CARTESIAN_POINT('',(-4.885215094291,-4.839684711275));
#1721 = CARTESIAN_POINT('',(-4.852597960125,-4.921145663931));
#1722 = CARTESIAN_POINT('',(-4.812629296619,-5.0000006));
#1723 = ( GEOMETRIC_REPRESENTATION_CONTEXT(2) 
PARAMETRIC_REPRESENTATION_CONTEXT() REPRESENTATION_CONTEXT('2D SPACE',''
  ) );
#1724 = PCURVE('',#71,#1725);
#1725 = DEFINITIONAL_REPRESENTATION('',(#1726),#1734);
#1726 = B_SPLINE_CURVE_WITH_KNOTS('',6,(#1727,#1728,#1729,#1730,#1731,
    #1732,#1733),.UNSPECIFIED.,.F.,.F.,(7,7),(0.,1.),
  .PIECEWISE_BEZIER_KNOTS.);
#1727 = CARTESIAN_POINT('',(0.184001992192,0.));
#1728 = CARTESIAN_POINT('',(0.184001992192,5.70935998222E-02));
#1729 = CARTESIAN_POINT('',(0.183976665524,0.114189758185));
#1730 = CARTESIAN_POINT('',(0.18392569087,0.171129471427));
#1731 = CARTESIAN_POINT('',(0.183891724175,0.22779595352));
#1732 = CARTESIAN_POINT('',(0.183954640054,0.284078474372));
#1733 = CARTESIAN_POINT('',(0.184217901625,0.339837342943));
#1734 = ( GEOMETRIC_REPRESENTATION_CONTEXT(2) 
PARAMETRIC_REPRESENTATION_CONTEXT() REPRESENTATION_CONTEXT('2D SPACE',''
  ) );
#1735 = ORIENTED_EDGE('',*,*,#83,.T.);
#1736 = ADVANCED_FACE('',(#1737),#71,.T.);
#1737 = FACE_BOUND('',#1738,.T.);
#1738 = EDGE_LOOP('',(#1739,#1740,#1741,#1742,#1764,#1765,#1789,#1824,
    #1853,#1888,#1912,#1947,#1976,#2011,#2035,#2070,#2099,#2134,#2158,
    #2193,#2222,#2257,#2281,#2316,#2345,#2380,#2404,#2439,#2468,#2503,
    #2527,#2562,#2591,#2626,#2650,#2685,#2714,#2764,#2788,#2823,#2852,
    #2887,#2911,#2946,#2975,#3025,#3049,#3084,#3113,#3148,#3172,#3207,
    #3236,#3286,#3310,#3345,#3374,#3409,#3433,#3468,#3497,#3547,#3571,
    #3606,#3635,#3670,#3694,#3729,#3758,#3793,#3817,#3852,#3881,#3916,
    #3940,#3975,#4004,#4039,#4063,#4098,#4127,#4162,#4186,#4221,#4250,
    #4285,#4309,#4344,#4373,#4408,#4432,#4467,#4496,#4531,#4553,#4554,
    #4578,#4600,#4627,#4628));
#1739 = ORIENTED_EDGE('',*,*,#164,.F.);
#1740 = ORIENTED_EDGE('',*,*,#54,.T.);
#1741 = ORIENTED_EDGE('',*,*,#1703,.T.);
#1742 = ORIENTED_EDGE('',*,*,#1743,.T.);
#1743 = EDGE_CURVE('',#1675,#1640,#1744,.T.);
#1744 = SURFACE_CURVE('',#1745,(#1750,#1757),.PCURVE_S1.);
#1745 = CIRCLE('',#1746,8.914213562373);
#1746 = AXIS2_PLACEMENT_3D('',#1747,#1748,#1749);
#1747 = CARTESIAN_POINT('',(16.5,-42.,440.));
#1748 = DIRECTION('',(1.,0.,0.));
#1749 = DIRECTION('',(-0.,1.,0.));
#1750 = PCURVE('',#71,#1751);
#1751 = DEFINITIONAL_REPRESENTATION('',(#1752),#1756);
#1752 = LINE('',#1753,#1754);
#1753 = CARTESIAN_POINT('',(0.,0.339836909454));
#1754 = VECTOR('',#1755,1.);
#1755 = DIRECTION('',(1.,0.));
#1756 = ( GEOMETRIC_REPRESENTATION_CONTEXT(2) 
PARAMETRIC_REPRESENTATION_CONTEXT() REPRESENTATION_CONTEXT('2D SPACE',''
  ) );
#1757 = PCURVE('',#1691,#1758);
#1758 = DEFINITIONAL_REPRESENTATION('',(#1759),#1763);
#1759 = CIRCLE('',#1760,8.914213562373);
#1760 = AXIS2_PLACEMENT_2D('',#1761,#1762);
#1761 = CARTESIAN_POINT('',(-2.329371405923,8.693332436602));
#1762 = DIRECTION('',(0.,-1.));
#1763 = ( GEOMETRIC_REPRESENTATION_CONTEXT(2) 
PARAMETRIC_REPRESENTATION_CONTEXT() REPRESENTATION_CONTEXT('2D SPACE',''
  ) );
#1764 = ORIENTED_EDGE('',*,*,#1639,.T.);
#1765 = ORIENTED_EDGE('',*,*,#1766,.T.);
#1766 = EDGE_CURVE('',#1619,#1767,#1769,.T.);
#1767 = VERTEX_POINT('',#1768);
#1768 = CARTESIAN_POINT('',(16.,-33.87961126256,443.88062968511));
#1769 = SURFACE_CURVE('',#1770,(#1775,#1782),.PCURVE_S1.);
#1770 = CIRCLE('',#1771,9.);
#1771 = AXIS2_PLACEMENT_3D('',#1772,#1773,#1774);
#1772 = CARTESIAN_POINT('',(16.,-42.,440.));
#1773 = DIRECTION('',(1.,0.,0.));
#1774 = DIRECTION('',(-0.,1.,0.));
#1775 = PCURVE('',#71,#1776);
#1776 = DEFINITIONAL_REPRESENTATION('',(#1777),#1781);
#1777 = LINE('',#1778,#1779);
#1778 = CARTESIAN_POINT('',(0.,0.));
#1779 = VECTOR('',#1780,1.);
#1780 = DIRECTION('',(1.,0.));
#1781 = ( GEOMETRIC_REPRESENTATION_CONTEXT(2) 
PARAMETRIC_REPRESENTATION_CONTEXT() REPRESENTATION_CONTEXT('2D SPACE',''
  ) );
#1782 = PCURVE('',#333,#1783);
#1783 = DEFINITIONAL_REPRESENTATION('',(#1784),#1788);
#1784 = LINE('',#1785,#1786);
#1785 = CARTESIAN_POINT('',(-0.,-4.5));
#1786 = VECTOR('',#1787,1.);
#1787 = DIRECTION('',(-1.,0.));
#1788 = ( GEOMETRIC_REPRESENTATION_CONTEXT(2) 
PARAMETRIC_REPRESENTATION_CONTEXT() REPRESENTATION_CONTEXT('2D SPACE',''
  ) );
#1789 = ORIENTED_EDGE('',*,*,#1790,.T.);
#1790 = EDGE_CURVE('',#1767,#1791,#1793,.T.);
#1791 = VERTEX_POINT('',#1792);
#1792 = CARTESIAN_POINT('',(16.5,-33.95784345068,443.84537663589));
#1793 = SURFACE_CURVE('',#1794,(#1802,#1813),.PCURVE_S1.);
#1794 = B_SPLINE_CURVE_WITH_KNOTS('',6,(#1795,#1796,#1797,#1798,#1799,
    #1800,#1801),.UNSPECIFIED.,.F.,.F.,(7,7),(0.,1.),
  .PIECEWISE_BEZIER_KNOTS.);
#1795 = CARTESIAN_POINT('',(16.,-33.87961126256,443.88062968511));
#1796 = CARTESIAN_POINT('',(16.085640399606,-33.87961126256,
    443.88062968511));
#1797 = CARTESIAN_POINT('',(16.171284754161,-33.88480702316,
    443.87789415765));
#1798 = CARTESIAN_POINT('',(16.256191290281,-33.89519773029,
    443.87241970292));
#1799 = CARTESIAN_POINT('',(16.339684710519,-33.91080210576,
    443.86462715439));
#1800 = CARTESIAN_POINT('',(16.421145663841,-33.93167922579,
    443.85528589984));
#1801 = CARTESIAN_POINT('',(16.5000006,-33.95784364976,443.84537656049)
  );
#1802 = PCURVE('',#71,#1803);
#1803 = DEFINITIONAL_REPRESENTATION('',(#1804),#1812);
#1804 = B_SPLINE_CURVE_WITH_KNOTS('',6,(#1805,#1806,#1807,#1808,#1809,
    #1810,#1811),.UNSPECIFIED.,.F.,.F.,(7,7),(0.,1.),
  .PIECEWISE_BEZIER_KNOTS.);
#1805 = CARTESIAN_POINT('',(0.445801379986,0.));
#1806 = CARTESIAN_POINT('',(0.445801379986,5.709359973734E-02));
#1807 = CARTESIAN_POINT('',(0.445776053564,0.114189759399));
#1808 = CARTESIAN_POINT('',(0.445725078087,0.171129468292));
#1809 = CARTESIAN_POINT('',(0.445691112522,0.227795956413));
#1810 = CARTESIAN_POINT('',(0.445754027717,0.284078473452));
#1811 = CARTESIAN_POINT('',(0.446017289286,0.339837342069));
#1812 = ( GEOMETRIC_REPRESENTATION_CONTEXT(2) 
PARAMETRIC_REPRESENTATION_CONTEXT() REPRESENTATION_CONTEXT('2D SPACE',''
  ) );
#1813 = PCURVE('',#362,#1814);
#1814 = DEFINITIONAL_REPRESENTATION('',(#1815),#1823);
#1815 = B_SPLINE_CURVE_WITH_KNOTS('',6,(#1816,#1817,#1818,#1819,#1820,
    #1821,#1822),.UNSPECIFIED.,.F.,.F.,(7,7),(0.,1.),
  .PIECEWISE_BEZIER_KNOTS.);
#1816 = CARTESIAN_POINT('',(-5.197089058177,-4.5));
#1817 = CARTESIAN_POINT('',(-5.197089058177,-4.585640399606));
#1818 = CARTESIAN_POINT('',(-5.18870100938,-4.671284754161));
#1819 = CARTESIAN_POINT('',(-5.171921224208,-4.756191290281));
#1820 = CARTESIAN_POINT('',(-5.147014482651,-4.839684710519));
#1821 = CARTESIAN_POINT('',(-5.114397347857,-4.921145663841));
#1822 = CARTESIAN_POINT('',(-5.074428684419,-5.0000006));
#1823 = ( GEOMETRIC_REPRESENTATION_CONTEXT(2) 
PARAMETRIC_REPRESENTATION_CONTEXT() REPRESENTATION_CONTEXT('2D SPACE',''
  ) );
#1824 = ORIENTED_EDGE('',*,*,#1825,.T.);
#1825 = EDGE_CURVE('',#1791,#1826,#1828,.T.);
#1826 = VERTEX_POINT('',#1827);
#1827 = CARTESIAN_POINT('',(16.5,-34.64872787154,445.04202355497));
#1828 = SURFACE_CURVE('',#1829,(#1834,#1841),.PCURVE_S1.);
#1829 = CIRCLE('',#1830,8.914213562373);
#1830 = AXIS2_PLACEMENT_3D('',#1831,#1832,#1833);
#1831 = CARTESIAN_POINT('',(16.5,-42.,440.));
#1832 = DIRECTION('',(1.,0.,0.));
#1833 = DIRECTION('',(-0.,1.,0.));
#1834 = PCURVE('',#71,#1835);
#1835 = DEFINITIONAL_REPRESENTATION('',(#1836),#1840);
#1836 = LINE('',#1837,#1838);
#1837 = CARTESIAN_POINT('',(0.,0.339836909454));
#1838 = VECTOR('',#1839,1.);
#1839 = DIRECTION('',(1.,0.));
#1840 = ( GEOMETRIC_REPRESENTATION_CONTEXT(2) 
PARAMETRIC_REPRESENTATION_CONTEXT() REPRESENTATION_CONTEXT('2D SPACE',''
  ) );
#1841 = PCURVE('',#1842,#1847);
#1842 = PLANE('',#1843);
#1843 = AXIS2_PLACEMENT_3D('',#1844,#1845,#1846);
#1844 = CARTESIAN_POINT('',(16.5,-34.20577136594,444.5));
#1845 = DIRECTION('',(1.,0.,0.));
#1846 = DIRECTION('',(-0.,0.,1.));
#1847 = DEFINITIONAL_REPRESENTATION('',(#1848),#1852);
#1848 = CIRCLE('',#1849,8.914213562373);
#1849 = AXIS2_PLACEMENT_2D('',#1850,#1851);
#1850 = CARTESIAN_POINT('',(-4.5,7.79422863406));
#1851 = DIRECTION('',(0.,-1.));
#1852 = ( GEOMETRIC_REPRESENTATION_CONTEXT(2) 
PARAMETRIC_REPRESENTATION_CONTEXT() REPRESENTATION_CONTEXT('2D SPACE',''
  ) );
#1853 = ORIENTED_EDGE('',*,*,#1854,.T.);
#1854 = EDGE_CURVE('',#1826,#1855,#1857,.T.);
#1855 = VERTEX_POINT('',#1856);
#1856 = CARTESIAN_POINT('',(16.,-34.57908174129,445.09214809266));
#1857 = SURFACE_CURVE('',#1858,(#1866,#1877),.PCURVE_S1.);
#1858 = B_SPLINE_CURVE_WITH_KNOTS('',6,(#1859,#1860,#1861,#1862,#1863,
    #1864,#1865),.UNSPECIFIED.,.F.,.F.,(7,7),(0.,1.),
  .PIECEWISE_BEZIER_KNOTS.);
#1859 = CARTESIAN_POINT('',(16.5000006,-34.64872803637,445.04202342026)
  );
#1860 = CARTESIAN_POINT('',(16.42114566526,-34.6270640832,
    445.05972780821));
#1861 = CARTESIAN_POINT('',(16.339684739324,-34.60853577223,
    445.07313728561));
#1862 = CARTESIAN_POINT('',(16.256191272404,-34.5939850187,
    445.08275481544));
#1863 = CARTESIAN_POINT('',(16.171284765734,-34.58404866207,
    445.08901619207));
#1864 = CARTESIAN_POINT('',(16.08564040198,-34.57908174129,
    445.09214809266));
#1865 = CARTESIAN_POINT('',(16.,-34.57908174129,445.09214809266));
#1866 = PCURVE('',#71,#1867);
#1867 = DEFINITIONAL_REPRESENTATION('',(#1868),#1876);
#1868 = B_SPLINE_CURVE_WITH_KNOTS('',6,(#1869,#1870,#1871,#1872,#1873,
    #1874,#1875),.UNSPECIFIED.,.F.,.F.,(7,7),(0.,1.),
  .PIECEWISE_BEZIER_KNOTS.);
#1869 = CARTESIAN_POINT('',(0.601180256885,0.339837373694));
#1870 = CARTESIAN_POINT('',(0.601443518536,0.284078505458));
#1871 = CARTESIAN_POINT('',(0.601506458314,0.227795852722));
#1872 = CARTESIAN_POINT('',(0.601472452686,0.1711295843));
#1873 = CARTESIAN_POINT('',(0.601421505703,0.114189716596));
#1874 = CARTESIAN_POINT('',(0.60139617121,5.709360132019E-02));
#1875 = CARTESIAN_POINT('',(0.60139617121,0.));
#1876 = ( GEOMETRIC_REPRESENTATION_CONTEXT(2) 
PARAMETRIC_REPRESENTATION_CONTEXT() REPRESENTATION_CONTEXT('2D SPACE',''
  ) );
#1877 = PCURVE('',#362,#1878);
#1878 = DEFINITIONAL_REPRESENTATION('',(#1879),#1887);
#1879 = B_SPLINE_CURVE_WITH_KNOTS('',6,(#1880,#1881,#1882,#1883,#1884,
    #1885,#1886),.UNSPECIFIED.,.F.,.F.,(7,7),(0.,1.),
  .PIECEWISE_BEZIER_KNOTS.);
#1880 = CARTESIAN_POINT('',(-2.255954173958,-5.0000006));
#1881 = CARTESIAN_POINT('',(-2.215985507153,-4.92114566526));
#1882 = CARTESIAN_POINT('',(-2.183368397,-4.839684739324));
#1883 = CARTESIAN_POINT('',(-2.158461615721,-4.756191272404));
#1884 = CARTESIAN_POINT('',(-2.141681856967,-4.671284765734));
#1885 = CARTESIAN_POINT('',(-2.133293800199,-4.58564040198));
#1886 = CARTESIAN_POINT('',(-2.133293800199,-4.5));
#1887 = ( GEOMETRIC_REPRESENTATION_CONTEXT(2) 
PARAMETRIC_REPRESENTATION_CONTEXT() REPRESENTATION_CONTEXT('2D SPACE',''
  ) );
#1888 = ORIENTED_EDGE('',*,*,#1889,.T.);
#1889 = EDGE_CURVE('',#1855,#1890,#1892,.T.);
#1890 = VERTEX_POINT('',#1891);
#1891 = CARTESIAN_POINT('',(16.,-35.16068766853,445.85011169403));
#1892 = SURFACE_CURVE('',#1893,(#1898,#1905),.PCURVE_S1.);
#1893 = CIRCLE('',#1894,9.);
#1894 = AXIS2_PLACEMENT_3D('',#1895,#1896,#1897);
#1895 = CARTESIAN_POINT('',(16.,-42.,440.));
#1896 = DIRECTION('',(1.,0.,0.));
#1897 = DIRECTION('',(-0.,1.,0.));
#1898 = PCURVE('',#71,#1899);
#1899 = DEFINITIONAL_REPRESENTATION('',(#1900),#1904);
#1900 = LINE('',#1901,#1902);
#1901 = CARTESIAN_POINT('',(0.,0.));
#1902 = VECTOR('',#1903,1.);
#1903 = DIRECTION('',(1.,0.));
#1904 = ( GEOMETRIC_REPRESENTATION_CONTEXT(2) 
PARAMETRIC_REPRESENTATION_CONTEXT() REPRESENTATION_CONTEXT('2D SPACE',''
  ) );
#1905 = PCURVE('',#391,#1906);
#1906 = DEFINITIONAL_REPRESENTATION('',(#1907),#1911);
#1907 = LINE('',#1908,#1909);
#1908 = CARTESIAN_POINT('',(-0.,-4.5));
#1909 = VECTOR('',#1910,1.);
#1910 = DIRECTION('',(-1.,0.));
#1911 = ( GEOMETRIC_REPRESENTATION_CONTEXT(2) 
PARAMETRIC_REPRESENTATION_CONTEXT() REPRESENTATION_CONTEXT('2D SPACE',''
  ) );
#1912 = ORIENTED_EDGE('',*,*,#1913,.T.);
#1913 = EDGE_CURVE('',#1890,#1914,#1916,.T.);
#1914 = VERTEX_POINT('',#1915);
#1915 = CARTESIAN_POINT('',(16.5,-35.22712999891,445.79581188307));
#1916 = SURFACE_CURVE('',#1917,(#1925,#1936),.PCURVE_S1.);
#1917 = B_SPLINE_CURVE_WITH_KNOTS('',6,(#1918,#1919,#1920,#1921,#1922,
    #1923,#1924),.UNSPECIFIED.,.F.,.F.,(7,7),(0.,1.),
  .PIECEWISE_BEZIER_KNOTS.);
#1918 = CARTESIAN_POINT('',(16.,-35.16068766853,445.85011169403));
#1919 = CARTESIAN_POINT('',(16.085640399734,-35.16068766853,
    445.85011169403));
#1920 = CARTESIAN_POINT('',(16.171284754433,-35.16499838127,
    445.84612461536));
#1921 = CARTESIAN_POINT('',(16.256191289682,-35.17361814027,
    445.83814738581));
#1922 = CARTESIAN_POINT('',(16.339684711277,-35.18667395005,
    445.82658165176));
#1923 = CARTESIAN_POINT('',(16.421145663931,-35.20442200456,
    445.81215529676));
#1924 = CARTESIAN_POINT('',(16.5000006,-35.2271301717,445.79581175872));
#1925 = PCURVE('',#71,#1926);
#1926 = DEFINITIONAL_REPRESENTATION('',(#1927),#1935);
#1927 = B_SPLINE_CURVE_WITH_KNOTS('',6,(#1928,#1929,#1930,#1931,#1932,
    #1933,#1934),.UNSPECIFIED.,.F.,.F.,(7,7),(0.,1.),
  .PIECEWISE_BEZIER_KNOTS.);
#1928 = CARTESIAN_POINT('',(0.70760076779,0.));
#1929 = CARTESIAN_POINT('',(0.70760076779,5.70935998224E-02));
#1930 = CARTESIAN_POINT('',(0.707575441122,0.114189758182));
#1931 = CARTESIAN_POINT('',(0.707524466469,0.171129471434));
#1932 = CARTESIAN_POINT('',(0.707490499772,0.227795953513));
#1933 = CARTESIAN_POINT('',(0.707553415653,0.284078474374));
#1934 = CARTESIAN_POINT('',(0.707816677224,0.339837342944));
#1935 = ( GEOMETRIC_REPRESENTATION_CONTEXT(2) 
PARAMETRIC_REPRESENTATION_CONTEXT() REPRESENTATION_CONTEXT('2D SPACE',''
  ) );
#1936 = PCURVE('',#420,#1937);
#1937 = DEFINITIONAL_REPRESENTATION('',(#1938),#1946);
#1938 = B_SPLINE_CURVE_WITH_KNOTS('',6,(#1939,#1940,#1941,#1942,#1943,
    #1944,#1945),.UNSPECIFIED.,.F.,.F.,(7,7),(0.,1.),
  .PIECEWISE_BEZIER_KNOTS.);
#1939 = CARTESIAN_POINT('',(-5.458888445978,-4.5));
#1940 = CARTESIAN_POINT('',(-5.458888445978,-4.585640399734));
#1941 = CARTESIAN_POINT('',(-5.450500396936,-4.671284754433));
#1942 = CARTESIAN_POINT('',(-5.433720612556,-4.756191289682));
#1943 = CARTESIAN_POINT('',(-5.408813869888,-4.839684711277));
#1944 = CARTESIAN_POINT('',(-5.376196735723,-4.921145663931));
#1945 = CARTESIAN_POINT('',(-5.336228072218,-5.0000006));
#1946 = ( GEOMETRIC_REPRESENTATION_CONTEXT(2) 
PARAMETRIC_REPRESENTATION_CONTEXT() REPRESENTATION_CONTEXT('2D SPACE',''
  ) );
#1947 = ORIENTED_EDGE('',*,*,#1948,.T.);
#1948 = EDGE_CURVE('',#1914,#1949,#1951,.T.);
#1949 = VERTEX_POINT('',#1950);
#1950 = CARTESIAN_POINT('',(16.5,-36.20418811692,446.77287000108));
#1951 = SURFACE_CURVE('',#1952,(#1957,#1964),.PCURVE_S1.);
#1952 = CIRCLE('',#1953,8.914213562373);
#1953 = AXIS2_PLACEMENT_3D('',#1954,#1955,#1956);
#1954 = CARTESIAN_POINT('',(16.5,-42.,440.));
#1955 = DIRECTION('',(1.,0.,0.));
#1956 = DIRECTION('',(-0.,1.,0.));
#1957 = PCURVE('',#71,#1958);
#1958 = DEFINITIONAL_REPRESENTATION('',(#1959),#1963);
#1959 = LINE('',#1960,#1961);
#1960 = CARTESIAN_POINT('',(0.,0.339836909454));
#1961 = VECTOR('',#1962,1.);
#1962 = DIRECTION('',(1.,0.));
#1963 = ( GEOMETRIC_REPRESENTATION_CONTEXT(2) 
PARAMETRIC_REPRESENTATION_CONTEXT() REPRESENTATION_CONTEXT('2D SPACE',''
  ) );
#1964 = PCURVE('',#1965,#1970);
#1965 = PLANE('',#1966);
#1966 = AXIS2_PLACEMENT_3D('',#1967,#1968,#1969);
#1967 = CARTESIAN_POINT('',(16.5,-35.63603896932,446.36396103067));
#1968 = DIRECTION('',(1.,0.,0.));
#1969 = DIRECTION('',(-0.,0.,1.));
#1970 = DEFINITIONAL_REPRESENTATION('',(#1971),#1975);
#1971 = CIRCLE('',#1972,8.914213562373);
#1972 = AXIS2_PLACEMENT_2D('',#1973,#1974);
#1973 = CARTESIAN_POINT('',(-6.363961030679,6.363961030679));
#1974 = DIRECTION('',(0.,-1.));
#1975 = ( GEOMETRIC_REPRESENTATION_CONTEXT(2) 
PARAMETRIC_REPRESENTATION_CONTEXT() REPRESENTATION_CONTEXT('2D SPACE',''
  ) );
#1976 = ORIENTED_EDGE('',*,*,#1977,.T.);
#1977 = EDGE_CURVE('',#1949,#1978,#1980,.T.);
#1978 = VERTEX_POINT('',#1979);
#1979 = CARTESIAN_POINT('',(16.,-36.14988830596,446.83931233146));
#1980 = SURFACE_CURVE('',#1981,(#1989,#2000),.PCURVE_S1.);
#1981 = B_SPLINE_CURVE_WITH_KNOTS('',6,(#1982,#1983,#1984,#1985,#1986,
    #1987,#1988),.UNSPECIFIED.,.F.,.F.,(7,7),(0.,1.),
  .PIECEWISE_BEZIER_KNOTS.);
#1982 = CARTESIAN_POINT('',(16.5000006,-36.20418824128,446.7728698283));
#1983 = CARTESIAN_POINT('',(16.421145666884,-36.18784470214,
    446.79557799779));
#1984 = CARTESIAN_POINT('',(16.339684745684,-36.17341835822,
    446.81332603505));
#1985 = CARTESIAN_POINT('',(16.256191264138,-36.16185260491,
    446.82638187357));
#1986 = CARTESIAN_POINT('',(16.171284768049,-36.15387538877,
    446.83500161281));
#1987 = CARTESIAN_POINT('',(16.085640404308,-36.14988830596,
    446.83931233146));
#1988 = CARTESIAN_POINT('',(16.,-36.14988830596,446.83931233146));
#1989 = PCURVE('',#71,#1990);
#1990 = DEFINITIONAL_REPRESENTATION('',(#1991),#1999);
#1991 = B_SPLINE_CURVE_WITH_KNOTS('',6,(#1992,#1993,#1994,#1995,#1996,
    #1997,#1998),.UNSPECIFIED.,.F.,.F.,(7,7),(0.,1.),
  .PIECEWISE_BEZIER_KNOTS.);
#1992 = CARTESIAN_POINT('',(0.862979643268,0.339837382755));
#1993 = CARTESIAN_POINT('',(0.863242904939,0.284078515488));
#1994 = CARTESIAN_POINT('',(0.863305851668,0.227795821643));
#1995 = CARTESIAN_POINT('',(0.863271834689,0.171129615451));
#1996 = CARTESIAN_POINT('',(0.863220895804,0.114189703673));
#1997 = CARTESIAN_POINT('',(0.863195559005,5.709360287191E-02));
#1998 = CARTESIAN_POINT('',(0.863195559005,0.));
#1999 = ( GEOMETRIC_REPRESENTATION_CONTEXT(2) 
PARAMETRIC_REPRESENTATION_CONTEXT() REPRESENTATION_CONTEXT('2D SPACE',''
  ) );
#2000 = PCURVE('',#420,#2001);
#2001 = DEFINITIONAL_REPRESENTATION('',(#2002),#2010);
#2002 = B_SPLINE_CURVE_WITH_KNOTS('',6,(#2003,#2004,#2005,#2006,#2007,
    #2008,#2009),.UNSPECIFIED.,.F.,.F.,(7,7),(0.,1.),
  .PIECEWISE_BEZIER_KNOTS.);
#2003 = CARTESIAN_POINT('',(-2.517753561757,-5.0000006));
#2004 = CARTESIAN_POINT('',(-2.477784894604,-4.921145666884));
#2005 = CARTESIAN_POINT('',(-2.445167789713,-4.839684745684));
#2006 = CARTESIAN_POINT('',(-2.42026099751,-4.756191264138));
#2007 = CARTESIAN_POINT('',(-2.403481247433,-4.671284768049));
#2008 = CARTESIAN_POINT('',(-2.395093187996,-4.585640404308));
#2009 = CARTESIAN_POINT('',(-2.395093187996,-4.5));
#2010 = ( GEOMETRIC_REPRESENTATION_CONTEXT(2) 
PARAMETRIC_REPRESENTATION_CONTEXT() REPRESENTATION_CONTEXT('2D SPACE',''
  ) );
#2011 = ORIENTED_EDGE('',*,*,#2012,.T.);
#2012 = EDGE_CURVE('',#1978,#2013,#2015,.T.);
#2013 = VERTEX_POINT('',#2014);
#2014 = CARTESIAN_POINT('',(16.,-36.90785190733,447.4209182587));
#2015 = SURFACE_CURVE('',#2016,(#2021,#2028),.PCURVE_S1.);
#2016 = CIRCLE('',#2017,9.);
#2017 = AXIS2_PLACEMENT_3D('',#2018,#2019,#2020);
#2018 = CARTESIAN_POINT('',(16.,-42.,440.));
#2019 = DIRECTION('',(1.,0.,0.));
#2020 = DIRECTION('',(-0.,1.,0.));
#2021 = PCURVE('',#71,#2022);
#2022 = DEFINITIONAL_REPRESENTATION('',(#2023),#2027);
#2023 = LINE('',#2024,#2025);
#2024 = CARTESIAN_POINT('',(0.,0.));
#2025 = VECTOR('',#2026,1.);
#2026 = DIRECTION('',(1.,0.));
#2027 = ( GEOMETRIC_REPRESENTATION_CONTEXT(2) 
PARAMETRIC_REPRESENTATION_CONTEXT() REPRESENTATION_CONTEXT('2D SPACE',''
  ) );
#2028 = PCURVE('',#449,#2029);
#2029 = DEFINITIONAL_REPRESENTATION('',(#2030),#2034);
#2030 = LINE('',#2031,#2032);
#2031 = CARTESIAN_POINT('',(-0.,-4.5));
#2032 = VECTOR('',#2033,1.);
#2033 = DIRECTION('',(-1.,0.));
#2034 = ( GEOMETRIC_REPRESENTATION_CONTEXT(2) 
PARAMETRIC_REPRESENTATION_CONTEXT() REPRESENTATION_CONTEXT('2D SPACE',''
  ) );
#2035 = ORIENTED_EDGE('',*,*,#2036,.T.);
#2036 = EDGE_CURVE('',#2013,#2037,#2039,.T.);
#2037 = VERTEX_POINT('',#2038);
#2038 = CARTESIAN_POINT('',(16.5,-36.95797644502,447.35127212846));
#2039 = SURFACE_CURVE('',#2040,(#2048,#2059),.PCURVE_S1.);
#2040 = B_SPLINE_CURVE_WITH_KNOTS('',6,(#2041,#2042,#2043,#2044,#2045,
    #2046,#2047),.UNSPECIFIED.,.F.,.F.,(7,7),(0.,1.),
  .PIECEWISE_BEZIER_KNOTS.);
#2041 = CARTESIAN_POINT('',(16.,-36.90785190733,447.4209182587));
#2042 = CARTESIAN_POINT('',(16.085640399606,-36.90785190733,
    447.4209182587));
#2043 = CARTESIAN_POINT('',(16.171284754161,-36.91098380427,
    447.41595134213));
#2044 = CARTESIAN_POINT('',(16.256191290281,-36.91724519324,
    447.4060149717));
#2045 = CARTESIAN_POINT('',(16.33968471052,-36.92686270455,
    447.39146423897));
#2046 = CARTESIAN_POINT('',(16.421145663841,-36.94027219357,
    447.37293591521));
#2047 = CARTESIAN_POINT('',(16.5000006,-36.95797657973,447.35127196362)
  );
#2048 = PCURVE('',#71,#2049);
#2049 = DEFINITIONAL_REPRESENTATION('',(#2050),#2058);
#2050 = B_SPLINE_CURVE_WITH_KNOTS('',6,(#2051,#2052,#2053,#2054,#2055,
    #2056,#2057),.UNSPECIFIED.,.F.,.F.,(7,7),(0.,1.),
  .PIECEWISE_BEZIER_KNOTS.);
#2051 = CARTESIAN_POINT('',(0.969400155585,0.));
#2052 = CARTESIAN_POINT('',(0.969400155585,5.709359973736E-02));
#2053 = CARTESIAN_POINT('',(0.969374829162,0.114189759398));
#2054 = CARTESIAN_POINT('',(0.969323853686,0.171129468293));
#2055 = CARTESIAN_POINT('',(0.969289888121,0.227795956412));
#2056 = CARTESIAN_POINT('',(0.969352803316,0.284078473453));
#2057 = CARTESIAN_POINT('',(0.969616064885,0.339837342069));
#2058 = ( GEOMETRIC_REPRESENTATION_CONTEXT(2) 
PARAMETRIC_REPRESENTATION_CONTEXT() REPRESENTATION_CONTEXT('2D SPACE',''
  ) );
#2059 = PCURVE('',#478,#2060);
#2060 = DEFINITIONAL_REPRESENTATION('',(#2061),#2069);
#2061 = B_SPLINE_CURVE_WITH_KNOTS('',6,(#2062,#2063,#2064,#2065,#2066,
    #2067,#2068),.UNSPECIFIED.,.F.,.F.,(7,7),(0.,1.),
  .PIECEWISE_BEZIER_KNOTS.);
#2062 = CARTESIAN_POINT('',(-5.720687833775,-4.5));
#2063 = CARTESIAN_POINT('',(-5.720687833775,-4.585640399606));
#2064 = CARTESIAN_POINT('',(-5.712299784978,-4.671284754161));
#2065 = CARTESIAN_POINT('',(-5.695519999806,-4.756191290281));
#2066 = CARTESIAN_POINT('',(-5.670613258249,-4.83968471052));
#2067 = CARTESIAN_POINT('',(-5.637996123455,-4.921145663841));
#2068 = CARTESIAN_POINT('',(-5.598027460017,-5.0000006));
#2069 = ( GEOMETRIC_REPRESENTATION_CONTEXT(2) 
PARAMETRIC_REPRESENTATION_CONTEXT() REPRESENTATION_CONTEXT('2D SPACE',''
  ) );
#2070 = ORIENTED_EDGE('',*,*,#2071,.T.);
#2071 = EDGE_CURVE('',#2037,#2072,#2074,.T.);
#2072 = VERTEX_POINT('',#2073);
#2073 = CARTESIAN_POINT('',(16.5,-38.1546233641,448.04215654931));
#2074 = SURFACE_CURVE('',#2075,(#2080,#2087),.PCURVE_S1.);
#2075 = CIRCLE('',#2076,8.914213562373);
#2076 = AXIS2_PLACEMENT_3D('',#2077,#2078,#2079);
#2077 = CARTESIAN_POINT('',(16.5,-42.,440.));
#2078 = DIRECTION('',(1.,0.,0.));
#2079 = DIRECTION('',(-0.,1.,0.));
#2080 = PCURVE('',#71,#2081);
#2081 = DEFINITIONAL_REPRESENTATION('',(#2082),#2086);
#2082 = LINE('',#2083,#2084);
#2083 = CARTESIAN_POINT('',(0.,0.339836909454));
#2084 = VECTOR('',#2085,1.);
#2085 = DIRECTION('',(1.,0.));
#2086 = ( GEOMETRIC_REPRESENTATION_CONTEXT(2) 
PARAMETRIC_REPRESENTATION_CONTEXT() REPRESENTATION_CONTEXT('2D SPACE',''
  ) );
#2087 = PCURVE('',#2088,#2093);
#2088 = PLANE('',#2089);
#2089 = AXIS2_PLACEMENT_3D('',#2090,#2091,#2092);
#2090 = CARTESIAN_POINT('',(16.5,-37.5,447.79422863406));
#2091 = DIRECTION('',(1.,0.,0.));
#2092 = DIRECTION('',(-0.,0.,1.));
#2093 = DEFINITIONAL_REPRESENTATION('',(#2094),#2098);
#2094 = CIRCLE('',#2095,8.914213562373);
#2095 = AXIS2_PLACEMENT_2D('',#2096,#2097);
#2096 = CARTESIAN_POINT('',(-7.79422863406,4.5));
#2097 = DIRECTION('',(0.,-1.));
#2098 = ( GEOMETRIC_REPRESENTATION_CONTEXT(2) 
PARAMETRIC_REPRESENTATION_CONTEXT() REPRESENTATION_CONTEXT('2D SPACE',''
  ) );
#2099 = ORIENTED_EDGE('',*,*,#2100,.T.);
#2100 = EDGE_CURVE('',#2072,#2101,#2103,.T.);
#2101 = VERTEX_POINT('',#2102);
#2102 = CARTESIAN_POINT('',(16.,-38.11937031488,448.12038873743));
#2103 = SURFACE_CURVE('',#2104,(#2112,#2123),.PCURVE_S1.);
#2104 = B_SPLINE_CURVE_WITH_KNOTS('',6,(#2105,#2106,#2107,#2108,#2109,
    #2110,#2111),.UNSPECIFIED.,.F.,.F.,(7,7),(0.,1.),
  .PIECEWISE_BEZIER_KNOTS.);
#2105 = CARTESIAN_POINT('',(16.5000006,-38.1546234395,448.04215635023));
#2106 = CARTESIAN_POINT('',(16.421145665275,-38.14471409969,
    448.06832077653));
#2107 = CARTESIAN_POINT('',(16.339684739267,-38.13537285038,
    448.08919788013));
#2108 = CARTESIAN_POINT('',(16.25619127237,-38.12758029311,
    448.10480228202));
#2109 = CARTESIAN_POINT('',(16.171284765713,-38.12210584416,
    448.11519297156));
#2110 = CARTESIAN_POINT('',(16.085640402002,-38.11937031488,
    448.12038873743));
#2111 = CARTESIAN_POINT('',(16.,-38.11937031488,448.12038873743));
#2112 = PCURVE('',#71,#2113);
#2113 = DEFINITIONAL_REPRESENTATION('',(#2114),#2122);
#2114 = B_SPLINE_CURVE_WITH_KNOTS('',6,(#2115,#2116,#2117,#2118,#2119,
    #2120,#2121),.UNSPECIFIED.,.F.,.F.,(7,7),(0.,1.),
  .PIECEWISE_BEZIER_KNOTS.);
#2115 = CARTESIAN_POINT('',(1.124779032487,0.339837373669));
#2116 = CARTESIAN_POINT('',(1.125042294138,0.284078505444));
#2117 = CARTESIAN_POINT('',(1.125105233897,0.22779585278));
#2118 = CARTESIAN_POINT('',(1.1250712283,0.171129584176));
#2119 = CARTESIAN_POINT('',(1.125020281295,0.114189716622));
#2120 = CARTESIAN_POINT('',(1.124994946809,5.70936013345E-02));
#2121 = CARTESIAN_POINT('',(1.124994946809,0.));
#2122 = ( GEOMETRIC_REPRESENTATION_CONTEXT(2) 
PARAMETRIC_REPRESENTATION_CONTEXT() REPRESENTATION_CONTEXT('2D SPACE',''
  ) );
#2123 = PCURVE('',#478,#2124);
#2124 = DEFINITIONAL_REPRESENTATION('',(#2125),#2133);
#2125 = B_SPLINE_CURVE_WITH_KNOTS('',6,(#2126,#2127,#2128,#2129,#2130,
    #2131,#2132),.UNSPECIFIED.,.F.,.F.,(7,7),(0.,1.),
  .PIECEWISE_BEZIER_KNOTS.);
#2126 = CARTESIAN_POINT('',(-2.779552949556,-5.0000006));
#2127 = CARTESIAN_POINT('',(-2.739584282762,-4.921145665275));
#2128 = CARTESIAN_POINT('',(-2.706967172562,-4.839684739267));
#2129 = CARTESIAN_POINT('',(-2.682060391324,-4.75619127237));
#2130 = CARTESIAN_POINT('',(-2.665280632565,-4.671284765713));
#2131 = CARTESIAN_POINT('',(-2.656892575797,-4.585640402002));
#2132 = CARTESIAN_POINT('',(-2.656892575797,-4.5));
#2133 = ( GEOMETRIC_REPRESENTATION_CONTEXT(2) 
PARAMETRIC_REPRESENTATION_CONTEXT() REPRESENTATION_CONTEXT('2D SPACE',''
  ) );
#2134 = ORIENTED_EDGE('',*,*,#2135,.T.);
#2135 = EDGE_CURVE('',#2101,#2136,#2138,.T.);
#2136 = VERTEX_POINT('',#2137);
#2137 = CARTESIAN_POINT('',(16.,-39.00203762351,448.48600150772));
#2138 = SURFACE_CURVE('',#2139,(#2144,#2151),.PCURVE_S1.);
#2139 = CIRCLE('',#2140,9.);
#2140 = AXIS2_PLACEMENT_3D('',#2141,#2142,#2143);
#2141 = CARTESIAN_POINT('',(16.,-42.,440.));
#2142 = DIRECTION('',(1.,0.,0.));
#2143 = DIRECTION('',(-0.,1.,0.));
#2144 = PCURVE('',#71,#2145);
#2145 = DEFINITIONAL_REPRESENTATION('',(#2146),#2150);
#2146 = LINE('',#2147,#2148);
#2147 = CARTESIAN_POINT('',(0.,0.));
#2148 = VECTOR('',#2149,1.);
#2149 = DIRECTION('',(1.,0.));
#2150 = ( GEOMETRIC_REPRESENTATION_CONTEXT(2) 
PARAMETRIC_REPRESENTATION_CONTEXT() REPRESENTATION_CONTEXT('2D SPACE',''
  ) );
#2151 = PCURVE('',#507,#2152);
#2152 = DEFINITIONAL_REPRESENTATION('',(#2153),#2157);
#2153 = LINE('',#2154,#2155);
#2154 = CARTESIAN_POINT('',(-0.,-4.5));
#2155 = VECTOR('',#2156,1.);
#2156 = DIRECTION('',(-1.,0.));
#2157 = ( GEOMETRIC_REPRESENTATION_CONTEXT(2) 
PARAMETRIC_REPRESENTATION_CONTEXT() REPRESENTATION_CONTEXT('2D SPACE',''
  ) );
#2158 = ORIENTED_EDGE('',*,*,#2159,.T.);
#2159 = EDGE_CURVE('',#2136,#2160,#2162,.T.);
#2160 = VERTEX_POINT('',#2161);
#2161 = CARTESIAN_POINT('',(16.5,-39.03242846406,448.40575532684));
#2162 = SURFACE_CURVE('',#2163,(#2171,#2182),.PCURVE_S1.);
#2163 = B_SPLINE_CURVE_WITH_KNOTS('',6,(#2164,#2165,#2166,#2167,#2168,
    #2169,#2170),.UNSPECIFIED.,.F.,.F.,(7,7),(0.,1.),
  .PIECEWISE_BEZIER_KNOTS.);
#2164 = CARTESIAN_POINT('',(16.,-39.00203762351,448.48600150772));
#2165 = CARTESIAN_POINT('',(16.085640399606,-39.00203762351,
    448.48600150772));
#2166 = CARTESIAN_POINT('',(16.17128475416,-39.00377727104,
    448.48039324016));
#2167 = CARTESIAN_POINT('',(16.256191290282,-39.00725358645,
    448.46917487662));
#2168 = CARTESIAN_POINT('',(16.339684710518,-39.01277738225,
    448.452630753));
#2169 = CARTESIAN_POINT('',(16.42114566384,-39.02093447096,
    448.43126313541));
#2170 = CARTESIAN_POINT('',(16.5000006,-39.03242855152,448.40575513275)
  );
#2171 = PCURVE('',#71,#2172);
#2172 = DEFINITIONAL_REPRESENTATION('',(#2173),#2181);
#2173 = B_SPLINE_CURVE_WITH_KNOTS('',6,(#2174,#2175,#2176,#2177,#2178,
    #2179,#2180),.UNSPECIFIED.,.F.,.F.,(7,7),(0.,1.),
  .PIECEWISE_BEZIER_KNOTS.);
#2174 = CARTESIAN_POINT('',(1.231199543384,0.));
#2175 = CARTESIAN_POINT('',(1.231199543384,5.709359973718E-02));
#2176 = CARTESIAN_POINT('',(1.231174216962,0.114189759401));
#2177 = CARTESIAN_POINT('',(1.231123241484,0.171129468286));
#2178 = CARTESIAN_POINT('',(1.231089275921,0.227795956418));
#2179 = CARTESIAN_POINT('',(1.231152191115,0.284078473451));
#2180 = CARTESIAN_POINT('',(1.231415452684,0.339837342068));
#2181 = ( GEOMETRIC_REPRESENTATION_CONTEXT(2) 
PARAMETRIC_REPRESENTATION_CONTEXT() REPRESENTATION_CONTEXT('2D SPACE',''
  ) );
#2182 = PCURVE('',#536,#2183);
#2183 = DEFINITIONAL_REPRESENTATION('',(#2184),#2192);
#2184 = B_SPLINE_CURVE_WITH_KNOTS('',6,(#2185,#2186,#2187,#2188,#2189,
    #2190,#2191),.UNSPECIFIED.,.F.,.F.,(7,7),(0.,1.),
  .PIECEWISE_BEZIER_KNOTS.);
#2185 = CARTESIAN_POINT('',(-5.982487221574,-4.5));
#2186 = CARTESIAN_POINT('',(-5.982487221574,-4.585640399606));
#2187 = CARTESIAN_POINT('',(-5.974099172778,-4.67128475416));
#2188 = CARTESIAN_POINT('',(-5.957319387605,-4.756191290282));
#2189 = CARTESIAN_POINT('',(-5.932412646049,-4.839684710518));
#2190 = CARTESIAN_POINT('',(-5.899795511254,-4.92114566384));
#2191 = CARTESIAN_POINT('',(-5.859826847816,-5.0000006));
#2192 = ( GEOMETRIC_REPRESENTATION_CONTEXT(2) 
PARAMETRIC_REPRESENTATION_CONTEXT() REPRESENTATION_CONTEXT('2D SPACE',''
  ) );
#2193 = ORIENTED_EDGE('',*,*,#2194,.T.);
#2194 = EDGE_CURVE('',#2160,#2195,#2197,.T.);
#2195 = VERTEX_POINT('',#2196);
#2196 = CARTESIAN_POINT('',(16.5,-40.36711467424,448.763383419));
#2197 = SURFACE_CURVE('',#2198,(#2203,#2210),.PCURVE_S1.);
#2198 = CIRCLE('',#2199,8.914213562373);
#2199 = AXIS2_PLACEMENT_3D('',#2200,#2201,#2202);
#2200 = CARTESIAN_POINT('',(16.5,-42.,440.));
#2201 = DIRECTION('',(1.,0.,0.));
#2202 = DIRECTION('',(-0.,1.,0.));
#2203 = PCURVE('',#71,#2204);
#2204 = DEFINITIONAL_REPRESENTATION('',(#2205),#2209);
#2205 = LINE('',#2206,#2207);
#2206 = CARTESIAN_POINT('',(0.,0.339836909454));
#2207 = VECTOR('',#2208,1.);
#2208 = DIRECTION('',(1.,0.));
#2209 = ( GEOMETRIC_REPRESENTATION_CONTEXT(2) 
PARAMETRIC_REPRESENTATION_CONTEXT() REPRESENTATION_CONTEXT('2D SPACE',''
  ) );
#2210 = PCURVE('',#2211,#2216);
#2211 = PLANE('',#2212);
#2212 = AXIS2_PLACEMENT_3D('',#2213,#2214,#2215);
#2213 = CARTESIAN_POINT('',(16.5,-39.67062859407,448.6933324366));
#2214 = DIRECTION('',(1.,0.,0.));
#2215 = DIRECTION('',(-0.,0.,1.));
#2216 = DEFINITIONAL_REPRESENTATION('',(#2217),#2221);
#2217 = CIRCLE('',#2218,8.914213562373);
#2218 = AXIS2_PLACEMENT_2D('',#2219,#2220);
#2219 = CARTESIAN_POINT('',(-8.693332436602,2.329371405923));
#2220 = DIRECTION('',(0.,-1.));
#2221 = ( GEOMETRIC_REPRESENTATION_CONTEXT(2) 
PARAMETRIC_REPRESENTATION_CONTEXT() REPRESENTATION_CONTEXT('2D SPACE',''
  ) );
#2222 = ORIENTED_EDGE('',*,*,#2223,.T.);
#2223 = EDGE_CURVE('',#2195,#2224,#2226,.T.);
#2224 = VERTEX_POINT('',#2225);
#2225 = CARTESIAN_POINT('',(16.,-40.35331082376,448.84807407049));
#2226 = SURFACE_CURVE('',#2227,(#2235,#2246),.PCURVE_S1.);
#2227 = B_SPLINE_CURVE_WITH_KNOTS('',6,(#2228,#2229,#2230,#2231,#2232,
    #2233,#2234),.UNSPECIFIED.,.F.,.F.,(7,7),(0.,1.),
  .PIECEWISE_BEZIER_KNOTS.);
#2228 = CARTESIAN_POINT('',(16.5000006,-40.36711469554,448.76338320719)
  );
#2229 = CARTESIAN_POINT('',(16.421145665171,-40.36431486012,
    448.79122082821));
#2230 = CARTESIAN_POINT('',(16.339684739657,-40.3606952982,
    448.81380425474));
#2231 = CARTESIAN_POINT('',(16.256191272606,-40.35720698229,
    448.83089381198));
#2232 = CARTESIAN_POINT('',(16.171284765858,-40.35460837897,
    448.84234733896));
#2233 = CARTESIAN_POINT('',(16.085640401854,-40.35331082376,
    448.84807407049));
#2234 = CARTESIAN_POINT('',(16.,-40.35331082376,448.84807407049));
#2235 = PCURVE('',#71,#2236);
#2236 = DEFINITIONAL_REPRESENTATION('',(#2237),#2245);
#2237 = B_SPLINE_CURVE_WITH_KNOTS('',6,(#2238,#2239,#2240,#2241,#2242,
    #2243,#2244),.UNSPECIFIED.,.F.,.F.,(7,7),(0.,1.),
  .PIECEWISE_BEZIER_KNOTS.);
#2238 = CARTESIAN_POINT('',(1.386578420259,0.339837373842));
#2239 = CARTESIAN_POINT('',(1.386841681911,0.284078505539));
#2240 = CARTESIAN_POINT('',(1.386904621801,0.227795852381));
#2241 = CARTESIAN_POINT('',(1.386870615991,0.171129585031));
#2242 = CARTESIAN_POINT('',(1.386819669137,0.114189716442));
#2243 = CARTESIAN_POINT('',(1.386794334608,5.709360123614E-02));
#2244 = CARTESIAN_POINT('',(1.386794334608,0.));
#2245 = ( GEOMETRIC_REPRESENTATION_CONTEXT(2) 
PARAMETRIC_REPRESENTATION_CONTEXT() REPRESENTATION_CONTEXT('2D SPACE',''
  ) );
#2246 = PCURVE('',#536,#2247);
#2247 = DEFINITIONAL_REPRESENTATION('',(#2248),#2256);
#2248 = B_SPLINE_CURVE_WITH_KNOTS('',6,(#2249,#2250,#2251,#2252,#2253,
    #2254,#2255),.UNSPECIFIED.,.F.,.F.,(7,7),(0.,1.),
  .PIECEWISE_BEZIER_KNOTS.);
#2249 = CARTESIAN_POINT('',(-3.041352337355,-5.0000006));
#2250 = CARTESIAN_POINT('',(-3.001383670486,-4.921145665171));
#2251 = CARTESIAN_POINT('',(-2.968766560616,-4.839684739657));
#2252 = CARTESIAN_POINT('',(-2.94385977909,-4.756191272606));
#2253 = CARTESIAN_POINT('',(-2.927080020369,-4.671284765858));
#2254 = CARTESIAN_POINT('',(-2.918691963597,-4.585640401854));
#2255 = CARTESIAN_POINT('',(-2.918691963597,-4.5));
#2256 = ( GEOMETRIC_REPRESENTATION_CONTEXT(2) 
PARAMETRIC_REPRESENTATION_CONTEXT() REPRESENTATION_CONTEXT('2D SPACE',''
  ) );
#2257 = ORIENTED_EDGE('',*,*,#2258,.T.);
#2258 = EDGE_CURVE('',#2224,#2259,#2261,.T.);
#2259 = VERTEX_POINT('',#2260);
#2260 = CARTESIAN_POINT('',(16.,-41.30052952127,448.97277777777));
#2261 = SURFACE_CURVE('',#2262,(#2267,#2274),.PCURVE_S1.);
#2262 = CIRCLE('',#2263,9.);
#2263 = AXIS2_PLACEMENT_3D('',#2264,#2265,#2266);
#2264 = CARTESIAN_POINT('',(16.,-42.,440.));
#2265 = DIRECTION('',(1.,0.,0.));
#2266 = DIRECTION('',(-0.,1.,0.));
#2267 = PCURVE('',#71,#2268);
#2268 = DEFINITIONAL_REPRESENTATION('',(#2269),#2273);
#2269 = LINE('',#2270,#2271);
#2270 = CARTESIAN_POINT('',(0.,0.));
#2271 = VECTOR('',#2272,1.);
#2272 = DIRECTION('',(1.,0.));
#2273 = ( GEOMETRIC_REPRESENTATION_CONTEXT(2) 
PARAMETRIC_REPRESENTATION_CONTEXT() REPRESENTATION_CONTEXT('2D SPACE',''
  ) );
#2274 = PCURVE('',#565,#2275);
#2275 = DEFINITIONAL_REPRESENTATION('',(#2276),#2280);
#2276 = LINE('',#2277,#2278);
#2277 = CARTESIAN_POINT('',(-0.,-4.5));
#2278 = VECTOR('',#2279,1.);
#2279 = DIRECTION('',(-1.,0.));
#2280 = ( GEOMETRIC_REPRESENTATION_CONTEXT(2) 
PARAMETRIC_REPRESENTATION_CONTEXT() REPRESENTATION_CONTEXT('2D SPACE',''
  ) );
#2281 = ORIENTED_EDGE('',*,*,#2282,.T.);
#2282 = EDGE_CURVE('',#2259,#2283,#2285,.T.);
#2283 = VERTEX_POINT('',#2284);
#2284 = CARTESIAN_POINT('',(16.5,-41.30911557914,448.88740019086));
#2285 = SURFACE_CURVE('',#2286,(#2294,#2305),.PCURVE_S1.);
#2286 = B_SPLINE_CURVE_WITH_KNOTS('',6,(#2287,#2288,#2289,#2290,#2291,
    #2292,#2293),.UNSPECIFIED.,.F.,.F.,(7,7),(0.,1.),
  .PIECEWISE_BEZIER_KNOTS.);
#2287 = CARTESIAN_POINT('',(16.,-41.30052952127,448.97277777777));
#2288 = CARTESIAN_POINT('',(16.085640399606,-41.30052952127,
    448.97277777777));
#2289 = CARTESIAN_POINT('',(16.171284754161,-41.30075836529,
    448.96691035338));
#2290 = CARTESIAN_POINT('',(16.256191290281,-41.30121270199,
    448.95517450968));
#2291 = CARTESIAN_POINT('',(16.33968471052,-41.30226634474,
    448.93776444984));
#2292 = CARTESIAN_POINT('',(16.421145663841,-41.30461514101,
    448.91501370626));
#2293 = CARTESIAN_POINT('',(16.5000006,-41.30911561338,448.88739998075)
  );
#2294 = PCURVE('',#71,#2295);
#2295 = DEFINITIONAL_REPRESENTATION('',(#2296),#2304);
#2296 = B_SPLINE_CURVE_WITH_KNOTS('',6,(#2297,#2298,#2299,#2300,#2301,
    #2302,#2303),.UNSPECIFIED.,.F.,.F.,(7,7),(0.,1.),
  .PIECEWISE_BEZIER_KNOTS.);
#2297 = CARTESIAN_POINT('',(1.492998931183,0.));
#2298 = CARTESIAN_POINT('',(1.492998931183,5.709359973738E-02));
#2299 = CARTESIAN_POINT('',(1.49297360476,0.114189759398));
#2300 = CARTESIAN_POINT('',(1.492922629284,0.171129468293));
#2301 = CARTESIAN_POINT('',(1.492888663719,0.227795956412));
#2302 = CARTESIAN_POINT('',(1.492951578914,0.284078473453));
#2303 = CARTESIAN_POINT('',(1.493214840483,0.339837342069));
#2304 = ( GEOMETRIC_REPRESENTATION_CONTEXT(2) 
PARAMETRIC_REPRESENTATION_CONTEXT() REPRESENTATION_CONTEXT('2D SPACE',''
  ) );
#2305 = PCURVE('',#594,#2306);
#2306 = DEFINITIONAL_REPRESENTATION('',(#2307),#2315);
#2307 = B_SPLINE_CURVE_WITH_KNOTS('',6,(#2308,#2309,#2310,#2311,#2312,
    #2313,#2314),.UNSPECIFIED.,.F.,.F.,(7,7),(0.,1.),
  .PIECEWISE_BEZIER_KNOTS.);
#2308 = CARTESIAN_POINT('',(-6.244286609374,-4.5));
#2309 = CARTESIAN_POINT('',(-6.244286609374,-4.585640399606));
#2310 = CARTESIAN_POINT('',(-6.235898560576,-4.671284754161));
#2311 = CARTESIAN_POINT('',(-6.219118775405,-4.756191290281));
#2312 = CARTESIAN_POINT('',(-6.194212033847,-4.83968471052));
#2313 = CARTESIAN_POINT('',(-6.161594899054,-4.921145663841));
#2314 = CARTESIAN_POINT('',(-6.121626235615,-5.0000006));
#2315 = ( GEOMETRIC_REPRESENTATION_CONTEXT(2) 
PARAMETRIC_REPRESENTATION_CONTEXT() REPRESENTATION_CONTEXT('2D SPACE',''
  ) );
#2316 = ORIENTED_EDGE('',*,*,#2317,.T.);
#2317 = EDGE_CURVE('',#2283,#2318,#2320,.T.);
#2318 = VERTEX_POINT('',#2319);
#2319 = CARTESIAN_POINT('',(16.5,-42.69088442085,448.88740019086));
#2320 = SURFACE_CURVE('',#2321,(#2326,#2333),.PCURVE_S1.);
#2321 = CIRCLE('',#2322,8.914213562373);
#2322 = AXIS2_PLACEMENT_3D('',#2323,#2324,#2325);
#2323 = CARTESIAN_POINT('',(16.5,-42.,440.));
#2324 = DIRECTION('',(1.,0.,0.));
#2325 = DIRECTION('',(-0.,1.,0.));
#2326 = PCURVE('',#71,#2327);
#2327 = DEFINITIONAL_REPRESENTATION('',(#2328),#2332);
#2328 = LINE('',#2329,#2330);
#2329 = CARTESIAN_POINT('',(0.,0.339836909454));
#2330 = VECTOR('',#2331,1.);
#2331 = DIRECTION('',(1.,0.));
#2332 = ( GEOMETRIC_REPRESENTATION_CONTEXT(2) 
PARAMETRIC_REPRESENTATION_CONTEXT() REPRESENTATION_CONTEXT('2D SPACE',''
  ) );
#2333 = PCURVE('',#2334,#2339);
#2334 = PLANE('',#2335);
#2335 = AXIS2_PLACEMENT_3D('',#2336,#2337,#2338);
#2336 = CARTESIAN_POINT('',(16.5,-42.,449.));
#2337 = DIRECTION('',(1.,0.,0.));
#2338 = DIRECTION('',(-0.,0.,1.));
#2339 = DEFINITIONAL_REPRESENTATION('',(#2340),#2344);
#2340 = CIRCLE('',#2341,8.914213562373);
#2341 = AXIS2_PLACEMENT_2D('',#2342,#2343);
#2342 = CARTESIAN_POINT('',(-9.,7.105427357601E-15));
#2343 = DIRECTION('',(0.,-1.));
#2344 = ( GEOMETRIC_REPRESENTATION_CONTEXT(2) 
PARAMETRIC_REPRESENTATION_CONTEXT() REPRESENTATION_CONTEXT('2D SPACE',''
  ) );
#2345 = ORIENTED_EDGE('',*,*,#2346,.T.);
#2346 = EDGE_CURVE('',#2318,#2347,#2349,.T.);
#2347 = VERTEX_POINT('',#2348);
#2348 = CARTESIAN_POINT('',(16.,-42.69947047872,448.97277777777));
#2349 = SURFACE_CURVE('',#2350,(#2358,#2369),.PCURVE_S1.);
#2350 = B_SPLINE_CURVE_WITH_KNOTS('',6,(#2351,#2352,#2353,#2354,#2355,
    #2356,#2357),.UNSPECIFIED.,.F.,.F.,(7,7),(0.,1.),
  .PIECEWISE_BEZIER_KNOTS.);
#2351 = CARTESIAN_POINT('',(16.5000006,-42.69088438661,448.88739998075)
  );
#2352 = CARTESIAN_POINT('',(16.421145665277,-42.69538485975,
    448.91501370851));
#2353 = CARTESIAN_POINT('',(16.339684739261,-42.69773365234,
    448.93776443524));
#2354 = CARTESIAN_POINT('',(16.256191272366,-42.69878730073,
    448.95517452232));
#2355 = CARTESIAN_POINT('',(16.171284765711,-42.69924163364,
    448.96691034791));
#2356 = CARTESIAN_POINT('',(16.085640402004,-42.69947047872,
    448.97277777777));
#2357 = CARTESIAN_POINT('',(16.,-42.69947047872,448.97277777777));
#2358 = PCURVE('',#71,#2359);
#2359 = DEFINITIONAL_REPRESENTATION('',(#2360),#2368);
#2360 = B_SPLINE_CURVE_WITH_KNOTS('',6,(#2361,#2362,#2363,#2364,#2365,
    #2366,#2367),.UNSPECIFIED.,.F.,.F.,(7,7),(0.,1.),
  .PIECEWISE_BEZIER_KNOTS.);
#2361 = CARTESIAN_POINT('',(1.648377808086,0.339837373666));
#2362 = CARTESIAN_POINT('',(1.648641069737,0.284078505442));
#2363 = CARTESIAN_POINT('',(1.648704009493,0.227795852786));
#2364 = CARTESIAN_POINT('',(1.6486700039,0.171129584163));
#2365 = CARTESIAN_POINT('',(1.648619056893,0.114189716625));
#2366 = CARTESIAN_POINT('',(1.648593722407,5.709360133602E-02));
#2367 = CARTESIAN_POINT('',(1.648593722407,0.));
#2368 = ( GEOMETRIC_REPRESENTATION_CONTEXT(2) 
PARAMETRIC_REPRESENTATION_CONTEXT() REPRESENTATION_CONTEXT('2D SPACE',''
  ) );
#2369 = PCURVE('',#594,#2370);
#2370 = DEFINITIONAL_REPRESENTATION('',(#2371),#2379);
#2371 = B_SPLINE_CURVE_WITH_KNOTS('',6,(#2372,#2373,#2374,#2375,#2376,
    #2377,#2378),.UNSPECIFIED.,.F.,.F.,(7,7),(0.,1.),
  .PIECEWISE_BEZIER_KNOTS.);
#2372 = CARTESIAN_POINT('',(-3.303151725154,-5.0000006));
#2373 = CARTESIAN_POINT('',(-3.263183058361,-4.921145665277));
#2374 = CARTESIAN_POINT('',(-3.230565948156,-4.839684739261));
#2375 = CARTESIAN_POINT('',(-3.205659166923,-4.756191272366));
#2376 = CARTESIAN_POINT('',(-3.188879408163,-4.671284765711));
#2377 = CARTESIAN_POINT('',(-3.180491351396,-4.585640402004));
#2378 = CARTESIAN_POINT('',(-3.180491351396,-4.5));
#2379 = ( GEOMETRIC_REPRESENTATION_CONTEXT(2) 
PARAMETRIC_REPRESENTATION_CONTEXT() REPRESENTATION_CONTEXT('2D SPACE',''
  ) );
#2380 = ORIENTED_EDGE('',*,*,#2381,.T.);
#2381 = EDGE_CURVE('',#2347,#2382,#2384,.T.);
#2382 = VERTEX_POINT('',#2383);
#2383 = CARTESIAN_POINT('',(16.,-43.64668917623,448.84807407049));
#2384 = SURFACE_CURVE('',#2385,(#2390,#2397),.PCURVE_S1.);
#2385 = CIRCLE('',#2386,9.);
#2386 = AXIS2_PLACEMENT_3D('',#2387,#2388,#2389);
#2387 = CARTESIAN_POINT('',(16.,-42.,440.));
#2388 = DIRECTION('',(1.,0.,0.));
#2389 = DIRECTION('',(-0.,1.,0.));
#2390 = PCURVE('',#71,#2391);
#2391 = DEFINITIONAL_REPRESENTATION('',(#2392),#2396);
#2392 = LINE('',#2393,#2394);
#2393 = CARTESIAN_POINT('',(0.,0.));
#2394 = VECTOR('',#2395,1.);
#2395 = DIRECTION('',(1.,0.));
#2396 = ( GEOMETRIC_REPRESENTATION_CONTEXT(2) 
PARAMETRIC_REPRESENTATION_CONTEXT() REPRESENTATION_CONTEXT('2D SPACE',''
  ) );
#2397 = PCURVE('',#623,#2398);
#2398 = DEFINITIONAL_REPRESENTATION('',(#2399),#2403);
#2399 = LINE('',#2400,#2401);
#2400 = CARTESIAN_POINT('',(-0.,-4.5));
#2401 = VECTOR('',#2402,1.);
#2402 = DIRECTION('',(-1.,0.));
#2403 = ( GEOMETRIC_REPRESENTATION_CONTEXT(2) 
PARAMETRIC_REPRESENTATION_CONTEXT() REPRESENTATION_CONTEXT('2D SPACE',''
  ) );
#2404 = ORIENTED_EDGE('',*,*,#2405,.T.);
#2405 = EDGE_CURVE('',#2382,#2406,#2408,.T.);
#2406 = VERTEX_POINT('',#2407);
#2407 = CARTESIAN_POINT('',(16.5,-43.63288532575,448.763383419));
#2408 = SURFACE_CURVE('',#2409,(#2417,#2428),.PCURVE_S1.);
#2409 = B_SPLINE_CURVE_WITH_KNOTS('',6,(#2410,#2411,#2412,#2413,#2414,
    #2415,#2416),.UNSPECIFIED.,.F.,.F.,(7,7),(0.,1.),
  .PIECEWISE_BEZIER_KNOTS.);
#2410 = CARTESIAN_POINT('',(16.,-43.64668917623,448.84807407049));
#2411 = CARTESIAN_POINT('',(16.085640399606,-43.64668917623,
    448.84807407049));
#2412 = CARTESIAN_POINT('',(16.171284754161,-43.6453916214,
    448.84234734454));
#2413 = CARTESIAN_POINT('',(16.256191290282,-43.64279301709,
    448.83089379902));
#2414 = CARTESIAN_POINT('',(16.339684710518,-43.63930470277,
    448.81380426978));
#2415 = CARTESIAN_POINT('',(16.42114566384,-43.63568514002,
    448.79122082578));
#2416 = CARTESIAN_POINT('',(16.5000006,-43.63288530445,448.76338320719)
  );
#2417 = PCURVE('',#71,#2418);
#2418 = DEFINITIONAL_REPRESENTATION('',(#2419),#2427);
#2419 = B_SPLINE_CURVE_WITH_KNOTS('',6,(#2420,#2421,#2422,#2423,#2424,
    #2425,#2426),.UNSPECIFIED.,.F.,.F.,(7,7),(0.,1.),
  .PIECEWISE_BEZIER_KNOTS.);
#2420 = CARTESIAN_POINT('',(1.754798318982,0.));
#2421 = CARTESIAN_POINT('',(1.754798318982,5.709359973719E-02));
#2422 = CARTESIAN_POINT('',(1.75477299256,0.114189759401));
#2423 = CARTESIAN_POINT('',(1.754722017082,0.171129468286));
#2424 = CARTESIAN_POINT('',(1.754688051519,0.227795956418));
#2425 = CARTESIAN_POINT('',(1.754750966713,0.284078473451));
#2426 = CARTESIAN_POINT('',(1.755014228282,0.339837342068));
#2427 = ( GEOMETRIC_REPRESENTATION_CONTEXT(2) 
PARAMETRIC_REPRESENTATION_CONTEXT() REPRESENTATION_CONTEXT('2D SPACE',''
  ) );
#2428 = PCURVE('',#652,#2429);
#2429 = DEFINITIONAL_REPRESENTATION('',(#2430),#2438);
#2430 = B_SPLINE_CURVE_WITH_KNOTS('',6,(#2431,#2432,#2433,#2434,#2435,
    #2436,#2437),.UNSPECIFIED.,.F.,.F.,(7,7),(0.,0.999998731849),
  .PIECEWISE_BEZIER_KNOTS.);
#2431 = CARTESIAN_POINT('',(-6.506085997173,-4.5));
#2432 = CARTESIAN_POINT('',(-6.506085997173,-4.585640291001));
#2433 = CARTESIAN_POINT('',(-6.497697969651,-4.671284536941));
#2434 = CARTESIAN_POINT('',(-6.480918227041,-4.756190967259));
#2435 = CARTESIAN_POINT('',(-6.456011547989,-4.839684286989));
#2436 = CARTESIAN_POINT('',(-6.42339449367,-4.921145147316));
#2437 = CARTESIAN_POINT('',(-6.383425927532,-5.));
#2438 = ( GEOMETRIC_REPRESENTATION_CONTEXT(2) 
PARAMETRIC_REPRESENTATION_CONTEXT() REPRESENTATION_CONTEXT('2D SPACE',''
  ) );
#2439 = ORIENTED_EDGE('',*,*,#2440,.T.);
#2440 = EDGE_CURVE('',#2406,#2441,#2443,.T.);
#2441 = VERTEX_POINT('',#2442);
#2442 = CARTESIAN_POINT('',(16.5,-44.96757153593,448.40575532684));
#2443 = SURFACE_CURVE('',#2444,(#2449,#2456),.PCURVE_S1.);
#2444 = CIRCLE('',#2445,8.914213562373);
#2445 = AXIS2_PLACEMENT_3D('',#2446,#2447,#2448);
#2446 = CARTESIAN_POINT('',(16.5,-42.,440.));
#2447 = DIRECTION('',(1.,0.,0.));
#2448 = DIRECTION('',(-0.,1.,0.));
#2449 = PCURVE('',#71,#2450);
#2450 = DEFINITIONAL_REPRESENTATION('',(#2451),#2455);
#2451 = LINE('',#2452,#2453);
#2452 = CARTESIAN_POINT('',(0.,0.339836909454));
#2453 = VECTOR('',#2454,1.);
#2454 = DIRECTION('',(1.,0.));
#2455 = ( GEOMETRIC_REPRESENTATION_CONTEXT(2) 
PARAMETRIC_REPRESENTATION_CONTEXT() REPRESENTATION_CONTEXT('2D SPACE',''
  ) );
#2456 = PCURVE('',#2457,#2462);
#2457 = PLANE('',#2458);
#2458 = AXIS2_PLACEMENT_3D('',#2459,#2460,#2461);
#2459 = CARTESIAN_POINT('',(16.5,-44.32937140592,448.6933324366));
#2460 = DIRECTION('',(1.,0.,0.));
#2461 = DIRECTION('',(-0.,0.,1.));
#2462 = DEFINITIONAL_REPRESENTATION('',(#2463),#2467);
#2463 = CIRCLE('',#2464,8.914213562373);
#2464 = AXIS2_PLACEMENT_2D('',#2465,#2466);
#2465 = CARTESIAN_POINT('',(-8.693332436602,-2.329371405923));
#2466 = DIRECTION('',(0.,-1.));
#2467 = ( GEOMETRIC_REPRESENTATION_CONTEXT(2) 
PARAMETRIC_REPRESENTATION_CONTEXT() REPRESENTATION_CONTEXT('2D SPACE',''
  ) );
#2468 = ORIENTED_EDGE('',*,*,#2469,.T.);
#2469 = EDGE_CURVE('',#2441,#2470,#2472,.T.);
#2470 = VERTEX_POINT('',#2471);
#2471 = CARTESIAN_POINT('',(16.,-44.99796237648,448.48600150772));
#2472 = SURFACE_CURVE('',#2473,(#2481,#2492),.PCURVE_S1.);
#2473 = B_SPLINE_CURVE_WITH_KNOTS('',6,(#2474,#2475,#2476,#2477,#2478,
    #2479,#2480),.UNSPECIFIED.,.F.,.F.,(7,7),(0.,1.),
  .PIECEWISE_BEZIER_KNOTS.);
#2474 = CARTESIAN_POINT('',(16.5000006,-44.96757144847,448.40575513275)
  );
#2475 = CARTESIAN_POINT('',(16.421145665176,-44.97906553038,
    448.43126313744));
#2476 = CARTESIAN_POINT('',(16.339684739636,-44.98722261107,
    448.45263073949));
#2477 = CARTESIAN_POINT('',(16.256191272593,-44.9927464195,
    448.46917488815));
#2478 = CARTESIAN_POINT('',(16.17128476585,-44.9962227265,
    448.48039323514));
#2479 = CARTESIAN_POINT('',(16.085640401862,-44.99796237648,
    448.48600150772));
#2480 = CARTESIAN_POINT('',(16.,-44.99796237648,448.48600150772));
#2481 = PCURVE('',#71,#2482);
#2482 = DEFINITIONAL_REPRESENTATION('',(#2483),#2491);
#2483 = B_SPLINE_CURVE_WITH_KNOTS('',6,(#2484,#2485,#2486,#2487,#2488,
    #2489,#2490),.UNSPECIFIED.,.F.,.F.,(7,7),(0.,1.),
  .PIECEWISE_BEZIER_KNOTS.);
#2484 = CARTESIAN_POINT('',(1.910177195859,0.339837373833));
#2485 = CARTESIAN_POINT('',(1.91044045751,0.284078505534));
#2486 = CARTESIAN_POINT('',(1.910503397394,0.227795852402));
#2487 = CARTESIAN_POINT('',(1.910469391595,0.171129584985));
#2488 = CARTESIAN_POINT('',(1.910418444733,0.114189716452));
#2489 = CARTESIAN_POINT('',(1.910393110206,5.709360124143E-02));
#2490 = CARTESIAN_POINT('',(1.910393110206,0.));
#2491 = ( GEOMETRIC_REPRESENTATION_CONTEXT(2) 
PARAMETRIC_REPRESENTATION_CONTEXT() REPRESENTATION_CONTEXT('2D SPACE',''
  ) );
#2492 = PCURVE('',#652,#2493);
#2493 = DEFINITIONAL_REPRESENTATION('',(#2494),#2502);
#2494 = B_SPLINE_CURVE_WITH_KNOTS('',6,(#2495,#2496,#2497,#2498,#2499,
    #2500,#2501),.UNSPECIFIED.,.F.,.F.,(7,7),(1.268151306585E-06,1.),
  .PIECEWISE_BEZIER_KNOTS.);
#2495 = CARTESIAN_POINT('',(-3.564950808836,-5.));
#2496 = CARTESIAN_POINT('',(-3.524982239271,-4.921145148653));
#2497 = CARTESIAN_POINT('',(-3.492365209858,-4.839684316107));
#2498 = CARTESIAN_POINT('',(-3.467458490852,-4.75619094957));
#2499 = CARTESIAN_POINT('',(-3.450678774693,-4.67128454863));
#2500 = CARTESIAN_POINT('',(-3.442290739195,-4.585640293257));
#2501 = CARTESIAN_POINT('',(-3.442290739195,-4.5));
#2502 = ( GEOMETRIC_REPRESENTATION_CONTEXT(2) 
PARAMETRIC_REPRESENTATION_CONTEXT() REPRESENTATION_CONTEXT('2D SPACE',''
  ) );
#2503 = ORIENTED_EDGE('',*,*,#2504,.T.);
#2504 = EDGE_CURVE('',#2470,#2505,#2507,.T.);
#2505 = VERTEX_POINT('',#2506);
#2506 = CARTESIAN_POINT('',(16.,-45.88062968511,448.12038873743));
#2507 = SURFACE_CURVE('',#2508,(#2513,#2520),.PCURVE_S1.);
#2508 = CIRCLE('',#2509,9.);
#2509 = AXIS2_PLACEMENT_3D('',#2510,#2511,#2512);
#2510 = CARTESIAN_POINT('',(16.,-42.,440.));
#2511 = DIRECTION('',(1.,0.,0.));
#2512 = DIRECTION('',(-0.,1.,0.));
#2513 = PCURVE('',#71,#2514);
#2514 = DEFINITIONAL_REPRESENTATION('',(#2515),#2519);
#2515 = LINE('',#2516,#2517);
#2516 = CARTESIAN_POINT('',(0.,0.));
#2517 = VECTOR('',#2518,1.);
#2518 = DIRECTION('',(1.,0.));
#2519 = ( GEOMETRIC_REPRESENTATION_CONTEXT(2) 
PARAMETRIC_REPRESENTATION_CONTEXT() REPRESENTATION_CONTEXT('2D SPACE',''
  ) );
#2520 = PCURVE('',#681,#2521);
#2521 = DEFINITIONAL_REPRESENTATION('',(#2522),#2526);
#2522 = LINE('',#2523,#2524);
#2523 = CARTESIAN_POINT('',(-0.,-4.5));
#2524 = VECTOR('',#2525,1.);
#2525 = DIRECTION('',(-1.,0.));
#2526 = ( GEOMETRIC_REPRESENTATION_CONTEXT(2) 
PARAMETRIC_REPRESENTATION_CONTEXT() REPRESENTATION_CONTEXT('2D SPACE',''
  ) );
#2527 = ORIENTED_EDGE('',*,*,#2528,.T.);
#2528 = EDGE_CURVE('',#2505,#2529,#2531,.T.);
#2529 = VERTEX_POINT('',#2530);
#2530 = CARTESIAN_POINT('',(16.5,-45.84537663589,448.04215654931));
#2531 = SURFACE_CURVE('',#2532,(#2540,#2551),.PCURVE_S1.);
#2532 = B_SPLINE_CURVE_WITH_KNOTS('',6,(#2533,#2534,#2535,#2536,#2537,
    #2538,#2539),.UNSPECIFIED.,.F.,.F.,(7,7),(0.,1.),
  .PIECEWISE_BEZIER_KNOTS.);
#2533 = CARTESIAN_POINT('',(16.,-45.88062968511,448.12038873743));
#2534 = CARTESIAN_POINT('',(16.085640399606,-45.88062968511,
    448.12038873743));
#2535 = CARTESIAN_POINT('',(16.171284754161,-45.87789415765,
    448.11519297683));
#2536 = CARTESIAN_POINT('',(16.256191290281,-45.87241970292,
    448.1048022697));
#2537 = CARTESIAN_POINT('',(16.33968471052,-45.86462715439,
    448.08919789423));
#2538 = CARTESIAN_POINT('',(16.421145663841,-45.85528589984,
    448.0683207742));
#2539 = CARTESIAN_POINT('',(16.5000006,-45.84537656049,448.04215635023)
  );
#2540 = PCURVE('',#71,#2541);
#2541 = DEFINITIONAL_REPRESENTATION('',(#2542),#2550);
#2542 = B_SPLINE_CURVE_WITH_KNOTS('',6,(#2543,#2544,#2545,#2546,#2547,
    #2548,#2549),.UNSPECIFIED.,.F.,.F.,(7,7),(0.,1.),
  .PIECEWISE_BEZIER_KNOTS.);
#2543 = CARTESIAN_POINT('',(2.016597706781,0.));
#2544 = CARTESIAN_POINT('',(2.016597706781,5.709359973734E-02));
#2545 = CARTESIAN_POINT('',(2.016572380359,0.114189759399));
#2546 = CARTESIAN_POINT('',(2.016521404883,0.171129468292));
#2547 = CARTESIAN_POINT('',(2.016487439317,0.227795956413));
#2548 = CARTESIAN_POINT('',(2.016550354512,0.284078473453));
#2549 = CARTESIAN_POINT('',(2.016813616081,0.339837342069));
#2550 = ( GEOMETRIC_REPRESENTATION_CONTEXT(2) 
PARAMETRIC_REPRESENTATION_CONTEXT() REPRESENTATION_CONTEXT('2D SPACE',''
  ) );
#2551 = PCURVE('',#710,#2552);
#2552 = DEFINITIONAL_REPRESENTATION('',(#2553),#2561);
#2553 = B_SPLINE_CURVE_WITH_KNOTS('',6,(#2554,#2555,#2556,#2557,#2558,
    #2559,#2560),.UNSPECIFIED.,.F.,.F.,(7,7),(0.,0.999998731849),
  .PIECEWISE_BEZIER_KNOTS.);
#2554 = CARTESIAN_POINT('',(-6.767885384972,-4.5));
#2555 = CARTESIAN_POINT('',(-6.767885384972,-4.585640291001));
#2556 = CARTESIAN_POINT('',(-6.759497357449,-4.671284536941));
#2557 = CARTESIAN_POINT('',(-6.742717614841,-4.756190967258));
#2558 = CARTESIAN_POINT('',(-6.717810935787,-4.839684286991));
#2559 = CARTESIAN_POINT('',(-6.685193881469,-4.921145147317));
#2560 = CARTESIAN_POINT('',(-6.645225315331,-5.));
#2561 = ( GEOMETRIC_REPRESENTATION_CONTEXT(2) 
PARAMETRIC_REPRESENTATION_CONTEXT() REPRESENTATION_CONTEXT('2D SPACE',''
  ) );
#2562 = ORIENTED_EDGE('',*,*,#2563,.T.);
#2563 = EDGE_CURVE('',#2529,#2564,#2566,.T.);
#2564 = VERTEX_POINT('',#2565);
#2565 = CARTESIAN_POINT('',(16.5,-47.04202355497,447.35127212846));
#2566 = SURFACE_CURVE('',#2567,(#2572,#2579),.PCURVE_S1.);
#2567 = CIRCLE('',#2568,8.914213562373);
#2568 = AXIS2_PLACEMENT_3D('',#2569,#2570,#2571);
#2569 = CARTESIAN_POINT('',(16.5,-42.,440.));
#2570 = DIRECTION('',(1.,0.,0.));
#2571 = DIRECTION('',(-0.,1.,0.));
#2572 = PCURVE('',#71,#2573);
#2573 = DEFINITIONAL_REPRESENTATION('',(#2574),#2578);
#2574 = LINE('',#2575,#2576);
#2575 = CARTESIAN_POINT('',(0.,0.339836909454));
#2576 = VECTOR('',#2577,1.);
#2577 = DIRECTION('',(1.,0.));
#2578 = ( GEOMETRIC_REPRESENTATION_CONTEXT(2) 
PARAMETRIC_REPRESENTATION_CONTEXT() REPRESENTATION_CONTEXT('2D SPACE',''
  ) );
#2579 = PCURVE('',#2580,#2585);
#2580 = PLANE('',#2581);
#2581 = AXIS2_PLACEMENT_3D('',#2582,#2583,#2584);
#2582 = CARTESIAN_POINT('',(16.5,-46.5,447.79422863406));
#2583 = DIRECTION('',(1.,0.,0.));
#2584 = DIRECTION('',(-0.,0.,1.));
#2585 = DEFINITIONAL_REPRESENTATION('',(#2586),#2590);
#2586 = CIRCLE('',#2587,8.914213562373);
#2587 = AXIS2_PLACEMENT_2D('',#2588,#2589);
#2588 = CARTESIAN_POINT('',(-7.79422863406,-4.5));
#2589 = DIRECTION('',(0.,-1.));
#2590 = ( GEOMETRIC_REPRESENTATION_CONTEXT(2) 
PARAMETRIC_REPRESENTATION_CONTEXT() REPRESENTATION_CONTEXT('2D SPACE',''
  ) );
#2591 = ORIENTED_EDGE('',*,*,#2592,.T.);
#2592 = EDGE_CURVE('',#2564,#2593,#2595,.T.);
#2593 = VERTEX_POINT('',#2594);
#2594 = CARTESIAN_POINT('',(16.,-47.09214809266,447.4209182587));
#2595 = SURFACE_CURVE('',#2596,(#2604,#2615),.PCURVE_S1.);
#2596 = B_SPLINE_CURVE_WITH_KNOTS('',6,(#2597,#2598,#2599,#2600,#2601,
    #2602,#2603),.UNSPECIFIED.,.F.,.F.,(7,7),(0.,1.),
  .PIECEWISE_BEZIER_KNOTS.);
#2597 = CARTESIAN_POINT('',(16.5000006,-47.04202342026,447.35127196362)
  );
#2598 = CARTESIAN_POINT('',(16.421145665272,-47.05972780821,
    447.37293591679));
#2599 = CARTESIAN_POINT('',(16.33968473928,-47.07313728562,
    447.39146422778));
#2600 = CARTESIAN_POINT('',(16.256191272378,-47.08275481544,
    447.40601498129));
#2601 = CARTESIAN_POINT('',(16.171284765718,-47.08901619207,
    447.41595133792));
#2602 = CARTESIAN_POINT('',(16.085640401997,-47.09214809266,
    447.4209182587));
#2603 = CARTESIAN_POINT('',(16.,-47.09214809266,447.4209182587));
#2604 = PCURVE('',#71,#2605);
#2605 = DEFINITIONAL_REPRESENTATION('',(#2606),#2614);
#2606 = B_SPLINE_CURVE_WITH_KNOTS('',6,(#2607,#2608,#2609,#2610,#2611,
    #2612,#2613),.UNSPECIFIED.,.F.,.F.,(7,7),(0.,1.),
  .PIECEWISE_BEZIER_KNOTS.);
#2607 = CARTESIAN_POINT('',(2.171976583683,0.339837373675));
#2608 = CARTESIAN_POINT('',(2.172239845334,0.284078505447));
#2609 = CARTESIAN_POINT('',(2.172302785097,0.227795852767));
#2610 = CARTESIAN_POINT('',(2.172268779493,0.171129584205));
#2611 = CARTESIAN_POINT('',(2.172217832493,0.114189716616));
#2612 = CARTESIAN_POINT('',(2.172192498005,5.709360133118E-02));
#2613 = CARTESIAN_POINT('',(2.172192498005,0.));
#2614 = ( GEOMETRIC_REPRESENTATION_CONTEXT(2) 
PARAMETRIC_REPRESENTATION_CONTEXT() REPRESENTATION_CONTEXT('2D SPACE',''
  ) );
#2615 = PCURVE('',#710,#2616);
#2616 = DEFINITIONAL_REPRESENTATION('',(#2617),#2625);
#2617 = B_SPLINE_CURVE_WITH_KNOTS('',6,(#2618,#2619,#2620,#2621,#2622,
    #2623,#2624),.UNSPECIFIED.,.F.,.F.,(7,7),(1.268151311856E-06,1.),
  .PIECEWISE_BEZIER_KNOTS.);
#2618 = CARTESIAN_POINT('',(-3.826750196635,-5.));
#2619 = CARTESIAN_POINT('',(-3.786781627139,-4.921145148748));
#2620 = CARTESIAN_POINT('',(-3.754164597425,-4.839684315751));
#2621 = CARTESIAN_POINT('',(-3.729257878682,-4.756190949355));
#2622 = CARTESIAN_POINT('',(-3.712478162487,-4.671284548498));
#2623 = CARTESIAN_POINT('',(-3.704090126994,-4.585640293392));
#2624 = CARTESIAN_POINT('',(-3.704090126994,-4.5));
#2625 = ( GEOMETRIC_REPRESENTATION_CONTEXT(2) 
PARAMETRIC_REPRESENTATION_CONTEXT() REPRESENTATION_CONTEXT('2D SPACE',''
  ) );
#2626 = ORIENTED_EDGE('',*,*,#2627,.T.);
#2627 = EDGE_CURVE('',#2593,#2628,#2630,.T.);
#2628 = VERTEX_POINT('',#2629);
#2629 = CARTESIAN_POINT('',(16.,-47.85011169396,446.83931233152));
#2630 = SURFACE_CURVE('',#2631,(#2636,#2643),.PCURVE_S1.);
#2631 = CIRCLE('',#2632,9.);
#2632 = AXIS2_PLACEMENT_3D('',#2633,#2634,#2635);
#2633 = CARTESIAN_POINT('',(16.,-42.,440.));
#2634 = DIRECTION('',(1.,0.,0.));
#2635 = DIRECTION('',(-0.,1.,0.));
#2636 = PCURVE('',#71,#2637);
#2637 = DEFINITIONAL_REPRESENTATION('',(#2638),#2642);
#2638 = LINE('',#2639,#2640);
#2639 = CARTESIAN_POINT('',(0.,0.));
#2640 = VECTOR('',#2641,1.);
#2641 = DIRECTION('',(1.,0.));
#2642 = ( GEOMETRIC_REPRESENTATION_CONTEXT(2) 
PARAMETRIC_REPRESENTATION_CONTEXT() REPRESENTATION_CONTEXT('2D SPACE',''
  ) );
#2643 = PCURVE('',#739,#2644);
#2644 = DEFINITIONAL_REPRESENTATION('',(#2645),#2649);
#2645 = LINE('',#2646,#2647);
#2646 = CARTESIAN_POINT('',(-0.,-4.5));
#2647 = VECTOR('',#2648,1.);
#2648 = DIRECTION('',(-1.,0.));
#2649 = ( GEOMETRIC_REPRESENTATION_CONTEXT(2) 
PARAMETRIC_REPRESENTATION_CONTEXT() REPRESENTATION_CONTEXT('2D SPACE',''
  ) );
#2650 = ORIENTED_EDGE('',*,*,#2651,.T.);
#2651 = EDGE_CURVE('',#2628,#2652,#2654,.T.);
#2652 = VERTEX_POINT('',#2653);
#2653 = CARTESIAN_POINT('',(16.5,-47.79581188307,446.77287000108));
#2654 = SURFACE_CURVE('',#2655,(#2663,#2674),.PCURVE_S1.);
#2655 = B_SPLINE_CURVE_WITH_KNOTS('',6,(#2656,#2657,#2658,#2659,#2660,
    #2661,#2662),.UNSPECIFIED.,.F.,.F.,(7,7),(0.,1.),
  .PIECEWISE_BEZIER_KNOTS.);
#2656 = CARTESIAN_POINT('',(16.,-47.85011169396,446.83931233152));
#2657 = CARTESIAN_POINT('',(16.085640399478,-47.85011169396,
    446.83931233152));
#2658 = CARTESIAN_POINT('',(16.171284753888,-47.84612461579,
    446.83500161878));
#2659 = CARTESIAN_POINT('',(16.256191290881,-47.83814738513,
    446.82638185932));
#2660 = CARTESIAN_POINT('',(16.33968470976,-47.8265816523,446.8133260505
    ));
#2661 = CARTESIAN_POINT('',(16.42114566375,-47.81215529672,
    446.79557799535));
#2662 = CARTESIAN_POINT('',(16.5000006,-47.79581175872,446.7728698283));
#2663 = PCURVE('',#71,#2664);
#2664 = DEFINITIONAL_REPRESENTATION('',(#2665),#2673);
#2665 = B_SPLINE_CURVE_WITH_KNOTS('',6,(#2666,#2667,#2668,#2669,#2670,
    #2671,#2672),.UNSPECIFIED.,.F.,.F.,(7,7),(0.,1.),
  .PIECEWISE_BEZIER_KNOTS.);
#2666 = CARTESIAN_POINT('',(2.278397094576,0.));
#2667 = CARTESIAN_POINT('',(2.278397094576,5.709359965208E-02));
#2668 = CARTESIAN_POINT('',(2.2783717684,0.114189760619));
#2669 = CARTESIAN_POINT('',(2.278320792097,0.17112946514));
#2670 = CARTESIAN_POINT('',(2.278286827668,0.227795959321));
#2671 = CARTESIAN_POINT('',(2.278349742175,0.284078472528));
#2672 = CARTESIAN_POINT('',(2.278613003742,0.339837341191));
#2673 = ( GEOMETRIC_REPRESENTATION_CONTEXT(2) 
PARAMETRIC_REPRESENTATION_CONTEXT() REPRESENTATION_CONTEXT('2D SPACE',''
  ) );
#2674 = PCURVE('',#768,#2675);
#2675 = DEFINITIONAL_REPRESENTATION('',(#2676),#2684);
#2676 = B_SPLINE_CURVE_WITH_KNOTS('',6,(#2677,#2678,#2679,#2680,#2681,
    #2682,#2683),.UNSPECIFIED.,.F.,.F.,(7,7),(0.,0.999998731849),
  .PIECEWISE_BEZIER_KNOTS.);
#2677 = CARTESIAN_POINT('',(-7.029684772769,-4.5));
#2678 = CARTESIAN_POINT('',(-7.029684772769,-4.585640290873));
#2679 = CARTESIAN_POINT('',(-7.021296745492,-4.671284536668));
#2680 = CARTESIAN_POINT('',(-7.00451700209,-4.756190967858));
#2681 = CARTESIAN_POINT('',(-6.97961032415,-4.839684286231));
#2682 = CARTESIAN_POINT('',(-6.946993269201,-4.921145147226));
#2683 = CARTESIAN_POINT('',(-6.90702470313,-5.));
#2684 = ( GEOMETRIC_REPRESENTATION_CONTEXT(2) 
PARAMETRIC_REPRESENTATION_CONTEXT() REPRESENTATION_CONTEXT('2D SPACE',''
  ) );
#2685 = ORIENTED_EDGE('',*,*,#2686,.T.);
#2686 = EDGE_CURVE('',#2652,#2687,#2689,.T.);
#2687 = VERTEX_POINT('',#2688);
#2688 = CARTESIAN_POINT('',(16.5,-48.77287000108,445.79581188307));
#2689 = SURFACE_CURVE('',#2690,(#2695,#2702),.PCURVE_S1.);
#2690 = CIRCLE('',#2691,8.914213562373);
#2691 = AXIS2_PLACEMENT_3D('',#2692,#2693,#2694);
#2692 = CARTESIAN_POINT('',(16.5,-42.,440.));
#2693 = DIRECTION('',(1.,0.,0.));
#2694 = DIRECTION('',(-0.,1.,0.));
#2695 = PCURVE('',#71,#2696);
#2696 = DEFINITIONAL_REPRESENTATION('',(#2697),#2701);
#2697 = LINE('',#2698,#2699);
#2698 = CARTESIAN_POINT('',(0.,0.339836909454));
#2699 = VECTOR('',#2700,1.);
#2700 = DIRECTION('',(1.,0.));
#2701 = ( GEOMETRIC_REPRESENTATION_CONTEXT(2) 
PARAMETRIC_REPRESENTATION_CONTEXT() REPRESENTATION_CONTEXT('2D SPACE',''
  ) );
#2702 = PCURVE('',#2703,#2708);
#2703 = PLANE('',#2704);
#2704 = AXIS2_PLACEMENT_3D('',#2705,#2706,#2707);
#2705 = CARTESIAN_POINT('',(16.5,-48.36396103067,446.36396103067));
#2706 = DIRECTION('',(1.,0.,0.));
#2707 = DIRECTION('',(-0.,0.,1.));
#2708 = DEFINITIONAL_REPRESENTATION('',(#2709),#2713);
#2709 = CIRCLE('',#2710,8.914213562373);
#2710 = AXIS2_PLACEMENT_2D('',#2711,#2712);
#2711 = CARTESIAN_POINT('',(-6.363961030679,-6.363961030679));
#2712 = DIRECTION('',(0.,-1.));
#2713 = ( GEOMETRIC_REPRESENTATION_CONTEXT(2) 
PARAMETRIC_REPRESENTATION_CONTEXT() REPRESENTATION_CONTEXT('2D SPACE',''
  ) );
#2714 = ORIENTED_EDGE('',*,*,#2715,.T.);
#2715 = EDGE_CURVE('',#2687,#2716,#2718,.T.);
#2716 = VERTEX_POINT('',#2717);
#2717 = CARTESIAN_POINT('',(16.,-48.83931233152,445.85011169396));
#2718 = SURFACE_CURVE('',#2719,(#2732,#2748),.PCURVE_S1.);
#2719 = B_SPLINE_CURVE_WITH_KNOTS('',6,(#2720,#2721,#2722,#2723,#2724,
    #2725,#2726,#2727,#2728,#2729,#2730,#2731),.UNSPECIFIED.,.F.,.F.,(7,
    5,7),(0.,2.505892400217E-02,1.),.UNSPECIFIED.);
#2720 = CARTESIAN_POINT('',(16.5000006,-48.7728698283,445.79581175872));
#2721 = CARTESIAN_POINT('',(16.498024569102,-48.77343887389,
    445.79622131258));
#2722 = CARTESIAN_POINT('',(16.496046929342,-48.77400479632,
    445.79662965688));
#2723 = CARTESIAN_POINT('',(16.494067662586,-48.77456760795,
    445.79703678254));
#2724 = CARTESIAN_POINT('',(16.492086767182,-48.77512731629,
    445.79744267706));
#2725 = CARTESIAN_POINT('',(16.49010425796,-48.77568392392,
    445.79784732455));
#2726 = CARTESIAN_POINT('',(16.410927206006,-48.79777204715,
    445.81394462997));
#2727 = CARTESIAN_POINT('',(16.331311435628,-48.81461791893,
    445.82772715399));
#2728 = CARTESIAN_POINT('',(16.249807569043,-48.82702163035,
    445.83873963981));
#2729 = CARTESIAN_POINT('',(16.166992453299,-48.83521501904,
    445.84632192228));
#2730 = CARTESIAN_POINT('',(16.083494092905,-48.83931233152,
    445.85011169396));
#2731 = CARTESIAN_POINT('',(16.,-48.83931233152,445.85011169396));
#2732 = PCURVE('',#71,#2733);
#2733 = DEFINITIONAL_REPRESENTATION('',(#2734),#2747);
#2734 = B_SPLINE_CURVE_WITH_KNOTS('',6,(#2735,#2736,#2737,#2738,#2739,
    #2740,#2741,#2742,#2743,#2744,#2745,#2746),.UNSPECIFIED.,.F.,.F.,(7,
    5,7),(0.,2.505892400217E-02,1.),.UNSPECIFIED.);
#2735 = CARTESIAN_POINT('',(2.433775962287,0.339837431682));
#2736 = CARTESIAN_POINT('',(2.433782559381,0.338440166577));
#2737 = CARTESIAN_POINT('',(2.433789044465,0.337042504379));
#2738 = CARTESIAN_POINT('',(2.43379540148,0.335644540172));
#2739 = CARTESIAN_POINT('',(2.433801625127,0.334246312461));
#2740 = CARTESIAN_POINT('',(2.433807720859,0.332847803177));
#2741 = CARTESIAN_POINT('',(2.434046518998,0.277024755693));
#2742 = CARTESIAN_POINT('',(2.434098696457,0.222115671249));
#2743 = CARTESIAN_POINT('',(2.434064396358,0.166849017667));
#2744 = CARTESIAN_POINT('',(2.434015961735,0.11132824943));
#2745 = CARTESIAN_POINT('',(2.433991885809,5.566272860365E-02));
#2746 = CARTESIAN_POINT('',(2.433991885809,0.));
#2747 = ( GEOMETRIC_REPRESENTATION_CONTEXT(2) 
PARAMETRIC_REPRESENTATION_CONTEXT() REPRESENTATION_CONTEXT('2D SPACE',''
  ) );
#2748 = PCURVE('',#768,#2749);
#2749 = DEFINITIONAL_REPRESENTATION('',(#2750),#2763);
#2750 = B_SPLINE_CURVE_WITH_KNOTS('',6,(#2751,#2752,#2753,#2754,#2755,
    #2756,#2757,#2758,#2759,#2760,#2761,#2762),.UNSPECIFIED.,.F.,.F.,(7,
    5,7),(1.268144185294E-06,2.505892400217E-02,1.),.UNSPECIFIED.);
#2751 = CARTESIAN_POINT('',(-4.088549584434,-5.));
#2752 = CARTESIAN_POINT('',(-4.087548058703,-4.998024068695));
#2753 = CARTESIAN_POINT('',(-4.086551163167,-4.996046528687));
#2754 = CARTESIAN_POINT('',(-4.085558889245,-4.994067361847));
#2755 = CARTESIAN_POINT('',(-4.08457123696,-4.992086566526));
#2756 = CARTESIAN_POINT('',(-4.083588214928,-4.990104157552));
#2757 = CARTESIAN_POINT('',(-4.044543328798,-4.910927206006));
#2758 = CARTESIAN_POINT('',(-4.013498604521,-4.831311435628));
#2759 = CARTESIAN_POINT('',(-3.989811669453,-4.749807569043));
#2760 = CARTESIAN_POINT('',(-3.973862424595,-4.666992453299));
#2761 = CARTESIAN_POINT('',(-3.965889514796,-4.583494092905));
#2762 = CARTESIAN_POINT('',(-3.965889514796,-4.5));
#2763 = ( GEOMETRIC_REPRESENTATION_CONTEXT(2) 
PARAMETRIC_REPRESENTATION_CONTEXT() REPRESENTATION_CONTEXT('2D SPACE',''
  ) );
#2764 = ORIENTED_EDGE('',*,*,#2765,.T.);
#2765 = EDGE_CURVE('',#2716,#2766,#2768,.T.);
#2766 = VERTEX_POINT('',#2767);
#2767 = CARTESIAN_POINT('',(16.,-49.4209182587,445.09214809266));
#2768 = SURFACE_CURVE('',#2769,(#2774,#2781),.PCURVE_S1.);
#2769 = CIRCLE('',#2770,9.);
#2770 = AXIS2_PLACEMENT_3D('',#2771,#2772,#2773);
#2771 = CARTESIAN_POINT('',(16.,-42.,440.));
#2772 = DIRECTION('',(1.,0.,0.));
#2773 = DIRECTION('',(-0.,1.,0.));
#2774 = PCURVE('',#71,#2775);
#2775 = DEFINITIONAL_REPRESENTATION('',(#2776),#2780);
#2776 = LINE('',#2777,#2778);
#2777 = CARTESIAN_POINT('',(0.,0.));
#2778 = VECTOR('',#2779,1.);
#2779 = DIRECTION('',(1.,0.));
#2780 = ( GEOMETRIC_REPRESENTATION_CONTEXT(2) 
PARAMETRIC_REPRESENTATION_CONTEXT() REPRESENTATION_CONTEXT('2D SPACE',''
  ) );
#2781 = PCURVE('',#797,#2782);
#2782 = DEFINITIONAL_REPRESENTATION('',(#2783),#2787);
#2783 = LINE('',#2784,#2785);
#2784 = CARTESIAN_POINT('',(-0.,-4.5));
#2785 = VECTOR('',#2786,1.);
#2786 = DIRECTION('',(-1.,0.));
#2787 = ( GEOMETRIC_REPRESENTATION_CONTEXT(2) 
PARAMETRIC_REPRESENTATION_CONTEXT() REPRESENTATION_CONTEXT('2D SPACE',''
  ) );
#2788 = ORIENTED_EDGE('',*,*,#2789,.T.);
#2789 = EDGE_CURVE('',#2766,#2790,#2792,.T.);
#2790 = VERTEX_POINT('',#2791);
#2791 = CARTESIAN_POINT('',(16.5,-49.35127212846,445.04202355497));
#2792 = SURFACE_CURVE('',#2793,(#2801,#2812),.PCURVE_S1.);
#2793 = B_SPLINE_CURVE_WITH_KNOTS('',6,(#2794,#2795,#2796,#2797,#2798,
    #2799,#2800),.UNSPECIFIED.,.F.,.F.,(7,7),(0.,1.),
  .PIECEWISE_BEZIER_KNOTS.);
#2794 = CARTESIAN_POINT('',(16.,-49.4209182587,445.09214809266));
#2795 = CARTESIAN_POINT('',(16.085640399606,-49.4209182587,
    445.09214809266));
#2796 = CARTESIAN_POINT('',(16.171284754161,-49.41595134213,
    445.08901619572));
#2797 = CARTESIAN_POINT('',(16.256191290281,-49.4060149717,
    445.08275480675));
#2798 = CARTESIAN_POINT('',(16.33968471052,-49.39146423897,
    445.07313729544));
#2799 = CARTESIAN_POINT('',(16.421145663841,-49.37293591521,
    445.05972780642));
#2800 = CARTESIAN_POINT('',(16.5000006,-49.35127196362,445.04202342026)
  );
#2801 = PCURVE('',#71,#2802);
#2802 = DEFINITIONAL_REPRESENTATION('',(#2803),#2811);
#2803 = B_SPLINE_CURVE_WITH_KNOTS('',6,(#2804,#2805,#2806,#2807,#2808,
    #2809,#2810),.UNSPECIFIED.,.F.,.F.,(7,7),(0.,1.),
  .PIECEWISE_BEZIER_KNOTS.);
#2804 = CARTESIAN_POINT('',(2.540196482379,0.));
#2805 = CARTESIAN_POINT('',(2.540196482379,5.709359973736E-02));
#2806 = CARTESIAN_POINT('',(2.540171155957,0.114189759399));
#2807 = CARTESIAN_POINT('',(2.540120180481,0.171129468292));
#2808 = CARTESIAN_POINT('',(2.540086214916,0.227795956413));
#2809 = CARTESIAN_POINT('',(2.540149130111,0.284078473453));
#2810 = CARTESIAN_POINT('',(2.54041239168,0.339837342069));
#2811 = ( GEOMETRIC_REPRESENTATION_CONTEXT(2) 
PARAMETRIC_REPRESENTATION_CONTEXT() REPRESENTATION_CONTEXT('2D SPACE',''
  ) );
#2812 = PCURVE('',#826,#2813);
#2813 = DEFINITIONAL_REPRESENTATION('',(#2814),#2822);
#2814 = B_SPLINE_CURVE_WITH_KNOTS('',6,(#2815,#2816,#2817,#2818,#2819,
    #2820,#2821),.UNSPECIFIED.,.F.,.F.,(7,7),(0.,0.999998731849),
  .PIECEWISE_BEZIER_KNOTS.);
#2815 = CARTESIAN_POINT('',(-7.29148416057,-4.5));
#2816 = CARTESIAN_POINT('',(-7.29148416057,-4.585640291001));
#2817 = CARTESIAN_POINT('',(-7.283096133048,-4.671284536941));
#2818 = CARTESIAN_POINT('',(-7.266316390439,-4.756190967258));
#2819 = CARTESIAN_POINT('',(-7.241409711386,-4.83968428699));
#2820 = CARTESIAN_POINT('',(-7.208792657068,-4.921145147317));
#2821 = CARTESIAN_POINT('',(-7.168824090929,-5.));
#2822 = ( GEOMETRIC_REPRESENTATION_CONTEXT(2) 
PARAMETRIC_REPRESENTATION_CONTEXT() REPRESENTATION_CONTEXT('2D SPACE',''
  ) );
#2823 = ORIENTED_EDGE('',*,*,#2824,.T.);
#2824 = EDGE_CURVE('',#2790,#2825,#2827,.T.);
#2825 = VERTEX_POINT('',#2826);
#2826 = CARTESIAN_POINT('',(16.5,-50.04215654931,443.84537663589));
#2827 = SURFACE_CURVE('',#2828,(#2833,#2840),.PCURVE_S1.);
#2828 = CIRCLE('',#2829,8.914213562373);
#2829 = AXIS2_PLACEMENT_3D('',#2830,#2831,#2832);
#2830 = CARTESIAN_POINT('',(16.5,-42.,440.));
#2831 = DIRECTION('',(1.,0.,0.));
#2832 = DIRECTION('',(-0.,1.,0.));
#2833 = PCURVE('',#71,#2834);
#2834 = DEFINITIONAL_REPRESENTATION('',(#2835),#2839);
#2835 = LINE('',#2836,#2837);
#2836 = CARTESIAN_POINT('',(0.,0.339836909454));
#2837 = VECTOR('',#2838,1.);
#2838 = DIRECTION('',(1.,0.));
#2839 = ( GEOMETRIC_REPRESENTATION_CONTEXT(2) 
PARAMETRIC_REPRESENTATION_CONTEXT() REPRESENTATION_CONTEXT('2D SPACE',''
  ) );
#2840 = PCURVE('',#2841,#2846);
#2841 = PLANE('',#2842);
#2842 = AXIS2_PLACEMENT_3D('',#2843,#2844,#2845);
#2843 = CARTESIAN_POINT('',(16.5,-49.79422863406,444.5));
#2844 = DIRECTION('',(1.,0.,0.));
#2845 = DIRECTION('',(-0.,0.,1.));
#2846 = DEFINITIONAL_REPRESENTATION('',(#2847),#2851);
#2847 = CIRCLE('',#2848,8.914213562373);
#2848 = AXIS2_PLACEMENT_2D('',#2849,#2850);
#2849 = CARTESIAN_POINT('',(-4.5,-7.79422863406));
#2850 = DIRECTION('',(0.,-1.));
#2851 = ( GEOMETRIC_REPRESENTATION_CONTEXT(2) 
PARAMETRIC_REPRESENTATION_CONTEXT() REPRESENTATION_CONTEXT('2D SPACE',''
  ) );
#2852 = ORIENTED_EDGE('',*,*,#2853,.T.);
#2853 = EDGE_CURVE('',#2825,#2854,#2856,.T.);
#2854 = VERTEX_POINT('',#2855);
#2855 = CARTESIAN_POINT('',(16.,-50.12038873743,443.88062968511));
#2856 = SURFACE_CURVE('',#2857,(#2865,#2876),.PCURVE_S1.);
#2857 = B_SPLINE_CURVE_WITH_KNOTS('',6,(#2858,#2859,#2860,#2861,#2862,
    #2863,#2864),.UNSPECIFIED.,.F.,.F.,(7,7),(0.,1.),
  .PIECEWISE_BEZIER_KNOTS.);
#2858 = CARTESIAN_POINT('',(16.5000006,-50.04215635023,443.84537656049)
  );
#2859 = CARTESIAN_POINT('',(16.421145665268,-50.06832077654,
    443.85528590031));
#2860 = CARTESIAN_POINT('',(16.339684739295,-50.08919788011,
    443.8646271496));
#2861 = CARTESIAN_POINT('',(16.256191272387,-50.10480228202,
    443.87241970688));
#2862 = CARTESIAN_POINT('',(16.171284765724,-50.11519297156,
    443.87789415583));
#2863 = CARTESIAN_POINT('',(16.085640401991,-50.12038873743,
    443.88062968511));
#2864 = CARTESIAN_POINT('',(16.,-50.12038873743,443.88062968511));
#2865 = PCURVE('',#71,#2866);
#2866 = DEFINITIONAL_REPRESENTATION('',(#2867),#2875);
#2867 = B_SPLINE_CURVE_WITH_KNOTS('',6,(#2868,#2869,#2870,#2871,#2872,
    #2873,#2874),.UNSPECIFIED.,.F.,.F.,(7,7),(0.,1.),
  .PIECEWISE_BEZIER_KNOTS.);
#2868 = CARTESIAN_POINT('',(2.69557535928,0.339837373682));
#2869 = CARTESIAN_POINT('',(2.695838620931,0.284078505451));
#2870 = CARTESIAN_POINT('',(2.695901560699,0.227795852751));
#2871 = CARTESIAN_POINT('',(2.695867555087,0.171129584238));
#2872 = CARTESIAN_POINT('',(2.695816608093,0.114189716609));
#2873 = CARTESIAN_POINT('',(2.695791273604,5.709360132739E-02));
#2874 = CARTESIAN_POINT('',(2.695791273604,0.));
#2875 = ( GEOMETRIC_REPRESENTATION_CONTEXT(2) 
PARAMETRIC_REPRESENTATION_CONTEXT() REPRESENTATION_CONTEXT('2D SPACE',''
  ) );
#2876 = PCURVE('',#826,#2877);
#2877 = DEFINITIONAL_REPRESENTATION('',(#2878),#2886);
#2878 = B_SPLINE_CURVE_WITH_KNOTS('',6,(#2879,#2880,#2881,#2882,#2883,
    #2884,#2885),.UNSPECIFIED.,.F.,.F.,(7,7),(1.26815131004E-06,1.),
  .PIECEWISE_BEZIER_KNOTS.);
#2879 = CARTESIAN_POINT('',(-4.350348972233,-5.));
#2880 = CARTESIAN_POINT('',(-4.310380402734,-4.921145148744));
#2881 = CARTESIAN_POINT('',(-4.277763373033,-4.839684315766));
#2882 = CARTESIAN_POINT('',(-4.252856654279,-4.756190949364));
#2883 = CARTESIAN_POINT('',(-4.236076938085,-4.671284548503));
#2884 = CARTESIAN_POINT('',(-4.227688902592,-4.585640293386));
#2885 = CARTESIAN_POINT('',(-4.227688902592,-4.5));
#2886 = ( GEOMETRIC_REPRESENTATION_CONTEXT(2) 
PARAMETRIC_REPRESENTATION_CONTEXT() REPRESENTATION_CONTEXT('2D SPACE',''
  ) );
#2887 = ORIENTED_EDGE('',*,*,#2888,.T.);
#2888 = EDGE_CURVE('',#2854,#2889,#2891,.T.);
#2889 = VERTEX_POINT('',#2890);
#2890 = CARTESIAN_POINT('',(16.,-50.48600150771,442.99796237652));
#2891 = SURFACE_CURVE('',#2892,(#2897,#2904),.PCURVE_S1.);
#2892 = CIRCLE('',#2893,9.);
#2893 = AXIS2_PLACEMENT_3D('',#2894,#2895,#2896);
#2894 = CARTESIAN_POINT('',(16.,-42.,440.));
#2895 = DIRECTION('',(1.,0.,0.));
#2896 = DIRECTION('',(-0.,1.,0.));
#2897 = PCURVE('',#71,#2898);
#2898 = DEFINITIONAL_REPRESENTATION('',(#2899),#2903);
#2899 = LINE('',#2900,#2901);
#2900 = CARTESIAN_POINT('',(0.,0.));
#2901 = VECTOR('',#2902,1.);
#2902 = DIRECTION('',(1.,0.));
#2903 = ( GEOMETRIC_REPRESENTATION_CONTEXT(2) 
PARAMETRIC_REPRESENTATION_CONTEXT() REPRESENTATION_CONTEXT('2D SPACE',''
  ) );
#2904 = PCURVE('',#855,#2905);
#2905 = DEFINITIONAL_REPRESENTATION('',(#2906),#2910);
#2906 = LINE('',#2907,#2908);
#2907 = CARTESIAN_POINT('',(-0.,-4.5));
#2908 = VECTOR('',#2909,1.);
#2909 = DIRECTION('',(-1.,0.));
#2910 = ( GEOMETRIC_REPRESENTATION_CONTEXT(2) 
PARAMETRIC_REPRESENTATION_CONTEXT() REPRESENTATION_CONTEXT('2D SPACE',''
  ) );
#2911 = ORIENTED_EDGE('',*,*,#2912,.T.);
#2912 = EDGE_CURVE('',#2889,#2913,#2915,.T.);
#2913 = VERTEX_POINT('',#2914);
#2914 = CARTESIAN_POINT('',(16.5,-50.40575532684,442.96757153593));
#2915 = SURFACE_CURVE('',#2916,(#2924,#2935),.PCURVE_S1.);
#2916 = B_SPLINE_CURVE_WITH_KNOTS('',6,(#2917,#2918,#2919,#2920,#2921,
    #2922,#2923),.UNSPECIFIED.,.F.,.F.,(7,7),(0.,1.),
  .PIECEWISE_BEZIER_KNOTS.);
#2917 = CARTESIAN_POINT('',(16.,-50.48600150771,442.99796237652));
#2918 = CARTESIAN_POINT('',(16.085640399478,-50.48600150771,
    442.99796237652));
#2919 = CARTESIAN_POINT('',(16.171284753887,-50.48039324036,
    442.99622272887));
#2920 = CARTESIAN_POINT('',(16.256191290883,-50.46917487622,
    442.99274641354));
#2921 = CARTESIAN_POINT('',(16.339684709758,-50.45263075337,
    442.98722261785));
#2922 = CARTESIAN_POINT('',(16.42114566375,-50.43126313538,442.979065529
    ));
#2923 = CARTESIAN_POINT('',(16.5000006,-50.40575513275,442.96757144847)
  );
#2924 = PCURVE('',#71,#2925);
#2925 = DEFINITIONAL_REPRESENTATION('',(#2926),#2934);
#2926 = B_SPLINE_CURVE_WITH_KNOTS('',6,(#2927,#2928,#2929,#2930,#2931,
    #2932,#2933),.UNSPECIFIED.,.F.,.F.,(7,7),(0.,1.),
  .PIECEWISE_BEZIER_KNOTS.);
#2927 = CARTESIAN_POINT('',(2.801995870174,0.));
#2928 = CARTESIAN_POINT('',(2.801995870174,5.709359965189E-02));
#2929 = CARTESIAN_POINT('',(2.801970543998,0.114189760622));
#2930 = CARTESIAN_POINT('',(2.801919567694,0.171129465133));
#2931 = CARTESIAN_POINT('',(2.801885603267,0.227795959328));
#2932 = CARTESIAN_POINT('',(2.801948517773,0.284078472526));
#2933 = CARTESIAN_POINT('',(2.80221177934,0.33983734119));
#2934 = ( GEOMETRIC_REPRESENTATION_CONTEXT(2) 
PARAMETRIC_REPRESENTATION_CONTEXT() REPRESENTATION_CONTEXT('2D SPACE',''
  ) );
#2935 = PCURVE('',#884,#2936);
#2936 = DEFINITIONAL_REPRESENTATION('',(#2937),#2945);
#2937 = B_SPLINE_CURVE_WITH_KNOTS('',6,(#2938,#2939,#2940,#2941,#2942,
    #2943,#2944),.UNSPECIFIED.,.F.,.F.,(7,7),(0.,0.999998731849),
  .PIECEWISE_BEZIER_KNOTS.);
#2938 = CARTESIAN_POINT('',(-7.553283548367,-4.5));
#2939 = CARTESIAN_POINT('',(-7.553283548367,-4.585640290873));
#2940 = CARTESIAN_POINT('',(-7.544895521091,-4.671284536667));
#2941 = CARTESIAN_POINT('',(-7.528115777686,-4.75619096786));
#2942 = CARTESIAN_POINT('',(-7.50320909975,-4.839684286229));
#2943 = CARTESIAN_POINT('',(-7.470592044799,-4.921145147225));
#2944 = CARTESIAN_POINT('',(-7.430623478729,-5.));
#2945 = ( GEOMETRIC_REPRESENTATION_CONTEXT(2) 
PARAMETRIC_REPRESENTATION_CONTEXT() REPRESENTATION_CONTEXT('2D SPACE',''
  ) );
#2946 = ORIENTED_EDGE('',*,*,#2947,.T.);
#2947 = EDGE_CURVE('',#2913,#2948,#2950,.T.);
#2948 = VERTEX_POINT('',#2949);
#2949 = CARTESIAN_POINT('',(16.5,-50.763383419,441.63288532575));
#2950 = SURFACE_CURVE('',#2951,(#2956,#2963),.PCURVE_S1.);
#2951 = CIRCLE('',#2952,8.914213562373);
#2952 = AXIS2_PLACEMENT_3D('',#2953,#2954,#2955);
#2953 = CARTESIAN_POINT('',(16.5,-42.,440.));
#2954 = DIRECTION('',(1.,0.,0.));
#2955 = DIRECTION('',(-0.,1.,0.));
#2956 = PCURVE('',#71,#2957);
#2957 = DEFINITIONAL_REPRESENTATION('',(#2958),#2962);
#2958 = LINE('',#2959,#2960);
#2959 = CARTESIAN_POINT('',(0.,0.339836909454));
#2960 = VECTOR('',#2961,1.);
#2961 = DIRECTION('',(1.,0.));
#2962 = ( GEOMETRIC_REPRESENTATION_CONTEXT(2) 
PARAMETRIC_REPRESENTATION_CONTEXT() REPRESENTATION_CONTEXT('2D SPACE',''
  ) );
#2963 = PCURVE('',#2964,#2969);
#2964 = PLANE('',#2965);
#2965 = AXIS2_PLACEMENT_3D('',#2966,#2967,#2968);
#2966 = CARTESIAN_POINT('',(16.5,-50.6933324366,442.32937140592));
#2967 = DIRECTION('',(1.,0.,0.));
#2968 = DIRECTION('',(-0.,0.,1.));
#2969 = DEFINITIONAL_REPRESENTATION('',(#2970),#2974);
#2970 = CIRCLE('',#2971,8.914213562373);
#2971 = AXIS2_PLACEMENT_2D('',#2972,#2973);
#2972 = CARTESIAN_POINT('',(-2.329371405923,-8.693332436602));
#2973 = DIRECTION('',(0.,-1.));
#2974 = ( GEOMETRIC_REPRESENTATION_CONTEXT(2) 
PARAMETRIC_REPRESENTATION_CONTEXT() REPRESENTATION_CONTEXT('2D SPACE',''
  ) );
#2975 = ORIENTED_EDGE('',*,*,#2976,.T.);
#2976 = EDGE_CURVE('',#2948,#2977,#2979,.T.);
#2977 = VERTEX_POINT('',#2978);
#2978 = CARTESIAN_POINT('',(16.,-50.84807407049,441.64668917619));
#2979 = SURFACE_CURVE('',#2980,(#2993,#3009),.PCURVE_S1.);
#2980 = B_SPLINE_CURVE_WITH_KNOTS('',6,(#2981,#2982,#2983,#2984,#2985,
    #2986,#2987,#2988,#2989,#2990,#2991,#2992),.UNSPECIFIED.,.F.,.F.,(7,
    5,7),(0.,2.506131572724E-02,1.),.UNSPECIFIED.);
#2981 = CARTESIAN_POINT('',(16.5000006,-50.76338320719,441.63288530445)
  );
#2982 = CARTESIAN_POINT('',(16.498024380503,-50.76408085864,
    441.6329554724));
#2983 = CARTESIAN_POINT('',(16.496046551848,-50.76477519993,
    441.63302615452));
#2984 = CARTESIAN_POINT('',(16.494067095885,-50.76546623725,
    441.63309733675));
#2985 = CARTESIAN_POINT('',(16.492086010955,-50.76615397084,
    441.63316900453));
#2986 = CARTESIAN_POINT('',(16.490103311896,-50.76683839498,
    441.63324114278));
#2987 = CARTESIAN_POINT('',(16.41092622963,-50.79401586036,
    441.63613776526));
#2988 = CARTESIAN_POINT('',(16.331310635547,-50.81549597145,
    441.63965083493));
#2989 = CARTESIAN_POINT('',(16.249806959142,-50.83174406412,
    441.64298605722));
#2990 = CARTESIAN_POINT('',(16.166992043529,-50.84263083465,
    441.6454557999));
#2991 = CARTESIAN_POINT('',(16.083493888247,-50.84807407049,
    441.64668917619));
#2992 = CARTESIAN_POINT('',(16.,-50.84807407049,441.64668917619));
#2993 = PCURVE('',#71,#2994);
#2994 = DEFINITIONAL_REPRESENTATION('',(#2995),#3008);
#2995 = B_SPLINE_CURVE_WITH_KNOTS('',6,(#2996,#2997,#2998,#2999,#3000,
    #3001,#3002,#3003,#3004,#3005,#3006,#3007),.UNSPECIFIED.,.F.,.F.,(7,
    5,7),(0.,2.506131572724E-02,1.),.UNSPECIFIED.);
#2996 = CARTESIAN_POINT('',(2.957374737874,0.339837431753));
#2997 = CARTESIAN_POINT('',(2.957381335598,0.338440033288));
#2998 = CARTESIAN_POINT('',(2.957387821297,0.337042237615));
#2999 = CARTESIAN_POINT('',(2.957394178902,0.335644139886));
#3000 = CARTESIAN_POINT('',(2.957400403108,0.334245778635));
#3001 = CARTESIAN_POINT('',(2.95740649937,0.332847135777));
#3002 = CARTESIAN_POINT('',(2.957645295235,0.277024082312));
#3003 = CARTESIAN_POINT('',(2.957697471722,0.222115128715));
#3004 = CARTESIAN_POINT('',(2.957663171594,0.166848608779));
#3005 = CARTESIAN_POINT('',(2.957614737218,0.111327976252));
#3006 = CARTESIAN_POINT('',(2.957590661407,5.566259216467E-02));
#3007 = CARTESIAN_POINT('',(2.957590661407,0.));
#3008 = ( GEOMETRIC_REPRESENTATION_CONTEXT(2) 
PARAMETRIC_REPRESENTATION_CONTEXT() REPRESENTATION_CONTEXT('2D SPACE',''
  ) );
#3009 = PCURVE('',#884,#3010);
#3010 = DEFINITIONAL_REPRESENTATION('',(#3011),#3024);
#3011 = B_SPLINE_CURVE_WITH_KNOTS('',6,(#3012,#3013,#3014,#3015,#3016,
    #3017,#3018,#3019,#3020,#3021,#3022,#3023),.UNSPECIFIED.,.F.,.F.,(7,
    5,7),(1.268144161802E-06,2.506131572724E-02,1.),.UNSPECIFIED.);
#3012 = CARTESIAN_POINT('',(-4.612148360032,-5.));
#3013 = CARTESIAN_POINT('',(-4.611146738708,-4.998023880096));
#3014 = CARTESIAN_POINT('',(-4.610149748467,-4.996046151193));
#3015 = CARTESIAN_POINT('',(-4.609157380723,-4.994066795146));
#3016 = CARTESIAN_POINT('',(-4.608169635493,-4.992085810299));
#3017 = CARTESIAN_POINT('',(-4.607186521399,-4.990103211488));
#3018 = CARTESIAN_POINT('',(-4.56814172369,-4.91092622963));
#3019 = CARTESIAN_POINT('',(-4.537097147513,-4.831310635547));
#3020 = CARTESIAN_POINT('',(-4.513410327582,-4.749806959142));
#3021 = CARTESIAN_POINT('',(-4.497461161123,-4.666992043529));
#3022 = CARTESIAN_POINT('',(-4.489488290394,-4.583493888247));
#3023 = CARTESIAN_POINT('',(-4.489488290394,-4.5));
#3024 = ( GEOMETRIC_REPRESENTATION_CONTEXT(2) 
PARAMETRIC_REPRESENTATION_CONTEXT() REPRESENTATION_CONTEXT('2D SPACE',''
  ) );
#3025 = ORIENTED_EDGE('',*,*,#3026,.T.);
#3026 = EDGE_CURVE('',#2977,#3027,#3029,.T.);
#3027 = VERTEX_POINT('',#3028);
#3028 = CARTESIAN_POINT('',(16.,-50.97277777777,440.69947047872));
#3029 = SURFACE_CURVE('',#3030,(#3035,#3042),.PCURVE_S1.);
#3030 = CIRCLE('',#3031,9.);
#3031 = AXIS2_PLACEMENT_3D('',#3032,#3033,#3034);
#3032 = CARTESIAN_POINT('',(16.,-42.,440.));
#3033 = DIRECTION('',(1.,0.,0.));
#3034 = DIRECTION('',(-0.,1.,0.));
#3035 = PCURVE('',#71,#3036);
#3036 = DEFINITIONAL_REPRESENTATION('',(#3037),#3041);
#3037 = LINE('',#3038,#3039);
#3038 = CARTESIAN_POINT('',(0.,0.));
#3039 = VECTOR('',#3040,1.);
#3040 = DIRECTION('',(1.,0.));
#3041 = ( GEOMETRIC_REPRESENTATION_CONTEXT(2) 
PARAMETRIC_REPRESENTATION_CONTEXT() REPRESENTATION_CONTEXT('2D SPACE',''
  ) );
#3042 = PCURVE('',#913,#3043);
#3043 = DEFINITIONAL_REPRESENTATION('',(#3044),#3048);
#3044 = LINE('',#3045,#3046);
#3045 = CARTESIAN_POINT('',(-0.,-4.5));
#3046 = VECTOR('',#3047,1.);
#3047 = DIRECTION('',(-1.,0.));
#3048 = ( GEOMETRIC_REPRESENTATION_CONTEXT(2) 
PARAMETRIC_REPRESENTATION_CONTEXT() REPRESENTATION_CONTEXT('2D SPACE',''
  ) );
#3049 = ORIENTED_EDGE('',*,*,#3050,.T.);
#3050 = EDGE_CURVE('',#3027,#3051,#3053,.T.);
#3051 = VERTEX_POINT('',#3052);
#3052 = CARTESIAN_POINT('',(16.5,-50.88740019086,440.69088442085));
#3053 = SURFACE_CURVE('',#3054,(#3062,#3073),.PCURVE_S1.);
#3054 = B_SPLINE_CURVE_WITH_KNOTS('',6,(#3055,#3056,#3057,#3058,#3059,
    #3060,#3061),.UNSPECIFIED.,.F.,.F.,(7,7),(0.,1.),
  .PIECEWISE_BEZIER_KNOTS.);
#3055 = CARTESIAN_POINT('',(16.,-50.97277777777,440.69947047872));
#3056 = CARTESIAN_POINT('',(16.085640399606,-50.97277777777,
    440.69947047872));
#3057 = CARTESIAN_POINT('',(16.171284754161,-50.96691035338,
    440.6992416347));
#3058 = CARTESIAN_POINT('',(16.256191290281,-50.95517450968,
    440.698787298));
#3059 = CARTESIAN_POINT('',(16.33968471052,-50.93776444984,
    440.69773365525));
#3060 = CARTESIAN_POINT('',(16.421145663841,-50.91501370626,
    440.69538485898));
#3061 = CARTESIAN_POINT('',(16.5000006,-50.88739998075,440.69088438661)
  );
#3062 = PCURVE('',#71,#3063);
#3063 = DEFINITIONAL_REPRESENTATION('',(#3064),#3072);
#3064 = B_SPLINE_CURVE_WITH_KNOTS('',6,(#3065,#3066,#3067,#3068,#3069,
    #3070,#3071),.UNSPECIFIED.,.F.,.F.,(7,7),(0.,1.),
  .PIECEWISE_BEZIER_KNOTS.);
#3065 = CARTESIAN_POINT('',(3.063795257978,0.));
#3066 = CARTESIAN_POINT('',(3.063795257978,5.709359973738E-02));
#3067 = CARTESIAN_POINT('',(3.063769931555,0.114189759398));
#3068 = CARTESIAN_POINT('',(3.063718956079,0.171129468293));
#3069 = CARTESIAN_POINT('',(3.063684990514,0.227795956412));
#3070 = CARTESIAN_POINT('',(3.063747905709,0.284078473453));
#3071 = CARTESIAN_POINT('',(3.064011167278,0.339837342069));
#3072 = ( GEOMETRIC_REPRESENTATION_CONTEXT(2) 
PARAMETRIC_REPRESENTATION_CONTEXT() REPRESENTATION_CONTEXT('2D SPACE',''
  ) );
#3073 = PCURVE('',#942,#3074);
#3074 = DEFINITIONAL_REPRESENTATION('',(#3075),#3083);
#3075 = B_SPLINE_CURVE_WITH_KNOTS('',6,(#3076,#3077,#3078,#3079,#3080,
    #3081,#3082),.UNSPECIFIED.,.F.,.F.,(7,7),(0.,0.999998731849),
  .PIECEWISE_BEZIER_KNOTS.);
#3076 = CARTESIAN_POINT('',(-7.815082936168,-4.5));
#3077 = CARTESIAN_POINT('',(-7.815082936168,-4.585640291001));
#3078 = CARTESIAN_POINT('',(-7.806694908646,-4.671284536941));
#3079 = CARTESIAN_POINT('',(-7.789915166038,-4.756190967258));
#3080 = CARTESIAN_POINT('',(-7.765008486984,-4.83968428699));
#3081 = CARTESIAN_POINT('',(-7.732391432666,-4.921145147317));
#3082 = CARTESIAN_POINT('',(-7.692422866528,-5.));
#3083 = ( GEOMETRIC_REPRESENTATION_CONTEXT(2) 
PARAMETRIC_REPRESENTATION_CONTEXT() REPRESENTATION_CONTEXT('2D SPACE',''
  ) );
#3084 = ORIENTED_EDGE('',*,*,#3085,.T.);
#3085 = EDGE_CURVE('',#3051,#3086,#3088,.T.);
#3086 = VERTEX_POINT('',#3087);
#3087 = CARTESIAN_POINT('',(16.5,-50.88740019086,439.30911557914));
#3088 = SURFACE_CURVE('',#3089,(#3094,#3101),.PCURVE_S1.);
#3089 = CIRCLE('',#3090,8.914213562373);
#3090 = AXIS2_PLACEMENT_3D('',#3091,#3092,#3093);
#3091 = CARTESIAN_POINT('',(16.5,-42.,440.));
#3092 = DIRECTION('',(1.,0.,0.));
#3093 = DIRECTION('',(-0.,1.,0.));
#3094 = PCURVE('',#71,#3095);
#3095 = DEFINITIONAL_REPRESENTATION('',(#3096),#3100);
#3096 = LINE('',#3097,#3098);
#3097 = CARTESIAN_POINT('',(0.,0.339836909454));
#3098 = VECTOR('',#3099,1.);
#3099 = DIRECTION('',(1.,0.));
#3100 = ( GEOMETRIC_REPRESENTATION_CONTEXT(2) 
PARAMETRIC_REPRESENTATION_CONTEXT() REPRESENTATION_CONTEXT('2D SPACE',''
  ) );
#3101 = PCURVE('',#3102,#3107);
#3102 = PLANE('',#3103);
#3103 = AXIS2_PLACEMENT_3D('',#3104,#3105,#3106);
#3104 = CARTESIAN_POINT('',(16.5,-51.,440.));
#3105 = DIRECTION('',(1.,0.,0.));
#3106 = DIRECTION('',(-0.,0.,1.));
#3107 = DEFINITIONAL_REPRESENTATION('',(#3108),#3112);
#3108 = CIRCLE('',#3109,8.914213562373);
#3109 = AXIS2_PLACEMENT_2D('',#3110,#3111);
#3110 = CARTESIAN_POINT('',(5.684341886081E-14,-9.));
#3111 = DIRECTION('',(0.,-1.));
#3112 = ( GEOMETRIC_REPRESENTATION_CONTEXT(2) 
PARAMETRIC_REPRESENTATION_CONTEXT() REPRESENTATION_CONTEXT('2D SPACE',''
  ) );
#3113 = ORIENTED_EDGE('',*,*,#3114,.T.);
#3114 = EDGE_CURVE('',#3086,#3115,#3117,.T.);
#3115 = VERTEX_POINT('',#3116);
#3116 = CARTESIAN_POINT('',(16.,-50.97277777777,439.30052952127));
#3117 = SURFACE_CURVE('',#3118,(#3126,#3137),.PCURVE_S1.);
#3118 = B_SPLINE_CURVE_WITH_KNOTS('',6,(#3119,#3120,#3121,#3122,#3123,
    #3124,#3125),.UNSPECIFIED.,.F.,.F.,(7,7),(0.,1.),
  .PIECEWISE_BEZIER_KNOTS.);
#3119 = CARTESIAN_POINT('',(16.5000006,-50.88739998075,439.30911561338)
  );
#3120 = CARTESIAN_POINT('',(16.421145665274,-50.91501370851,
    439.30461514025));
#3121 = CARTESIAN_POINT('',(16.339684739271,-50.93776443523,
    439.30226634765));
#3122 = CARTESIAN_POINT('',(16.256191272372,-50.95517452232,
    439.30121269926));
#3123 = CARTESIAN_POINT('',(16.171284765714,-50.96691034791,
    439.30075836635));
#3124 = CARTESIAN_POINT('',(16.085640402,-50.97277777777,439.30052952127
    ));
#3125 = CARTESIAN_POINT('',(16.,-50.97277777777,439.30052952127));
#3126 = PCURVE('',#71,#3127);
#3127 = DEFINITIONAL_REPRESENTATION('',(#3128),#3136);
#3128 = B_SPLINE_CURVE_WITH_KNOTS('',6,(#3129,#3130,#3131,#3132,#3133,
    #3134,#3135),.UNSPECIFIED.,.F.,.F.,(7,7),(0.,1.),
  .PIECEWISE_BEZIER_KNOTS.);
#3129 = CARTESIAN_POINT('',(3.21917413488,0.339837373671));
#3130 = CARTESIAN_POINT('',(3.219437396531,0.284078505445));
#3131 = CARTESIAN_POINT('',(3.219500336291,0.227795852776));
#3132 = CARTESIAN_POINT('',(3.219466330692,0.171129584185));
#3133 = CARTESIAN_POINT('',(3.219415383689,0.11418971662));
#3134 = CARTESIAN_POINT('',(3.219390049202,5.709360133347E-02));
#3135 = CARTESIAN_POINT('',(3.219390049202,0.));
#3136 = ( GEOMETRIC_REPRESENTATION_CONTEXT(2) 
PARAMETRIC_REPRESENTATION_CONTEXT() REPRESENTATION_CONTEXT('2D SPACE',''
  ) );
#3137 = PCURVE('',#942,#3138);
#3138 = DEFINITIONAL_REPRESENTATION('',(#3139),#3147);
#3139 = B_SPLINE_CURVE_WITH_KNOTS('',6,(#3140,#3141,#3142,#3143,#3144,
    #3145,#3146),.UNSPECIFIED.,.F.,.F.,(7,7),(1.268151304114E-06,1.),
  .PIECEWISE_BEZIER_KNOTS.);
#3140 = CARTESIAN_POINT('',(-4.873947747831,-5.));
#3141 = CARTESIAN_POINT('',(-4.833979178337,-4.92114514875));
#3142 = CARTESIAN_POINT('',(-4.801362148615,-4.839684315742));
#3143 = CARTESIAN_POINT('',(-4.77645542988,-4.75619094935));
#3144 = CARTESIAN_POINT('',(-4.759675713683,-4.671284548494));
#3145 = CARTESIAN_POINT('',(-4.751287678191,-4.585640293395));
#3146 = CARTESIAN_POINT('',(-4.751287678191,-4.5));
#3147 = ( GEOMETRIC_REPRESENTATION_CONTEXT(2) 
PARAMETRIC_REPRESENTATION_CONTEXT() REPRESENTATION_CONTEXT('2D SPACE',''
  ) );
#3148 = ORIENTED_EDGE('',*,*,#3149,.T.);
#3149 = EDGE_CURVE('',#3115,#3150,#3152,.T.);
#3150 = VERTEX_POINT('',#3151);
#3151 = CARTESIAN_POINT('',(16.,-50.84807407049,438.3533108238));
#3152 = SURFACE_CURVE('',#3153,(#3158,#3165),.PCURVE_S1.);
#3153 = CIRCLE('',#3154,9.);
#3154 = AXIS2_PLACEMENT_3D('',#3155,#3156,#3157);
#3155 = CARTESIAN_POINT('',(16.,-42.,440.));
#3156 = DIRECTION('',(1.,0.,0.));
#3157 = DIRECTION('',(-0.,1.,0.));
#3158 = PCURVE('',#71,#3159);
#3159 = DEFINITIONAL_REPRESENTATION('',(#3160),#3164);
#3160 = LINE('',#3161,#3162);
#3161 = CARTESIAN_POINT('',(0.,0.));
#3162 = VECTOR('',#3163,1.);
#3163 = DIRECTION('',(1.,0.));
#3164 = ( GEOMETRIC_REPRESENTATION_CONTEXT(2) 
PARAMETRIC_REPRESENTATION_CONTEXT() REPRESENTATION_CONTEXT('2D SPACE',''
  ) );
#3165 = PCURVE('',#971,#3166);
#3166 = DEFINITIONAL_REPRESENTATION('',(#3167),#3171);
#3167 = LINE('',#3168,#3169);
#3168 = CARTESIAN_POINT('',(-0.,-4.5));
#3169 = VECTOR('',#3170,1.);
#3170 = DIRECTION('',(-1.,0.));
#3171 = ( GEOMETRIC_REPRESENTATION_CONTEXT(2) 
PARAMETRIC_REPRESENTATION_CONTEXT() REPRESENTATION_CONTEXT('2D SPACE',''
  ) );
#3172 = ORIENTED_EDGE('',*,*,#3173,.T.);
#3173 = EDGE_CURVE('',#3150,#3174,#3176,.T.);
#3174 = VERTEX_POINT('',#3175);
#3175 = CARTESIAN_POINT('',(16.5,-50.763383419,438.36711467424));
#3176 = SURFACE_CURVE('',#3177,(#3185,#3196),.PCURVE_S1.);
#3177 = B_SPLINE_CURVE_WITH_KNOTS('',6,(#3178,#3179,#3180,#3181,#3182,
    #3183,#3184),.UNSPECIFIED.,.F.,.F.,(7,7),(0.,1.),
  .PIECEWISE_BEZIER_KNOTS.);
#3178 = CARTESIAN_POINT('',(16.,-50.84807407049,438.3533108238));
#3179 = CARTESIAN_POINT('',(16.085640399478,-50.84807407049,
    438.3533108238));
#3180 = CARTESIAN_POINT('',(16.171284753887,-50.84234734467,
    438.35460837841));
#3181 = CARTESIAN_POINT('',(16.256191290883,-50.83089379867,
    438.3572069831));
#3182 = CARTESIAN_POINT('',(16.339684709758,-50.81380427015,
    438.36069529713));
#3183 = CARTESIAN_POINT('',(16.42114566375,-50.79122082573,
    438.36431485996));
#3184 = CARTESIAN_POINT('',(16.5000006,-50.76338320719,438.36711469554)
  );
#3185 = PCURVE('',#71,#3186);
#3186 = DEFINITIONAL_REPRESENTATION('',(#3187),#3195);
#3187 = B_SPLINE_CURVE_WITH_KNOTS('',6,(#3188,#3189,#3190,#3191,#3192,
    #3193,#3194),.UNSPECIFIED.,.F.,.F.,(7,7),(0.,1.),
  .PIECEWISE_BEZIER_KNOTS.);
#3188 = CARTESIAN_POINT('',(3.325594645772,0.));
#3189 = CARTESIAN_POINT('',(3.325594645772,5.709359965186E-02));
#3190 = CARTESIAN_POINT('',(3.325569319597,0.114189760622));
#3191 = CARTESIAN_POINT('',(3.325518343292,0.171129465132));
#3192 = CARTESIAN_POINT('',(3.325484378866,0.227795959329));
#3193 = CARTESIAN_POINT('',(3.325547293371,0.284078472525));
#3194 = CARTESIAN_POINT('',(3.325810554938,0.339837341189));
#3195 = ( GEOMETRIC_REPRESENTATION_CONTEXT(2) 
PARAMETRIC_REPRESENTATION_CONTEXT() REPRESENTATION_CONTEXT('2D SPACE',''
  ) );
#3196 = PCURVE('',#1000,#3197);
#3197 = DEFINITIONAL_REPRESENTATION('',(#3198),#3206);
#3198 = B_SPLINE_CURVE_WITH_KNOTS('',6,(#3199,#3200,#3201,#3202,#3203,
    #3204,#3205),.UNSPECIFIED.,.F.,.F.,(7,7),(0.,0.999998731849),
  .PIECEWISE_BEZIER_KNOTS.);
#3199 = CARTESIAN_POINT('',(-8.076882323965,-4.5));
#3200 = CARTESIAN_POINT('',(-8.076882323965,-4.585640290873));
#3201 = CARTESIAN_POINT('',(-8.068494296689,-4.671284536667));
#3202 = CARTESIAN_POINT('',(-8.051714553285,-4.75619096786));
#3203 = CARTESIAN_POINT('',(-8.026807875349,-4.839684286229));
#3204 = CARTESIAN_POINT('',(-7.994190820397,-4.921145147225));
#3205 = CARTESIAN_POINT('',(-7.954222254327,-5.));
#3206 = ( GEOMETRIC_REPRESENTATION_CONTEXT(2) 
PARAMETRIC_REPRESENTATION_CONTEXT() REPRESENTATION_CONTEXT('2D SPACE',''
  ) );
#3207 = ORIENTED_EDGE('',*,*,#3208,.T.);
#3208 = EDGE_CURVE('',#3174,#3209,#3211,.T.);
#3209 = VERTEX_POINT('',#3210);
#3210 = CARTESIAN_POINT('',(16.5,-50.40575532684,437.03242846406));
#3211 = SURFACE_CURVE('',#3212,(#3217,#3224),.PCURVE_S1.);
#3212 = CIRCLE('',#3213,8.914213562373);
#3213 = AXIS2_PLACEMENT_3D('',#3214,#3215,#3216);
#3214 = CARTESIAN_POINT('',(16.5,-42.,440.));
#3215 = DIRECTION('',(1.,0.,0.));
#3216 = DIRECTION('',(-0.,1.,0.));
#3217 = PCURVE('',#71,#3218);
#3218 = DEFINITIONAL_REPRESENTATION('',(#3219),#3223);
#3219 = LINE('',#3220,#3221);
#3220 = CARTESIAN_POINT('',(0.,0.339836909454));
#3221 = VECTOR('',#3222,1.);
#3222 = DIRECTION('',(1.,0.));
#3223 = ( GEOMETRIC_REPRESENTATION_CONTEXT(2) 
PARAMETRIC_REPRESENTATION_CONTEXT() REPRESENTATION_CONTEXT('2D SPACE',''
  ) );
#3224 = PCURVE('',#3225,#3230);
#3225 = PLANE('',#3226);
#3226 = AXIS2_PLACEMENT_3D('',#3227,#3228,#3229);
#3227 = CARTESIAN_POINT('',(16.5,-50.6933324366,437.67062859407));
#3228 = DIRECTION('',(1.,0.,0.));
#3229 = DIRECTION('',(-0.,0.,1.));
#3230 = DEFINITIONAL_REPRESENTATION('',(#3231),#3235);
#3231 = CIRCLE('',#3232,8.914213562373);
#3232 = AXIS2_PLACEMENT_2D('',#3233,#3234);
#3233 = CARTESIAN_POINT('',(2.329371405923,-8.693332436602));
#3234 = DIRECTION('',(0.,-1.));
#3235 = ( GEOMETRIC_REPRESENTATION_CONTEXT(2) 
PARAMETRIC_REPRESENTATION_CONTEXT() REPRESENTATION_CONTEXT('2D SPACE',''
  ) );
#3236 = ORIENTED_EDGE('',*,*,#3237,.T.);
#3237 = EDGE_CURVE('',#3209,#3238,#3240,.T.);
#3238 = VERTEX_POINT('',#3239);
#3239 = CARTESIAN_POINT('',(16.,-50.48600150771,437.00203762347));
#3240 = SURFACE_CURVE('',#3241,(#3254,#3270),.PCURVE_S1.);
#3241 = B_SPLINE_CURVE_WITH_KNOTS('',6,(#3242,#3243,#3244,#3245,#3246,
    #3247,#3248,#3249,#3250,#3251,#3252,#3253),.UNSPECIFIED.,.F.,.F.,(7,
    5,7),(0.,2.506179187562E-02,1.),.UNSPECIFIED.);
#3242 = CARTESIAN_POINT('',(16.5000006,-50.40575513275,437.03242855152)
  );
#3243 = CARTESIAN_POINT('',(16.498024342956,-50.40639441275,
    437.03214048755));
#3244 = CARTESIAN_POINT('',(16.496046476696,-50.40703108306,
    437.03185452402));
#3245 = CARTESIAN_POINT('',(16.494066983065,-50.40766514199,
    437.03157064567));
#3246 = CARTESIAN_POINT('',(16.492085860404,-50.40829658248,
    437.03128883976));
#3247 = CARTESIAN_POINT('',(16.490103123552,-50.40892539205,
    437.03100909609));
#3248 = CARTESIAN_POINT('',(16.410926035251,-50.43391006869,
    437.01992891983));
#3249 = CARTESIAN_POINT('',(16.331310476266,-50.45426890647,
    437.01223128041));
#3250 = CARTESIAN_POINT('',(16.249806837722,-50.4700077635,
    437.00699562672));
#3251 = CARTESIAN_POINT('',(16.166991961951,-50.48067084424,
    437.00369110457));
#3252 = CARTESIAN_POINT('',(16.083493847503,-50.48600150771,
    437.00203762347));
#3253 = CARTESIAN_POINT('',(16.,-50.48600150771,437.00203762347));
#3254 = PCURVE('',#71,#3255);
#3255 = DEFINITIONAL_REPRESENTATION('',(#3256),#3269);
#3256 = B_SPLINE_CURVE_WITH_KNOTS('',6,(#3257,#3258,#3259,#3260,#3261,
    #3262,#3263,#3264,#3265,#3266,#3267,#3268),.UNSPECIFIED.,.F.,.F.,(7,
    5,7),(0.,2.506179187562E-02,1.),.UNSPECIFIED.);
#3257 = CARTESIAN_POINT('',(3.48097351347,0.339837431767));
#3258 = CARTESIAN_POINT('',(3.48098011132,0.338440006752));
#3259 = CARTESIAN_POINT('',(3.480986597141,0.337042184507));
#3260 = CARTESIAN_POINT('',(3.480992954864,0.335644060197));
#3261 = CARTESIAN_POINT('',(3.48099917918,0.33424567236));
#3262 = CARTESIAN_POINT('',(3.481005275548,0.33284700291));
#3263 = CARTESIAN_POINT('',(3.481244070961,0.277023948254));
#3264 = CARTESIAN_POINT('',(3.481296247254,0.222115020706));
#3265 = CARTESIAN_POINT('',(3.48126194712,0.166848527377));
#3266 = CARTESIAN_POINT('',(3.481213512793,0.111327921867));
#3267 = CARTESIAN_POINT('',(3.481189437006,5.566256500232E-02));
#3268 = CARTESIAN_POINT('',(3.481189437006,0.));
#3269 = ( GEOMETRIC_REPRESENTATION_CONTEXT(2) 
PARAMETRIC_REPRESENTATION_CONTEXT() REPRESENTATION_CONTEXT('2D SPACE',''
  ) );
#3270 = PCURVE('',#1000,#3271);
#3271 = DEFINITIONAL_REPRESENTATION('',(#3272),#3285);
#3272 = B_SPLINE_CURVE_WITH_KNOTS('',6,(#3273,#3274,#3275,#3276,#3277,
    #3278,#3279,#3280,#3281,#3282,#3283,#3284),.UNSPECIFIED.,.F.,.F.,(7,
    5,7),(1.268144156409E-06,2.506179187562E-02,1.),.UNSPECIFIED.);
#3273 = CARTESIAN_POINT('',(-5.13574713563,-5.));
#3274 = CARTESIAN_POINT('',(-5.134745495275,-4.998023842549));
#3275 = CARTESIAN_POINT('',(-5.133748486181,-4.996046076041));
#3276 = CARTESIAN_POINT('',(-5.132756099758,-4.994066682326));
#3277 = CARTESIAN_POINT('',(-5.131768336025,-4.992085659748));
#3278 = CARTESIAN_POINT('',(-5.130785203603,-4.990103023144));
#3279 = CARTESIAN_POINT('',(-5.091740423497,-4.910926035251));
#3280 = CARTESIAN_POINT('',(-5.060695876804,-4.831310476266));
#3281 = CARTESIAN_POINT('',(-5.037009079794,-4.749806837722));
#3282 = CARTESIAN_POINT('',(-5.021059928943,-4.666991961951));
#3283 = CARTESIAN_POINT('',(-5.013087065992,-4.583493847503));
#3284 = CARTESIAN_POINT('',(-5.013087065992,-4.5));
#3285 = ( GEOMETRIC_REPRESENTATION_CONTEXT(2) 
PARAMETRIC_REPRESENTATION_CONTEXT() REPRESENTATION_CONTEXT('2D SPACE',''
  ) );
#3286 = ORIENTED_EDGE('',*,*,#3287,.T.);
#3287 = EDGE_CURVE('',#3238,#3288,#3290,.T.);
#3288 = VERTEX_POINT('',#3289);
#3289 = CARTESIAN_POINT('',(16.,-50.12038873743,436.11937031488));
#3290 = SURFACE_CURVE('',#3291,(#3296,#3303),.PCURVE_S1.);
#3291 = CIRCLE('',#3292,9.);
#3292 = AXIS2_PLACEMENT_3D('',#3293,#3294,#3295);
#3293 = CARTESIAN_POINT('',(16.,-42.,440.));
#3294 = DIRECTION('',(1.,0.,0.));
#3295 = DIRECTION('',(-0.,1.,0.));
#3296 = PCURVE('',#71,#3297);
#3297 = DEFINITIONAL_REPRESENTATION('',(#3298),#3302);
#3298 = LINE('',#3299,#3300);
#3299 = CARTESIAN_POINT('',(0.,0.));
#3300 = VECTOR('',#3301,1.);
#3301 = DIRECTION('',(1.,0.));
#3302 = ( GEOMETRIC_REPRESENTATION_CONTEXT(2) 
PARAMETRIC_REPRESENTATION_CONTEXT() REPRESENTATION_CONTEXT('2D SPACE',''
  ) );
#3303 = PCURVE('',#1029,#3304);
#3304 = DEFINITIONAL_REPRESENTATION('',(#3305),#3309);
#3305 = LINE('',#3306,#3307);
#3306 = CARTESIAN_POINT('',(-0.,-4.5));
#3307 = VECTOR('',#3308,1.);
#3308 = DIRECTION('',(-1.,0.));
#3309 = ( GEOMETRIC_REPRESENTATION_CONTEXT(2) 
PARAMETRIC_REPRESENTATION_CONTEXT() REPRESENTATION_CONTEXT('2D SPACE',''
  ) );
#3310 = ORIENTED_EDGE('',*,*,#3311,.T.);
#3311 = EDGE_CURVE('',#3288,#3312,#3314,.T.);
#3312 = VERTEX_POINT('',#3313);
#3313 = CARTESIAN_POINT('',(16.5,-50.04215654931,436.1546233641));
#3314 = SURFACE_CURVE('',#3315,(#3323,#3334),.PCURVE_S1.);
#3315 = B_SPLINE_CURVE_WITH_KNOTS('',6,(#3316,#3317,#3318,#3319,#3320,
    #3321,#3322),.UNSPECIFIED.,.F.,.F.,(7,7),(0.,1.),
  .PIECEWISE_BEZIER_KNOTS.);
#3316 = CARTESIAN_POINT('',(16.,-50.12038873743,436.11937031488));
#3317 = CARTESIAN_POINT('',(16.085640399606,-50.12038873743,
    436.11937031488));
#3318 = CARTESIAN_POINT('',(16.171284754161,-50.11519297683,
    436.12210584234));
#3319 = CARTESIAN_POINT('',(16.256191290281,-50.1048022697,
    436.12758029707));
#3320 = CARTESIAN_POINT('',(16.33968471052,-50.08919789423,
    436.1353728456));
#3321 = CARTESIAN_POINT('',(16.421145663841,-50.0683207742,
    436.14471410015));
#3322 = CARTESIAN_POINT('',(16.5000006,-50.04215635023,436.1546234395));
#3323 = PCURVE('',#71,#3324);
#3324 = DEFINITIONAL_REPRESENTATION('',(#3325),#3333);
#3325 = B_SPLINE_CURVE_WITH_KNOTS('',6,(#3326,#3327,#3328,#3329,#3330,
    #3331,#3332),.UNSPECIFIED.,.F.,.F.,(7,7),(0.,1.),
  .PIECEWISE_BEZIER_KNOTS.);
#3326 = CARTESIAN_POINT('',(3.587394033576,0.));
#3327 = CARTESIAN_POINT('',(3.587394033576,5.709359973738E-02));
#3328 = CARTESIAN_POINT('',(3.587368707154,0.114189759398));
#3329 = CARTESIAN_POINT('',(3.587317731677,0.171129468293));
#3330 = CARTESIAN_POINT('',(3.587283766112,0.227795956412));
#3331 = CARTESIAN_POINT('',(3.587346681307,0.284078473453));
#3332 = CARTESIAN_POINT('',(3.587609942876,0.33983734207));
#3333 = ( GEOMETRIC_REPRESENTATION_CONTEXT(2) 
PARAMETRIC_REPRESENTATION_CONTEXT() REPRESENTATION_CONTEXT('2D SPACE',''
  ) );
#3334 = PCURVE('',#1058,#3335);
#3335 = DEFINITIONAL_REPRESENTATION('',(#3336),#3344);
#3336 = B_SPLINE_CURVE_WITH_KNOTS('',6,(#3337,#3338,#3339,#3340,#3341,
    #3342,#3343),.UNSPECIFIED.,.F.,.F.,(7,7),(0.,0.999998731849),
  .PIECEWISE_BEZIER_KNOTS.);
#3337 = CARTESIAN_POINT('',(-8.338681711767,-4.5));
#3338 = CARTESIAN_POINT('',(-8.338681711767,-4.585640291001));
#3339 = CARTESIAN_POINT('',(-8.330293684244,-4.671284536941));
#3340 = CARTESIAN_POINT('',(-8.313513941636,-4.756190967258));
#3341 = CARTESIAN_POINT('',(-8.288607262582,-4.839684286991));
#3342 = CARTESIAN_POINT('',(-8.255990208264,-4.921145147317));
#3343 = CARTESIAN_POINT('',(-8.216021642126,-5.));
#3344 = ( GEOMETRIC_REPRESENTATION_CONTEXT(2) 
PARAMETRIC_REPRESENTATION_CONTEXT() REPRESENTATION_CONTEXT('2D SPACE',''
  ) );
#3345 = ORIENTED_EDGE('',*,*,#3346,.T.);
#3346 = EDGE_CURVE('',#3312,#3347,#3349,.T.);
#3347 = VERTEX_POINT('',#3348);
#3348 = CARTESIAN_POINT('',(16.5,-49.35127212846,434.95797644502));
#3349 = SURFACE_CURVE('',#3350,(#3355,#3362),.PCURVE_S1.);
#3350 = CIRCLE('',#3351,8.914213562373);
#3351 = AXIS2_PLACEMENT_3D('',#3352,#3353,#3354);
#3352 = CARTESIAN_POINT('',(16.5,-42.,440.));
#3353 = DIRECTION('',(1.,0.,0.));
#3354 = DIRECTION('',(-0.,1.,0.));
#3355 = PCURVE('',#71,#3356);
#3356 = DEFINITIONAL_REPRESENTATION('',(#3357),#3361);
#3357 = LINE('',#3358,#3359);
#3358 = CARTESIAN_POINT('',(0.,0.339836909454));
#3359 = VECTOR('',#3360,1.);
#3360 = DIRECTION('',(1.,0.));
#3361 = ( GEOMETRIC_REPRESENTATION_CONTEXT(2) 
PARAMETRIC_REPRESENTATION_CONTEXT() REPRESENTATION_CONTEXT('2D SPACE',''
  ) );
#3362 = PCURVE('',#3363,#3368);
#3363 = PLANE('',#3364);
#3364 = AXIS2_PLACEMENT_3D('',#3365,#3366,#3367);
#3365 = CARTESIAN_POINT('',(16.5,-49.79422863406,435.5));
#3366 = DIRECTION('',(1.,0.,0.));
#3367 = DIRECTION('',(-0.,0.,1.));
#3368 = DEFINITIONAL_REPRESENTATION('',(#3369),#3373);
#3369 = CIRCLE('',#3370,8.914213562373);
#3370 = AXIS2_PLACEMENT_2D('',#3371,#3372);
#3371 = CARTESIAN_POINT('',(4.5,-7.79422863406));
#3372 = DIRECTION('',(0.,-1.));
#3373 = ( GEOMETRIC_REPRESENTATION_CONTEXT(2) 
PARAMETRIC_REPRESENTATION_CONTEXT() REPRESENTATION_CONTEXT('2D SPACE',''
  ) );
#3374 = ORIENTED_EDGE('',*,*,#3375,.T.);
#3375 = EDGE_CURVE('',#3347,#3376,#3378,.T.);
#3376 = VERTEX_POINT('',#3377);
#3377 = CARTESIAN_POINT('',(16.,-49.4209182587,434.90785190733));
#3378 = SURFACE_CURVE('',#3379,(#3387,#3398),.PCURVE_S1.);
#3379 = B_SPLINE_CURVE_WITH_KNOTS('',6,(#3380,#3381,#3382,#3383,#3384,
    #3385,#3386),.UNSPECIFIED.,.F.,.F.,(7,7),(0.,1.),
  .PIECEWISE_BEZIER_KNOTS.);
#3380 = CARTESIAN_POINT('',(16.5000006,-49.35127196362,434.95797657973)
  );
#3381 = CARTESIAN_POINT('',(16.421145665279,-49.37293591678,
    434.94027219179));
#3382 = CARTESIAN_POINT('',(16.339684739254,-49.39146422778,
    434.92686271436));
#3383 = CARTESIAN_POINT('',(16.256191272362,-49.40601498129,
    434.91724518456));
#3384 = CARTESIAN_POINT('',(16.171284765708,-49.41595133792,
    434.91098380792));
#3385 = CARTESIAN_POINT('',(16.085640402007,-49.4209182587,
    434.90785190733));
#3386 = CARTESIAN_POINT('',(16.,-49.4209182587,434.90785190733));
#3387 = PCURVE('',#71,#3388);
#3388 = DEFINITIONAL_REPRESENTATION('',(#3389),#3397);
#3389 = B_SPLINE_CURVE_WITH_KNOTS('',6,(#3390,#3391,#3392,#3393,#3394,
    #3395,#3396),.UNSPECIFIED.,.F.,.F.,(7,7),(0.,1.),
  .PIECEWISE_BEZIER_KNOTS.);
#3390 = CARTESIAN_POINT('',(3.74277291048,0.339837373663));
#3391 = CARTESIAN_POINT('',(3.74303617213,0.284078505441));
#3392 = CARTESIAN_POINT('',(3.743099111885,0.227795852793));
#3393 = CARTESIAN_POINT('',(3.743065106296,0.171129584147));
#3394 = CARTESIAN_POINT('',(3.743014159285,0.114189716628));
#3395 = CARTESIAN_POINT('',(3.7429888248,5.709360133778E-02));
#3396 = CARTESIAN_POINT('',(3.7429888248,0.));
#3397 = ( GEOMETRIC_REPRESENTATION_CONTEXT(2) 
PARAMETRIC_REPRESENTATION_CONTEXT() REPRESENTATION_CONTEXT('2D SPACE',''
  ) );
#3398 = PCURVE('',#1058,#3399);
#3399 = DEFINITIONAL_REPRESENTATION('',(#3400),#3408);
#3400 = B_SPLINE_CURVE_WITH_KNOTS('',6,(#3401,#3402,#3403,#3404,#3405,
    #3406,#3407),.UNSPECIFIED.,.F.,.F.,(7,7),(1.268151317284E-06,1.),
  .PIECEWISE_BEZIER_KNOTS.);
#3401 = CARTESIAN_POINT('',(-5.39754652343,-5.));
#3402 = CARTESIAN_POINT('',(-5.357577953939,-4.921145148755));
#3403 = CARTESIAN_POINT('',(-5.324960924202,-4.839684315724));
#3404 = CARTESIAN_POINT('',(-5.300054205479,-4.756190949339));
#3405 = CARTESIAN_POINT('',(-5.283274489281,-4.671284548488));
#3406 = CARTESIAN_POINT('',(-5.274886453789,-4.585640293402));
#3407 = CARTESIAN_POINT('',(-5.274886453789,-4.5));
#3408 = ( GEOMETRIC_REPRESENTATION_CONTEXT(2) 
PARAMETRIC_REPRESENTATION_CONTEXT() REPRESENTATION_CONTEXT('2D SPACE',''
  ) );
#3409 = ORIENTED_EDGE('',*,*,#3410,.T.);
#3410 = EDGE_CURVE('',#3376,#3411,#3413,.T.);
#3411 = VERTEX_POINT('',#3412);
#3412 = CARTESIAN_POINT('',(16.,-48.83931233152,434.14988830603));
#3413 = SURFACE_CURVE('',#3414,(#3419,#3426),.PCURVE_S1.);
#3414 = CIRCLE('',#3415,9.);
#3415 = AXIS2_PLACEMENT_3D('',#3416,#3417,#3418);
#3416 = CARTESIAN_POINT('',(16.,-42.,440.));
#3417 = DIRECTION('',(1.,0.,0.));
#3418 = DIRECTION('',(-0.,1.,0.));
#3419 = PCURVE('',#71,#3420);
#3420 = DEFINITIONAL_REPRESENTATION('',(#3421),#3425);
#3421 = LINE('',#3422,#3423);
#3422 = CARTESIAN_POINT('',(0.,0.));
#3423 = VECTOR('',#3424,1.);
#3424 = DIRECTION('',(1.,0.));
#3425 = ( GEOMETRIC_REPRESENTATION_CONTEXT(2) 
PARAMETRIC_REPRESENTATION_CONTEXT() REPRESENTATION_CONTEXT('2D SPACE',''
  ) );
#3426 = PCURVE('',#1087,#3427);
#3427 = DEFINITIONAL_REPRESENTATION('',(#3428),#3432);
#3428 = LINE('',#3429,#3430);
#3429 = CARTESIAN_POINT('',(-0.,-4.5));
#3430 = VECTOR('',#3431,1.);
#3431 = DIRECTION('',(-1.,0.));
#3432 = ( GEOMETRIC_REPRESENTATION_CONTEXT(2) 
PARAMETRIC_REPRESENTATION_CONTEXT() REPRESENTATION_CONTEXT('2D SPACE',''
  ) );
#3433 = ORIENTED_EDGE('',*,*,#3434,.T.);
#3434 = EDGE_CURVE('',#3411,#3435,#3437,.T.);
#3435 = VERTEX_POINT('',#3436);
#3436 = CARTESIAN_POINT('',(16.5,-48.77287000108,434.20418811692));
#3437 = SURFACE_CURVE('',#3438,(#3446,#3457),.PCURVE_S1.);
#3438 = B_SPLINE_CURVE_WITH_KNOTS('',6,(#3439,#3440,#3441,#3442,#3443,
    #3444,#3445),.UNSPECIFIED.,.F.,.F.,(7,7),(0.,1.),
  .PIECEWISE_BEZIER_KNOTS.);
#3439 = CARTESIAN_POINT('',(16.,-48.83931233152,434.14988830603));
#3440 = CARTESIAN_POINT('',(16.085640399478,-48.83931233152,
    434.14988830603));
#3441 = CARTESIAN_POINT('',(16.171284753888,-48.83500161878,
    434.1538753842));
#3442 = CARTESIAN_POINT('',(16.256191290881,-48.82638185932,
    434.16185261486));
#3443 = CARTESIAN_POINT('',(16.33968470976,-48.8133260505,
    434.17341834769));
#3444 = CARTESIAN_POINT('',(16.42114566375,-48.79557799535,
    434.18784470327));
#3445 = CARTESIAN_POINT('',(16.5000006,-48.7728698283,434.20418824128));
#3446 = PCURVE('',#71,#3447);
#3447 = DEFINITIONAL_REPRESENTATION('',(#3448),#3456);
#3448 = B_SPLINE_CURVE_WITH_KNOTS('',6,(#3449,#3450,#3451,#3452,#3453,
    #3454,#3455),.UNSPECIFIED.,.F.,.F.,(7,7),(0.,1.),
  .PIECEWISE_BEZIER_KNOTS.);
#3449 = CARTESIAN_POINT('',(3.849193421371,0.));
#3450 = CARTESIAN_POINT('',(3.849193421371,5.709359965206E-02));
#3451 = CARTESIAN_POINT('',(3.849168095194,0.114189760619));
#3452 = CARTESIAN_POINT('',(3.849117118892,0.17112946514));
#3453 = CARTESIAN_POINT('',(3.849083154462,0.227795959322));
#3454 = CARTESIAN_POINT('',(3.84914606897,0.284078472528));
#3455 = CARTESIAN_POINT('',(3.849409330536,0.339837341191));
#3456 = ( GEOMETRIC_REPRESENTATION_CONTEXT(2) 
PARAMETRIC_REPRESENTATION_CONTEXT() REPRESENTATION_CONTEXT('2D SPACE',''
  ) );
#3457 = PCURVE('',#1116,#3458);
#3458 = DEFINITIONAL_REPRESENTATION('',(#3459),#3467);
#3459 = B_SPLINE_CURVE_WITH_KNOTS('',6,(#3460,#3461,#3462,#3463,#3464,
    #3465,#3466),.UNSPECIFIED.,.F.,.F.,(7,7),(0.,0.999998731849),
  .PIECEWISE_BEZIER_KNOTS.);
#3460 = CARTESIAN_POINT('',(-8.600481099564,-4.5));
#3461 = CARTESIAN_POINT('',(-8.600481099564,-4.585640290873));
#3462 = CARTESIAN_POINT('',(-8.592093072287,-4.671284536668));
#3463 = CARTESIAN_POINT('',(-8.575313328884,-4.756190967858));
#3464 = CARTESIAN_POINT('',(-8.550406650945,-4.839684286231));
#3465 = CARTESIAN_POINT('',(-8.517789595996,-4.921145147226));
#3466 = CARTESIAN_POINT('',(-8.477821029925,-5.));
#3467 = ( GEOMETRIC_REPRESENTATION_CONTEXT(2) 
PARAMETRIC_REPRESENTATION_CONTEXT() REPRESENTATION_CONTEXT('2D SPACE',''
  ) );
#3468 = ORIENTED_EDGE('',*,*,#3469,.T.);
#3469 = EDGE_CURVE('',#3435,#3470,#3472,.T.);
#3470 = VERTEX_POINT('',#3471);
#3471 = CARTESIAN_POINT('',(16.5,-47.79581188307,433.22712999891));
#3472 = SURFACE_CURVE('',#3473,(#3478,#3485),.PCURVE_S1.);
#3473 = CIRCLE('',#3474,8.914213562373);
#3474 = AXIS2_PLACEMENT_3D('',#3475,#3476,#3477);
#3475 = CARTESIAN_POINT('',(16.5,-42.,440.));
#3476 = DIRECTION('',(1.,0.,0.));
#3477 = DIRECTION('',(-0.,1.,0.));
#3478 = PCURVE('',#71,#3479);
#3479 = DEFINITIONAL_REPRESENTATION('',(#3480),#3484);
#3480 = LINE('',#3481,#3482);
#3481 = CARTESIAN_POINT('',(0.,0.339836909454));
#3482 = VECTOR('',#3483,1.);
#3483 = DIRECTION('',(1.,0.));
#3484 = ( GEOMETRIC_REPRESENTATION_CONTEXT(2) 
PARAMETRIC_REPRESENTATION_CONTEXT() REPRESENTATION_CONTEXT('2D SPACE',''
  ) );
#3485 = PCURVE('',#3486,#3491);
#3486 = PLANE('',#3487);
#3487 = AXIS2_PLACEMENT_3D('',#3488,#3489,#3490);
#3488 = CARTESIAN_POINT('',(16.5,-48.36396103067,433.63603896932));
#3489 = DIRECTION('',(1.,0.,0.));
#3490 = DIRECTION('',(-0.,0.,1.));
#3491 = DEFINITIONAL_REPRESENTATION('',(#3492),#3496);
#3492 = CIRCLE('',#3493,8.914213562373);
#3493 = AXIS2_PLACEMENT_2D('',#3494,#3495);
#3494 = CARTESIAN_POINT('',(6.363961030679,-6.363961030679));
#3495 = DIRECTION('',(0.,-1.));
#3496 = ( GEOMETRIC_REPRESENTATION_CONTEXT(2) 
PARAMETRIC_REPRESENTATION_CONTEXT() REPRESENTATION_CONTEXT('2D SPACE',''
  ) );
#3497 = ORIENTED_EDGE('',*,*,#3498,.T.);
#3498 = EDGE_CURVE('',#3470,#3499,#3501,.T.);
#3499 = VERTEX_POINT('',#3500);
#3500 = CARTESIAN_POINT('',(16.,-47.85011169396,433.16068766848));
#3501 = SURFACE_CURVE('',#3502,(#3515,#3531),.PCURVE_S1.);
#3502 = B_SPLINE_CURVE_WITH_KNOTS('',6,(#3503,#3504,#3505,#3506,#3507,
    #3508,#3509,#3510,#3511,#3512,#3513,#3514),.UNSPECIFIED.,.F.,.F.,(7,
    5,7),(0.,2.505899964717E-02,1.),.UNSPECIFIED.);
#3503 = CARTESIAN_POINT('',(16.5000006,-47.79581175872,433.2271301717));
#3504 = CARTESIAN_POINT('',(16.498024563137,-47.79622131381,
    433.22656112438));
#3505 = CARTESIAN_POINT('',(16.496046917403,-47.79662965935,
    433.22599520026));
#3506 = CARTESIAN_POINT('',(16.494067644662,-47.79703678623,
    433.22543238694));
#3507 = CARTESIAN_POINT('',(16.492086743264,-47.79744268196,
    433.22487267694));
#3508 = CARTESIAN_POINT('',(16.490104228038,-47.79784733066,
    433.22431606767));
#3509 = CARTESIAN_POINT('',(16.410927175125,-47.81394463532,
    433.20222794631));
#3510 = CARTESIAN_POINT('',(16.331311410324,-47.82772715741,
    433.1853820772));
#3511 = CARTESIAN_POINT('',(16.249807549753,-47.83873964158,
    433.17297836774));
#3512 = CARTESIAN_POINT('',(16.166992440339,-47.84632192287,
    433.16478498032));
#3513 = CARTESIAN_POINT('',(16.083494086433,-47.85011169396,
    433.16068766848));
#3514 = CARTESIAN_POINT('',(16.,-47.85011169396,433.16068766848));
#3515 = PCURVE('',#71,#3516);
#3516 = DEFINITIONAL_REPRESENTATION('',(#3517),#3530);
#3517 = B_SPLINE_CURVE_WITH_KNOTS('',6,(#3518,#3519,#3520,#3521,#3522,
    #3523,#3524,#3525,#3526,#3527,#3528,#3529),.UNSPECIFIED.,.F.,.F.,(7,
    5,7),(0.,2.505899964717E-02,1.),.UNSPECIFIED.);
#3518 = CARTESIAN_POINT('',(4.004572289081,0.339837431685));
#3519 = CARTESIAN_POINT('',(4.004578886196,0.338440162361));
#3520 = CARTESIAN_POINT('',(4.004585371298,0.337042495942));
#3521 = CARTESIAN_POINT('',(4.004591728333,0.335644527512));
#3522 = CARTESIAN_POINT('',(4.004597951998,0.334246295577));
#3523 = CARTESIAN_POINT('',(4.004604047746,0.332847782068));
#3524 = CARTESIAN_POINT('',(4.004842845813,0.277024734396));
#3525 = CARTESIAN_POINT('',(4.004895023242,0.22211565409));
#3526 = CARTESIAN_POINT('',(4.004860723141,0.166849004735));
#3527 = CARTESIAN_POINT('',(4.004812288526,0.11132824079));
#3528 = CARTESIAN_POINT('',(4.004788212604,5.566272428839E-02));
#3529 = CARTESIAN_POINT('',(4.004788212604,0.));
#3530 = ( GEOMETRIC_REPRESENTATION_CONTEXT(2) 
PARAMETRIC_REPRESENTATION_CONTEXT() REPRESENTATION_CONTEXT('2D SPACE',''
  ) );
#3531 = PCURVE('',#1116,#3532);
#3532 = DEFINITIONAL_REPRESENTATION('',(#3533),#3546);
#3533 = B_SPLINE_CURVE_WITH_KNOTS('',6,(#3534,#3535,#3536,#3537,#3538,
    #3539,#3540,#3541,#3542,#3543,#3544,#3545),.UNSPECIFIED.,.F.,.F.,(7,
    5,7),(1.268144157568E-06,2.505899964717E-02,1.),.UNSPECIFIED.);
#3534 = CARTESIAN_POINT('',(-5.659345911229,-5.));
#3535 = CARTESIAN_POINT('',(-5.658344382475,-4.99802406273));
#3536 = CARTESIAN_POINT('',(-5.657347483943,-4.996046516748));
#3537 = CARTESIAN_POINT('',(-5.656355207054,-4.994067343924));
#3538 = CARTESIAN_POINT('',(-5.655367551829,-4.992086542609));
#3539 = CARTESIAN_POINT('',(-5.654384526885,-4.99010412763));
#3540 = CARTESIAN_POINT('',(-5.615339643552,-4.910927175125));
#3541 = CARTESIAN_POINT('',(-5.584294923959,-4.831311410324));
#3542 = CARTESIAN_POINT('',(-5.560607992532,-4.749807549753));
#3543 = CARTESIAN_POINT('',(-5.544658750155,-4.666992440339));
#3544 = CARTESIAN_POINT('',(-5.53668584159,-4.583494086433));
#3545 = CARTESIAN_POINT('',(-5.53668584159,-4.5));
#3546 = ( GEOMETRIC_REPRESENTATION_CONTEXT(2) 
PARAMETRIC_REPRESENTATION_CONTEXT() REPRESENTATION_CONTEXT('2D SPACE',''
  ) );
#3547 = ORIENTED_EDGE('',*,*,#3548,.T.);
#3548 = EDGE_CURVE('',#3499,#3549,#3551,.T.);
#3549 = VERTEX_POINT('',#3550);
#3550 = CARTESIAN_POINT('',(16.,-47.09214809266,432.57908174129));
#3551 = SURFACE_CURVE('',#3552,(#3557,#3564),.PCURVE_S1.);
#3552 = CIRCLE('',#3553,9.);
#3553 = AXIS2_PLACEMENT_3D('',#3554,#3555,#3556);
#3554 = CARTESIAN_POINT('',(16.,-42.,440.));
#3555 = DIRECTION('',(1.,0.,0.));
#3556 = DIRECTION('',(-0.,1.,0.));
#3557 = PCURVE('',#71,#3558);
#3558 = DEFINITIONAL_REPRESENTATION('',(#3559),#3563);
#3559 = LINE('',#3560,#3561);
#3560 = CARTESIAN_POINT('',(0.,0.));
#3561 = VECTOR('',#3562,1.);
#3562 = DIRECTION('',(1.,0.));
#3563 = ( GEOMETRIC_REPRESENTATION_CONTEXT(2) 
PARAMETRIC_REPRESENTATION_CONTEXT() REPRESENTATION_CONTEXT('2D SPACE',''
  ) );
#3564 = PCURVE('',#1145,#3565);
#3565 = DEFINITIONAL_REPRESENTATION('',(#3566),#3570);
#3566 = LINE('',#3567,#3568);
#3567 = CARTESIAN_POINT('',(-0.,-4.5));
#3568 = VECTOR('',#3569,1.);
#3569 = DIRECTION('',(-1.,0.));
#3570 = ( GEOMETRIC_REPRESENTATION_CONTEXT(2) 
PARAMETRIC_REPRESENTATION_CONTEXT() REPRESENTATION_CONTEXT('2D SPACE',''
  ) );
#3571 = ORIENTED_EDGE('',*,*,#3572,.T.);
#3572 = EDGE_CURVE('',#3549,#3573,#3575,.T.);
#3573 = VERTEX_POINT('',#3574);
#3574 = CARTESIAN_POINT('',(16.5,-47.04202355497,432.64872787154));
#3575 = SURFACE_CURVE('',#3576,(#3584,#3595),.PCURVE_S1.);
#3576 = B_SPLINE_CURVE_WITH_KNOTS('',6,(#3577,#3578,#3579,#3580,#3581,
    #3582,#3583),.UNSPECIFIED.,.F.,.F.,(7,7),(0.,1.),
  .PIECEWISE_BEZIER_KNOTS.);
#3577 = CARTESIAN_POINT('',(16.,-47.09214809266,432.57908174129));
#3578 = CARTESIAN_POINT('',(16.085640399606,-47.09214809266,
    432.57908174129));
#3579 = CARTESIAN_POINT('',(16.171284754161,-47.08901619572,
    432.58404865786));
#3580 = CARTESIAN_POINT('',(16.256191290281,-47.08275480675,
    432.59398502829));
#3581 = CARTESIAN_POINT('',(16.33968471052,-47.07313729544,
    432.60853576102));
#3582 = CARTESIAN_POINT('',(16.421145663841,-47.05972780642,
    432.62706408478));
#3583 = CARTESIAN_POINT('',(16.5000006,-47.04202342026,432.64872803637)
  );
#3584 = PCURVE('',#71,#3585);
#3585 = DEFINITIONAL_REPRESENTATION('',(#3586),#3594);
#3586 = B_SPLINE_CURVE_WITH_KNOTS('',6,(#3587,#3588,#3589,#3590,#3591,
    #3592,#3593),.UNSPECIFIED.,.F.,.F.,(7,7),(0.,1.),
  .PIECEWISE_BEZIER_KNOTS.);
#3587 = CARTESIAN_POINT('',(4.110992809174,0.));
#3588 = CARTESIAN_POINT('',(4.110992809174,5.709359973737E-02));
#3589 = CARTESIAN_POINT('',(4.110967482752,0.114189759398));
#3590 = CARTESIAN_POINT('',(4.110916507276,0.171129468293));
#3591 = CARTESIAN_POINT('',(4.11088254171,0.227795956412));
#3592 = CARTESIAN_POINT('',(4.110945456906,0.284078473453));
#3593 = CARTESIAN_POINT('',(4.111208718475,0.33983734207));
#3594 = ( GEOMETRIC_REPRESENTATION_CONTEXT(2) 
PARAMETRIC_REPRESENTATION_CONTEXT() REPRESENTATION_CONTEXT('2D SPACE',''
  ) );
#3595 = PCURVE('',#1174,#3596);
#3596 = DEFINITIONAL_REPRESENTATION('',(#3597),#3605);
#3597 = B_SPLINE_CURVE_WITH_KNOTS('',6,(#3598,#3599,#3600,#3601,#3602,
    #3603,#3604),.UNSPECIFIED.,.F.,.F.,(7,7),(0.,0.999998731849),
  .PIECEWISE_BEZIER_KNOTS.);
#3598 = CARTESIAN_POINT('',(-8.862280487365,-4.5));
#3599 = CARTESIAN_POINT('',(-8.862280487365,-4.585640291001));
#3600 = CARTESIAN_POINT('',(-8.853892459842,-4.671284536941));
#3601 = CARTESIAN_POINT('',(-8.837112717234,-4.756190967258));
#3602 = CARTESIAN_POINT('',(-8.812206038181,-4.839684286991));
#3603 = CARTESIAN_POINT('',(-8.779588983862,-4.921145147317));
#3604 = CARTESIAN_POINT('',(-8.739620417724,-5.));
#3605 = ( GEOMETRIC_REPRESENTATION_CONTEXT(2) 
PARAMETRIC_REPRESENTATION_CONTEXT() REPRESENTATION_CONTEXT('2D SPACE',''
  ) );
#3606 = ORIENTED_EDGE('',*,*,#3607,.T.);
#3607 = EDGE_CURVE('',#3573,#3608,#3610,.T.);
#3608 = VERTEX_POINT('',#3609);
#3609 = CARTESIAN_POINT('',(16.5,-45.84537663589,431.95784345068));
#3610 = SURFACE_CURVE('',#3611,(#3616,#3623),.PCURVE_S1.);
#3611 = CIRCLE('',#3612,8.914213562373);
#3612 = AXIS2_PLACEMENT_3D('',#3613,#3614,#3615);
#3613 = CARTESIAN_POINT('',(16.5,-42.,440.));
#3614 = DIRECTION('',(1.,0.,0.));
#3615 = DIRECTION('',(-0.,1.,0.));
#3616 = PCURVE('',#71,#3617);
#3617 = DEFINITIONAL_REPRESENTATION('',(#3618),#3622);
#3618 = LINE('',#3619,#3620);
#3619 = CARTESIAN_POINT('',(0.,0.339836909454));
#3620 = VECTOR('',#3621,1.);
#3621 = DIRECTION('',(1.,0.));
#3622 = ( GEOMETRIC_REPRESENTATION_CONTEXT(2) 
PARAMETRIC_REPRESENTATION_CONTEXT() REPRESENTATION_CONTEXT('2D SPACE',''
  ) );
#3623 = PCURVE('',#3624,#3629);
#3624 = PLANE('',#3625);
#3625 = AXIS2_PLACEMENT_3D('',#3626,#3627,#3628);
#3626 = CARTESIAN_POINT('',(16.5,-46.5,432.20577136594));
#3627 = DIRECTION('',(1.,0.,0.));
#3628 = DIRECTION('',(-0.,0.,1.));
#3629 = DEFINITIONAL_REPRESENTATION('',(#3630),#3634);
#3630 = CIRCLE('',#3631,8.914213562373);
#3631 = AXIS2_PLACEMENT_2D('',#3632,#3633);
#3632 = CARTESIAN_POINT('',(7.79422863406,-4.5));
#3633 = DIRECTION('',(0.,-1.));
#3634 = ( GEOMETRIC_REPRESENTATION_CONTEXT(2) 
PARAMETRIC_REPRESENTATION_CONTEXT() REPRESENTATION_CONTEXT('2D SPACE',''
  ) );
#3635 = ORIENTED_EDGE('',*,*,#3636,.T.);
#3636 = EDGE_CURVE('',#3608,#3637,#3639,.T.);
#3637 = VERTEX_POINT('',#3638);
#3638 = CARTESIAN_POINT('',(16.,-45.88062968511,431.87961126256));
#3639 = SURFACE_CURVE('',#3640,(#3648,#3659),.PCURVE_S1.);
#3640 = B_SPLINE_CURVE_WITH_KNOTS('',6,(#3641,#3642,#3643,#3644,#3645,
    #3646,#3647),.UNSPECIFIED.,.F.,.F.,(7,7),(0.,1.),
  .PIECEWISE_BEZIER_KNOTS.);
#3641 = CARTESIAN_POINT('',(16.5000006,-45.84537656049,431.95784364976)
  );
#3642 = CARTESIAN_POINT('',(16.421145665281,-45.8552859003,
    431.93167922346));
#3643 = CARTESIAN_POINT('',(16.339684739245,-45.86462714961,
    431.91080211985));
#3644 = CARTESIAN_POINT('',(16.256191272357,-45.87241970688,
    431.89519771797));
#3645 = CARTESIAN_POINT('',(16.171284765705,-45.87789415583,
    431.88480702843));
#3646 = CARTESIAN_POINT('',(16.08564040201,-45.88062968511,
    431.87961126256));
#3647 = CARTESIAN_POINT('',(16.,-45.88062968511,431.87961126256));
#3648 = PCURVE('',#71,#3649);
#3649 = DEFINITIONAL_REPRESENTATION('',(#3650),#3658);
#3650 = B_SPLINE_CURVE_WITH_KNOTS('',6,(#3651,#3652,#3653,#3654,#3655,
    #3656,#3657),.UNSPECIFIED.,.F.,.F.,(7,7),(0.,1.),
  .PIECEWISE_BEZIER_KNOTS.);
#3651 = CARTESIAN_POINT('',(4.266371686079,0.339837373659));
#3652 = CARTESIAN_POINT('',(4.266634947729,0.284078505438));
#3653 = CARTESIAN_POINT('',(4.266697887481,0.227795852803));
#3654 = CARTESIAN_POINT('',(4.266663881896,0.171129584127));
#3655 = CARTESIAN_POINT('',(4.266612934882,0.114189716632));
#3656 = CARTESIAN_POINT('',(4.266587600398,5.70936013401E-02));
#3657 = CARTESIAN_POINT('',(4.266587600398,0.));
#3658 = ( GEOMETRIC_REPRESENTATION_CONTEXT(2) 
PARAMETRIC_REPRESENTATION_CONTEXT() REPRESENTATION_CONTEXT('2D SPACE',''
  ) );
#3659 = PCURVE('',#1174,#3660);
#3660 = DEFINITIONAL_REPRESENTATION('',(#3661),#3669);
#3661 = B_SPLINE_CURVE_WITH_KNOTS('',6,(#3662,#3663,#3664,#3665,#3666,
    #3667,#3668),.UNSPECIFIED.,.F.,.F.,(7,7),(1.268151320976E-06,1.),
  .PIECEWISE_BEZIER_KNOTS.);
#3662 = CARTESIAN_POINT('',(-5.921145299028,-5.));
#3663 = CARTESIAN_POINT('',(-5.881176729539,-4.921145148757));
#3664 = CARTESIAN_POINT('',(-5.848559699795,-4.839684315715));
#3665 = CARTESIAN_POINT('',(-5.823652981078,-4.756190949334));
#3666 = CARTESIAN_POINT('',(-5.80687326488,-4.671284548485));
#3667 = CARTESIAN_POINT('',(-5.798485229387,-4.585640293405));
#3668 = CARTESIAN_POINT('',(-5.798485229387,-4.5));
#3669 = ( GEOMETRIC_REPRESENTATION_CONTEXT(2) 
PARAMETRIC_REPRESENTATION_CONTEXT() REPRESENTATION_CONTEXT('2D SPACE',''
  ) );
#3670 = ORIENTED_EDGE('',*,*,#3671,.T.);
#3671 = EDGE_CURVE('',#3637,#3672,#3674,.T.);
#3672 = VERTEX_POINT('',#3673);
#3673 = CARTESIAN_POINT('',(16.,-44.99796237648,431.51399849227));
#3674 = SURFACE_CURVE('',#3675,(#3680,#3687),.PCURVE_S1.);
#3675 = CIRCLE('',#3676,9.);
#3676 = AXIS2_PLACEMENT_3D('',#3677,#3678,#3679);
#3677 = CARTESIAN_POINT('',(16.,-42.,440.));
#3678 = DIRECTION('',(1.,0.,0.));
#3679 = DIRECTION('',(-0.,1.,0.));
#3680 = PCURVE('',#71,#3681);
#3681 = DEFINITIONAL_REPRESENTATION('',(#3682),#3686);
#3682 = LINE('',#3683,#3684);
#3683 = CARTESIAN_POINT('',(0.,0.));
#3684 = VECTOR('',#3685,1.);
#3685 = DIRECTION('',(1.,0.));
#3686 = ( GEOMETRIC_REPRESENTATION_CONTEXT(2) 
PARAMETRIC_REPRESENTATION_CONTEXT() REPRESENTATION_CONTEXT('2D SPACE',''
  ) );
#3687 = PCURVE('',#1203,#3688);
#3688 = DEFINITIONAL_REPRESENTATION('',(#3689),#3693);
#3689 = LINE('',#3690,#3691);
#3690 = CARTESIAN_POINT('',(-0.,-4.5));
#3691 = VECTOR('',#3692,1.);
#3692 = DIRECTION('',(-1.,0.));
#3693 = ( GEOMETRIC_REPRESENTATION_CONTEXT(2) 
PARAMETRIC_REPRESENTATION_CONTEXT() REPRESENTATION_CONTEXT('2D SPACE',''
  ) );
#3694 = ORIENTED_EDGE('',*,*,#3695,.T.);
#3695 = EDGE_CURVE('',#3672,#3696,#3698,.T.);
#3696 = VERTEX_POINT('',#3697);
#3697 = CARTESIAN_POINT('',(16.5,-44.96757153593,431.59424467315));
#3698 = SURFACE_CURVE('',#3699,(#3707,#3718),.PCURVE_S1.);
#3699 = B_SPLINE_CURVE_WITH_KNOTS('',6,(#3700,#3701,#3702,#3703,#3704,
    #3705,#3706),.UNSPECIFIED.,.F.,.F.,(7,7),(0.,1.),
  .PIECEWISE_BEZIER_KNOTS.);
#3700 = CARTESIAN_POINT('',(16.,-44.99796237648,431.51399849227));
#3701 = CARTESIAN_POINT('',(16.085640399606,-44.99796237648,
    431.51399849227));
#3702 = CARTESIAN_POINT('',(16.17128475416,-44.99622272896,
    431.51960675984));
#3703 = CARTESIAN_POINT('',(16.256191290282,-44.99274641354,
    431.53082512337));
#3704 = CARTESIAN_POINT('',(16.339684710518,-44.98722261774,
    431.54736924699));
#3705 = CARTESIAN_POINT('',(16.42114566384,-44.97906552903,
    431.56873686458));
#3706 = CARTESIAN_POINT('',(16.5000006,-44.96757144847,431.59424486724)
  );
#3707 = PCURVE('',#71,#3708);
#3708 = DEFINITIONAL_REPRESENTATION('',(#3709),#3717);
#3709 = B_SPLINE_CURVE_WITH_KNOTS('',6,(#3710,#3711,#3712,#3713,#3714,
    #3715,#3716),.UNSPECIFIED.,.F.,.F.,(7,7),(0.,1.),
  .PIECEWISE_BEZIER_KNOTS.);
#3710 = CARTESIAN_POINT('',(4.372792196974,0.));
#3711 = CARTESIAN_POINT('',(4.372792196974,5.709359973718E-02));
#3712 = CARTESIAN_POINT('',(4.372766870552,0.114189759401));
#3713 = CARTESIAN_POINT('',(4.372715895074,0.171129468286));
#3714 = CARTESIAN_POINT('',(4.372681929511,0.227795956419));
#3715 = CARTESIAN_POINT('',(4.372744844704,0.284078473451));
#3716 = CARTESIAN_POINT('',(4.373008106273,0.339837342068));
#3717 = ( GEOMETRIC_REPRESENTATION_CONTEXT(2) 
PARAMETRIC_REPRESENTATION_CONTEXT() REPRESENTATION_CONTEXT('2D SPACE',''
  ) );
#3718 = PCURVE('',#1232,#3719);
#3719 = DEFINITIONAL_REPRESENTATION('',(#3720),#3728);
#3720 = B_SPLINE_CURVE_WITH_KNOTS('',6,(#3721,#3722,#3723,#3724,#3725,
    #3726,#3727),.UNSPECIFIED.,.F.,.F.,(7,7),(0.,0.999998731849),
  .PIECEWISE_BEZIER_KNOTS.);
#3721 = CARTESIAN_POINT('',(-9.124079875164,-4.5));
#3722 = CARTESIAN_POINT('',(-9.124079875164,-4.585640291001));
#3723 = CARTESIAN_POINT('',(-9.115691847642,-4.67128453694));
#3724 = CARTESIAN_POINT('',(-9.098912105032,-4.756190967259));
#3725 = CARTESIAN_POINT('',(-9.074005425981,-4.839684286989));
#3726 = CARTESIAN_POINT('',(-9.041388371661,-4.921145147316));
#3727 = CARTESIAN_POINT('',(-9.001419805524,-5.));
#3728 = ( GEOMETRIC_REPRESENTATION_CONTEXT(2) 
PARAMETRIC_REPRESENTATION_CONTEXT() REPRESENTATION_CONTEXT('2D SPACE',''
  ) );
#3729 = ORIENTED_EDGE('',*,*,#3730,.T.);
#3730 = EDGE_CURVE('',#3696,#3731,#3733,.T.);
#3731 = VERTEX_POINT('',#3732);
#3732 = CARTESIAN_POINT('',(16.5,-43.63288532575,431.23661658099));
#3733 = SURFACE_CURVE('',#3734,(#3739,#3746),.PCURVE_S1.);
#3734 = CIRCLE('',#3735,8.914213562373);
#3735 = AXIS2_PLACEMENT_3D('',#3736,#3737,#3738);
#3736 = CARTESIAN_POINT('',(16.5,-42.,440.));
#3737 = DIRECTION('',(1.,0.,0.));
#3738 = DIRECTION('',(-0.,1.,0.));
#3739 = PCURVE('',#71,#3740);
#3740 = DEFINITIONAL_REPRESENTATION('',(#3741),#3745);
#3741 = LINE('',#3742,#3743);
#3742 = CARTESIAN_POINT('',(0.,0.339836909454));
#3743 = VECTOR('',#3744,1.);
#3744 = DIRECTION('',(1.,0.));
#3745 = ( GEOMETRIC_REPRESENTATION_CONTEXT(2) 
PARAMETRIC_REPRESENTATION_CONTEXT() REPRESENTATION_CONTEXT('2D SPACE',''
  ) );
#3746 = PCURVE('',#3747,#3752);
#3747 = PLANE('',#3748);
#3748 = AXIS2_PLACEMENT_3D('',#3749,#3750,#3751);
#3749 = CARTESIAN_POINT('',(16.5,-44.32937140592,431.30666756339));
#3750 = DIRECTION('',(1.,0.,0.));
#3751 = DIRECTION('',(-0.,0.,1.));
#3752 = DEFINITIONAL_REPRESENTATION('',(#3753),#3757);
#3753 = CIRCLE('',#3754,8.914213562373);
#3754 = AXIS2_PLACEMENT_2D('',#3755,#3756);
#3755 = CARTESIAN_POINT('',(8.693332436602,-2.329371405923));
#3756 = DIRECTION('',(0.,-1.));
#3757 = ( GEOMETRIC_REPRESENTATION_CONTEXT(2) 
PARAMETRIC_REPRESENTATION_CONTEXT() REPRESENTATION_CONTEXT('2D SPACE',''
  ) );
#3758 = ORIENTED_EDGE('',*,*,#3759,.T.);
#3759 = EDGE_CURVE('',#3731,#3760,#3762,.T.);
#3760 = VERTEX_POINT('',#3761);
#3761 = CARTESIAN_POINT('',(16.,-43.64668917623,431.15192592951));
#3762 = SURFACE_CURVE('',#3763,(#3771,#3782),.PCURVE_S1.);
#3763 = B_SPLINE_CURVE_WITH_KNOTS('',6,(#3764,#3765,#3766,#3767,#3768,
    #3769,#3770),.UNSPECIFIED.,.F.,.F.,(7,7),(0.,1.),
  .PIECEWISE_BEZIER_KNOTS.);
#3764 = CARTESIAN_POINT('',(16.5000006,-43.63288530445,431.2366167928));
#3765 = CARTESIAN_POINT('',(16.42114566517,-43.63568513987,
    431.20877917178));
#3766 = CARTESIAN_POINT('',(16.33968473966,-43.63930470179,
    431.18619574526));
#3767 = CARTESIAN_POINT('',(16.256191272607,-43.6427930177,
    431.16910618801));
#3768 = CARTESIAN_POINT('',(16.171284765859,-43.64539162102,
    431.15765266103));
#3769 = CARTESIAN_POINT('',(16.085640401853,-43.64668917623,
    431.15192592951));
#3770 = CARTESIAN_POINT('',(16.,-43.64668917623,431.15192592951));
#3771 = PCURVE('',#71,#3772);
#3772 = DEFINITIONAL_REPRESENTATION('',(#3773),#3781);
#3773 = B_SPLINE_CURVE_WITH_KNOTS('',6,(#3774,#3775,#3776,#3777,#3778,
    #3779,#3780),.UNSPECIFIED.,.F.,.F.,(7,7),(0.,1.),
  .PIECEWISE_BEZIER_KNOTS.);
#3774 = CARTESIAN_POINT('',(4.528171073849,0.339837373843));
#3775 = CARTESIAN_POINT('',(4.5284343355,0.28407850554));
#3776 = CARTESIAN_POINT('',(4.528497275392,0.227795852378));
#3777 = CARTESIAN_POINT('',(4.52846326958,0.171129585037));
#3778 = CARTESIAN_POINT('',(4.528412322727,0.114189716441));
#3779 = CARTESIAN_POINT('',(4.528386988198,5.709360123543E-02));
#3780 = CARTESIAN_POINT('',(4.528386988198,0.));
#3781 = ( GEOMETRIC_REPRESENTATION_CONTEXT(2) 
PARAMETRIC_REPRESENTATION_CONTEXT() REPRESENTATION_CONTEXT('2D SPACE',''
  ) );
#3782 = PCURVE('',#1232,#3783);
#3783 = DEFINITIONAL_REPRESENTATION('',(#3784),#3792);
#3784 = B_SPLINE_CURVE_WITH_KNOTS('',6,(#3785,#3786,#3787,#3788,#3789,
    #3790,#3791),.UNSPECIFIED.,.F.,.F.,(7,7),(1.268151318517E-06,1.),
  .PIECEWISE_BEZIER_KNOTS.);
#3785 = CARTESIAN_POINT('',(-6.182944686827,-5.));
#3786 = CARTESIAN_POINT('',(-6.142976117258,-4.921145148646));
#3787 = CARTESIAN_POINT('',(-6.110359087865,-4.839684316131));
#3788 = CARTESIAN_POINT('',(-6.085452368842,-4.756190949584));
#3789 = CARTESIAN_POINT('',(-6.068672652685,-4.671284548639));
#3790 = CARTESIAN_POINT('',(-6.060284617186,-4.585640293248));
#3791 = CARTESIAN_POINT('',(-6.060284617186,-4.5));
#3792 = ( GEOMETRIC_REPRESENTATION_CONTEXT(2) 
PARAMETRIC_REPRESENTATION_CONTEXT() REPRESENTATION_CONTEXT('2D SPACE',''
  ) );
#3793 = ORIENTED_EDGE('',*,*,#3794,.T.);
#3794 = EDGE_CURVE('',#3760,#3795,#3797,.T.);
#3795 = VERTEX_POINT('',#3796);
#3796 = CARTESIAN_POINT('',(16.,-42.69947047872,431.02722222222));
#3797 = SURFACE_CURVE('',#3798,(#3803,#3810),.PCURVE_S1.);
#3798 = CIRCLE('',#3799,9.);
#3799 = AXIS2_PLACEMENT_3D('',#3800,#3801,#3802);
#3800 = CARTESIAN_POINT('',(16.,-42.,440.));
#3801 = DIRECTION('',(1.,0.,0.));
#3802 = DIRECTION('',(-0.,1.,0.));
#3803 = PCURVE('',#71,#3804);
#3804 = DEFINITIONAL_REPRESENTATION('',(#3805),#3809);
#3805 = LINE('',#3806,#3807);
#3806 = CARTESIAN_POINT('',(0.,0.));
#3807 = VECTOR('',#3808,1.);
#3808 = DIRECTION('',(1.,0.));
#3809 = ( GEOMETRIC_REPRESENTATION_CONTEXT(2) 
PARAMETRIC_REPRESENTATION_CONTEXT() REPRESENTATION_CONTEXT('2D SPACE',''
  ) );
#3810 = PCURVE('',#1261,#3811);
#3811 = DEFINITIONAL_REPRESENTATION('',(#3812),#3816);
#3812 = LINE('',#3813,#3814);
#3813 = CARTESIAN_POINT('',(-0.,-4.5));
#3814 = VECTOR('',#3815,1.);
#3815 = DIRECTION('',(-1.,0.));
#3816 = ( GEOMETRIC_REPRESENTATION_CONTEXT(2) 
PARAMETRIC_REPRESENTATION_CONTEXT() REPRESENTATION_CONTEXT('2D SPACE',''
  ) );
#3817 = ORIENTED_EDGE('',*,*,#3818,.T.);
#3818 = EDGE_CURVE('',#3795,#3819,#3821,.T.);
#3819 = VERTEX_POINT('',#3820);
#3820 = CARTESIAN_POINT('',(16.5,-42.69088442085,431.11259980913));
#3821 = SURFACE_CURVE('',#3822,(#3830,#3841),.PCURVE_S1.);
#3822 = B_SPLINE_CURVE_WITH_KNOTS('',6,(#3823,#3824,#3825,#3826,#3827,
    #3828,#3829),.UNSPECIFIED.,.F.,.F.,(7,7),(0.,1.),
  .PIECEWISE_BEZIER_KNOTS.);
#3823 = CARTESIAN_POINT('',(16.,-42.69947047872,431.02722222222));
#3824 = CARTESIAN_POINT('',(16.085640399606,-42.69947047872,
    431.02722222222));
#3825 = CARTESIAN_POINT('',(16.171284754161,-42.6992416347,
    431.03308964661));
#3826 = CARTESIAN_POINT('',(16.256191290281,-42.698787298,
    431.04482549032));
#3827 = CARTESIAN_POINT('',(16.33968471052,-42.69773365525,
    431.06223555015));
#3828 = CARTESIAN_POINT('',(16.421145663841,-42.69538485898,
    431.08498629373));
#3829 = CARTESIAN_POINT('',(16.5000006,-42.69088438661,431.11260001924)
  );
#3830 = PCURVE('',#71,#3831);
#3831 = DEFINITIONAL_REPRESENTATION('',(#3832),#3840);
#3832 = B_SPLINE_CURVE_WITH_KNOTS('',6,(#3833,#3834,#3835,#3836,#3837,
    #3838,#3839),.UNSPECIFIED.,.F.,.F.,(7,7),(0.,1.),
  .PIECEWISE_BEZIER_KNOTS.);
#3833 = CARTESIAN_POINT('',(4.634591584773,0.));
#3834 = CARTESIAN_POINT('',(4.634591584773,5.709359973739E-02));
#3835 = CARTESIAN_POINT('',(4.63456625835,0.114189759398));
#3836 = CARTESIAN_POINT('',(4.634515282874,0.171129468293));
#3837 = CARTESIAN_POINT('',(4.634481317309,0.227795956412));
#3838 = CARTESIAN_POINT('',(4.634544232504,0.284078473453));
#3839 = CARTESIAN_POINT('',(4.634807494073,0.339837342069));
#3840 = ( GEOMETRIC_REPRESENTATION_CONTEXT(2) 
PARAMETRIC_REPRESENTATION_CONTEXT() REPRESENTATION_CONTEXT('2D SPACE',''
  ) );
#3841 = PCURVE('',#1290,#3842);
#3842 = DEFINITIONAL_REPRESENTATION('',(#3843),#3851);
#3843 = B_SPLINE_CURVE_WITH_KNOTS('',6,(#3844,#3845,#3846,#3847,#3848,
    #3849,#3850),.UNSPECIFIED.,.F.,.F.,(7,7),(0.,1.),
  .PIECEWISE_BEZIER_KNOTS.);
#3844 = CARTESIAN_POINT('',(-3.102693955784,-4.5));
#3845 = CARTESIAN_POINT('',(-3.102693955784,-4.585640399606));
#3846 = CARTESIAN_POINT('',(-3.094305906987,-4.671284754161));
#3847 = CARTESIAN_POINT('',(-3.077526121815,-4.756191290281));
#3848 = CARTESIAN_POINT('',(-3.052619380257,-4.83968471052));
#3849 = CARTESIAN_POINT('',(-3.020002245464,-4.921145663841));
#3850 = CARTESIAN_POINT('',(-2.980033582025,-5.0000006));
#3851 = ( GEOMETRIC_REPRESENTATION_CONTEXT(2) 
PARAMETRIC_REPRESENTATION_CONTEXT() REPRESENTATION_CONTEXT('2D SPACE',''
  ) );
#3852 = ORIENTED_EDGE('',*,*,#3853,.T.);
#3853 = EDGE_CURVE('',#3819,#3854,#3856,.T.);
#3854 = VERTEX_POINT('',#3855);
#3855 = CARTESIAN_POINT('',(16.5,-41.30911557914,431.11259980913));
#3856 = SURFACE_CURVE('',#3857,(#3862,#3869),.PCURVE_S1.);
#3857 = CIRCLE('',#3858,8.914213562373);
#3858 = AXIS2_PLACEMENT_3D('',#3859,#3860,#3861);
#3859 = CARTESIAN_POINT('',(16.5,-42.,440.));
#3860 = DIRECTION('',(1.,0.,0.));
#3861 = DIRECTION('',(-0.,1.,0.));
#3862 = PCURVE('',#71,#3863);
#3863 = DEFINITIONAL_REPRESENTATION('',(#3864),#3868);
#3864 = LINE('',#3865,#3866);
#3865 = CARTESIAN_POINT('',(0.,0.339836909454));
#3866 = VECTOR('',#3867,1.);
#3867 = DIRECTION('',(1.,0.));
#3868 = ( GEOMETRIC_REPRESENTATION_CONTEXT(2) 
PARAMETRIC_REPRESENTATION_CONTEXT() REPRESENTATION_CONTEXT('2D SPACE',''
  ) );
#3869 = PCURVE('',#3870,#3875);
#3870 = PLANE('',#3871);
#3871 = AXIS2_PLACEMENT_3D('',#3872,#3873,#3874);
#3872 = CARTESIAN_POINT('',(16.5,-42.,431.));
#3873 = DIRECTION('',(1.,0.,0.));
#3874 = DIRECTION('',(-0.,0.,1.));
#3875 = DEFINITIONAL_REPRESENTATION('',(#3876),#3880);
#3876 = CIRCLE('',#3877,8.914213562373);
#3877 = AXIS2_PLACEMENT_2D('',#3878,#3879);
#3878 = CARTESIAN_POINT('',(9.,7.105427357601E-15));
#3879 = DIRECTION('',(0.,-1.));
#3880 = ( GEOMETRIC_REPRESENTATION_CONTEXT(2) 
PARAMETRIC_REPRESENTATION_CONTEXT() REPRESENTATION_CONTEXT('2D SPACE',''
  ) );
#3881 = ORIENTED_EDGE('',*,*,#3882,.T.);
#3882 = EDGE_CURVE('',#3854,#3883,#3885,.T.);
#3883 = VERTEX_POINT('',#3884);
#3884 = CARTESIAN_POINT('',(16.,-41.30052952127,431.02722222222));
#3885 = SURFACE_CURVE('',#3886,(#3894,#3905),.PCURVE_S1.);
#3886 = B_SPLINE_CURVE_WITH_KNOTS('',6,(#3887,#3888,#3889,#3890,#3891,
    #3892,#3893),.UNSPECIFIED.,.F.,.F.,(7,7),(0.,1.),
  .PIECEWISE_BEZIER_KNOTS.);
#3887 = CARTESIAN_POINT('',(16.5000006,-41.30911561338,431.11260001924)
  );
#3888 = CARTESIAN_POINT('',(16.421145665274,-41.30461514025,
    431.08498629148));
#3889 = CARTESIAN_POINT('',(16.339684739273,-41.30226634765,
    431.06223556476));
#3890 = CARTESIAN_POINT('',(16.256191272374,-41.30121269926,
    431.04482547767));
#3891 = CARTESIAN_POINT('',(16.171284765715,-41.30075836635,
    431.03308965209));
#3892 = CARTESIAN_POINT('',(16.085640402,-41.30052952127,431.02722222222
    ));
#3893 = CARTESIAN_POINT('',(16.,-41.30052952127,431.02722222222));
#3894 = PCURVE('',#71,#3895);
#3895 = DEFINITIONAL_REPRESENTATION('',(#3896),#3904);
#3896 = B_SPLINE_CURVE_WITH_KNOTS('',6,(#3897,#3898,#3899,#3900,#3901,
    #3902,#3903),.UNSPECIFIED.,.F.,.F.,(7,7),(0.,1.),
  .PIECEWISE_BEZIER_KNOTS.);
#3897 = CARTESIAN_POINT('',(4.789970461675,0.339837373672));
#3898 = CARTESIAN_POINT('',(4.790233723326,0.284078505445));
#3899 = CARTESIAN_POINT('',(4.790296663086,0.227795852774));
#3900 = CARTESIAN_POINT('',(4.790262657487,0.171129584189));
#3901 = CARTESIAN_POINT('',(4.790211710484,0.11418971662));
#3902 = CARTESIAN_POINT('',(4.790186375997,5.709360133307E-02));
#3903 = CARTESIAN_POINT('',(4.790186375997,0.));
#3904 = ( GEOMETRIC_REPRESENTATION_CONTEXT(2) 
PARAMETRIC_REPRESENTATION_CONTEXT() REPRESENTATION_CONTEXT('2D SPACE',''
  ) );
#3905 = PCURVE('',#1290,#3906);
#3906 = DEFINITIONAL_REPRESENTATION('',(#3907),#3915);
#3907 = B_SPLINE_CURVE_WITH_KNOTS('',6,(#3908,#3909,#3910,#3911,#3912,
    #3913,#3914),.UNSPECIFIED.,.F.,.F.,(7,7),(0.,1.),
  .PIECEWISE_BEZIER_KNOTS.);
#3908 = CARTESIAN_POINT('',(-0.161559071564,-5.0000006));
#3909 = CARTESIAN_POINT('',(-0.121590404769,-4.921145665274));
#3910 = CARTESIAN_POINT('',(-8.8973294574E-02,-4.839684739273));
#3911 = CARTESIAN_POINT('',(-6.406651333255E-02,-4.756191272374));
#3912 = CARTESIAN_POINT('',(-4.728675457313E-02,-4.671284765715));
#3913 = CARTESIAN_POINT('',(-3.889869780604E-02,-4.585640402));
#3914 = CARTESIAN_POINT('',(-3.889869780604E-02,-4.5));
#3915 = ( GEOMETRIC_REPRESENTATION_CONTEXT(2) 
PARAMETRIC_REPRESENTATION_CONTEXT() REPRESENTATION_CONTEXT('2D SPACE',''
  ) );
#3916 = ORIENTED_EDGE('',*,*,#3917,.T.);
#3917 = EDGE_CURVE('',#3883,#3918,#3920,.T.);
#3918 = VERTEX_POINT('',#3919);
#3919 = CARTESIAN_POINT('',(16.,-40.35331082376,431.15192592951));
#3920 = SURFACE_CURVE('',#3921,(#3926,#3933),.PCURVE_S1.);
#3921 = CIRCLE('',#3922,9.);
#3922 = AXIS2_PLACEMENT_3D('',#3923,#3924,#3925);
#3923 = CARTESIAN_POINT('',(16.,-42.,440.));
#3924 = DIRECTION('',(1.,0.,0.));
#3925 = DIRECTION('',(-0.,1.,0.));
#3926 = PCURVE('',#71,#3927);
#3927 = DEFINITIONAL_REPRESENTATION('',(#3928),#3932);
#3928 = LINE('',#3929,#3930);
#3929 = CARTESIAN_POINT('',(0.,0.));
#3930 = VECTOR('',#3931,1.);
#3931 = DIRECTION('',(1.,0.));
#3932 = ( GEOMETRIC_REPRESENTATION_CONTEXT(2) 
PARAMETRIC_REPRESENTATION_CONTEXT() REPRESENTATION_CONTEXT('2D SPACE',''
  ) );
#3933 = PCURVE('',#1319,#3934);
#3934 = DEFINITIONAL_REPRESENTATION('',(#3935),#3939);
#3935 = LINE('',#3936,#3937);
#3936 = CARTESIAN_POINT('',(-0.,-4.5));
#3937 = VECTOR('',#3938,1.);
#3938 = DIRECTION('',(-1.,0.));
#3939 = ( GEOMETRIC_REPRESENTATION_CONTEXT(2) 
PARAMETRIC_REPRESENTATION_CONTEXT() REPRESENTATION_CONTEXT('2D SPACE',''
  ) );
#3940 = ORIENTED_EDGE('',*,*,#3941,.T.);
#3941 = EDGE_CURVE('',#3918,#3942,#3944,.T.);
#3942 = VERTEX_POINT('',#3943);
#3943 = CARTESIAN_POINT('',(16.5,-40.36711467424,431.23661658099));
#3944 = SURFACE_CURVE('',#3945,(#3953,#3964),.PCURVE_S1.);
#3945 = B_SPLINE_CURVE_WITH_KNOTS('',6,(#3946,#3947,#3948,#3949,#3950,
    #3951,#3952),.UNSPECIFIED.,.F.,.F.,(7,7),(0.,1.),
  .PIECEWISE_BEZIER_KNOTS.);
#3946 = CARTESIAN_POINT('',(16.,-40.35331082376,431.15192592951));
#3947 = CARTESIAN_POINT('',(16.085640399606,-40.35331082376,
    431.15192592951));
#3948 = CARTESIAN_POINT('',(16.171284754161,-40.35460837859,
    431.15765265545));
#3949 = CARTESIAN_POINT('',(16.256191290282,-40.3572069829,
    431.16910620097));
#3950 = CARTESIAN_POINT('',(16.339684710518,-40.36069529722,
    431.18619573021));
#3951 = CARTESIAN_POINT('',(16.42114566384,-40.36431485997,
    431.20877917421));
#3952 = CARTESIAN_POINT('',(16.5000006,-40.36711469554,431.2366167928));
#3953 = PCURVE('',#71,#3954);
#3954 = DEFINITIONAL_REPRESENTATION('',(#3955),#3963);
#3955 = B_SPLINE_CURVE_WITH_KNOTS('',6,(#3956,#3957,#3958,#3959,#3960,
    #3961,#3962),.UNSPECIFIED.,.F.,.F.,(7,7),(0.,1.),
  .PIECEWISE_BEZIER_KNOTS.);
#3956 = CARTESIAN_POINT('',(4.896390972572,0.));
#3957 = CARTESIAN_POINT('',(4.896390972572,5.709359973716E-02));
#3958 = CARTESIAN_POINT('',(4.89636564615,0.114189759401));
#3959 = CARTESIAN_POINT('',(4.896314670672,0.171129468286));
#3960 = CARTESIAN_POINT('',(4.896280705109,0.227795956419));
#3961 = CARTESIAN_POINT('',(4.896343620303,0.284078473451));
#3962 = CARTESIAN_POINT('',(4.896606881872,0.339837342068));
#3963 = ( GEOMETRIC_REPRESENTATION_CONTEXT(2) 
PARAMETRIC_REPRESENTATION_CONTEXT() REPRESENTATION_CONTEXT('2D SPACE',''
  ) );
#3964 = PCURVE('',#1348,#3965);
#3965 = DEFINITIONAL_REPRESENTATION('',(#3966),#3974);
#3966 = B_SPLINE_CURVE_WITH_KNOTS('',6,(#3967,#3968,#3969,#3970,#3971,
    #3972,#3973),.UNSPECIFIED.,.F.,.F.,(7,7),(0.,1.),
  .PIECEWISE_BEZIER_KNOTS.);
#3967 = CARTESIAN_POINT('',(-3.364493343583,-4.5));
#3968 = CARTESIAN_POINT('',(-3.364493343583,-4.585640399606));
#3969 = CARTESIAN_POINT('',(-3.356105294786,-4.671284754161));
#3970 = CARTESIAN_POINT('',(-3.339325509613,-4.756191290282));
#3971 = CARTESIAN_POINT('',(-3.314418768058,-4.839684710518));
#3972 = CARTESIAN_POINT('',(-3.281801633263,-4.92114566384));
#3973 = CARTESIAN_POINT('',(-3.241832969825,-5.0000006));
#3974 = ( GEOMETRIC_REPRESENTATION_CONTEXT(2) 
PARAMETRIC_REPRESENTATION_CONTEXT() REPRESENTATION_CONTEXT('2D SPACE',''
  ) );
#3975 = ORIENTED_EDGE('',*,*,#3976,.T.);
#3976 = EDGE_CURVE('',#3942,#3977,#3979,.T.);
#3977 = VERTEX_POINT('',#3978);
#3978 = CARTESIAN_POINT('',(16.5,-39.03242846406,431.59424467315));
#3979 = SURFACE_CURVE('',#3980,(#3985,#3992),.PCURVE_S1.);
#3980 = CIRCLE('',#3981,8.914213562373);
#3981 = AXIS2_PLACEMENT_3D('',#3982,#3983,#3984);
#3982 = CARTESIAN_POINT('',(16.5,-42.,440.));
#3983 = DIRECTION('',(1.,0.,0.));
#3984 = DIRECTION('',(-0.,1.,0.));
#3985 = PCURVE('',#71,#3986);
#3986 = DEFINITIONAL_REPRESENTATION('',(#3987),#3991);
#3987 = LINE('',#3988,#3989);
#3988 = CARTESIAN_POINT('',(0.,0.339836909454));
#3989 = VECTOR('',#3990,1.);
#3990 = DIRECTION('',(1.,0.));
#3991 = ( GEOMETRIC_REPRESENTATION_CONTEXT(2) 
PARAMETRIC_REPRESENTATION_CONTEXT() REPRESENTATION_CONTEXT('2D SPACE',''
  ) );
#3992 = PCURVE('',#3993,#3998);
#3993 = PLANE('',#3994);
#3994 = AXIS2_PLACEMENT_3D('',#3995,#3996,#3997);
#3995 = CARTESIAN_POINT('',(16.5,-39.67062859407,431.30666756339));
#3996 = DIRECTION('',(1.,0.,0.));
#3997 = DIRECTION('',(-0.,0.,1.));
#3998 = DEFINITIONAL_REPRESENTATION('',(#3999),#4003);
#3999 = CIRCLE('',#4000,8.914213562373);
#4000 = AXIS2_PLACEMENT_2D('',#4001,#4002);
#4001 = CARTESIAN_POINT('',(8.693332436602,2.329371405923));
#4002 = DIRECTION('',(0.,-1.));
#4003 = ( GEOMETRIC_REPRESENTATION_CONTEXT(2) 
PARAMETRIC_REPRESENTATION_CONTEXT() REPRESENTATION_CONTEXT('2D SPACE',''
  ) );
#4004 = ORIENTED_EDGE('',*,*,#4005,.T.);
#4005 = EDGE_CURVE('',#3977,#4006,#4008,.T.);
#4006 = VERTEX_POINT('',#4007);
#4007 = CARTESIAN_POINT('',(16.,-39.00203762351,431.51399849227));
#4008 = SURFACE_CURVE('',#4009,(#4017,#4028),.PCURVE_S1.);
#4009 = B_SPLINE_CURVE_WITH_KNOTS('',6,(#4010,#4011,#4012,#4013,#4014,
    #4015,#4016),.UNSPECIFIED.,.F.,.F.,(7,7),(0.,1.),
  .PIECEWISE_BEZIER_KNOTS.);
#4010 = CARTESIAN_POINT('',(16.5000006,-39.03242855152,431.59424486724)
  );
#4011 = CARTESIAN_POINT('',(16.42114566517,-39.02093446961,
    431.56873686255));
#4012 = CARTESIAN_POINT('',(16.33968473966,-39.01277738893,
    431.54736926051));
#4013 = CARTESIAN_POINT('',(16.256191272607,-39.00725358049,
    431.53082511184));
#4014 = CARTESIAN_POINT('',(16.171284765859,-39.0037772735,
    431.51960676485));
#4015 = CARTESIAN_POINT('',(16.085640401853,-39.00203762351,
    431.51399849227));
#4016 = CARTESIAN_POINT('',(16.,-39.00203762351,431.51399849227));
#4017 = PCURVE('',#71,#4018);
#4018 = DEFINITIONAL_REPRESENTATION('',(#4019),#4027);
#4019 = B_SPLINE_CURVE_WITH_KNOTS('',6,(#4020,#4021,#4022,#4023,#4024,
    #4025,#4026),.UNSPECIFIED.,.F.,.F.,(7,7),(0.,1.),
  .PIECEWISE_BEZIER_KNOTS.);
#4020 = CARTESIAN_POINT('',(5.051769849447,0.339837373843));
#4021 = CARTESIAN_POINT('',(5.052033111099,0.28407850554));
#4022 = CARTESIAN_POINT('',(5.05209605099,0.227795852379));
#4023 = CARTESIAN_POINT('',(5.052062045178,0.171129585035));
#4024 = CARTESIAN_POINT('',(5.052011098325,0.114189716441));
#4025 = CARTESIAN_POINT('',(5.051985763796,5.709360123556E-02));
#4026 = CARTESIAN_POINT('',(5.051985763796,0.));
#4027 = ( GEOMETRIC_REPRESENTATION_CONTEXT(2) 
PARAMETRIC_REPRESENTATION_CONTEXT() REPRESENTATION_CONTEXT('2D SPACE',''
  ) );
#4028 = PCURVE('',#1348,#4029);
#4029 = DEFINITIONAL_REPRESENTATION('',(#4030),#4038);
#4030 = B_SPLINE_CURVE_WITH_KNOTS('',6,(#4031,#4032,#4033,#4034,#4035,
    #4036,#4037),.UNSPECIFIED.,.F.,.F.,(7,7),(0.,1.),
  .PIECEWISE_BEZIER_KNOTS.);
#4031 = CARTESIAN_POINT('',(-0.423358459364,-5.0000006));
#4032 = CARTESIAN_POINT('',(-0.383389792494,-4.92114566517));
#4033 = CARTESIAN_POINT('',(-0.350772682626,-4.83968473966));
#4034 = CARTESIAN_POINT('',(-0.325865901098,-4.756191272607));
#4035 = CARTESIAN_POINT('',(-0.309086142378,-4.671284765859));
#4036 = CARTESIAN_POINT('',(-0.300698085605,-4.585640401853));
#4037 = CARTESIAN_POINT('',(-0.300698085605,-4.5));
#4038 = ( GEOMETRIC_REPRESENTATION_CONTEXT(2) 
PARAMETRIC_REPRESENTATION_CONTEXT() REPRESENTATION_CONTEXT('2D SPACE',''
  ) );
#4039 = ORIENTED_EDGE('',*,*,#4040,.T.);
#4040 = EDGE_CURVE('',#4006,#4041,#4043,.T.);
#4041 = VERTEX_POINT('',#4042);
#4042 = CARTESIAN_POINT('',(16.,-38.11937031488,431.87961126256));
#4043 = SURFACE_CURVE('',#4044,(#4049,#4056),.PCURVE_S1.);
#4044 = CIRCLE('',#4045,9.);
#4045 = AXIS2_PLACEMENT_3D('',#4046,#4047,#4048);
#4046 = CARTESIAN_POINT('',(16.,-42.,440.));
#4047 = DIRECTION('',(1.,0.,0.));
#4048 = DIRECTION('',(-0.,1.,0.));
#4049 = PCURVE('',#71,#4050);
#4050 = DEFINITIONAL_REPRESENTATION('',(#4051),#4055);
#4051 = LINE('',#4052,#4053);
#4052 = CARTESIAN_POINT('',(0.,0.));
#4053 = VECTOR('',#4054,1.);
#4054 = DIRECTION('',(1.,0.));
#4055 = ( GEOMETRIC_REPRESENTATION_CONTEXT(2) 
PARAMETRIC_REPRESENTATION_CONTEXT() REPRESENTATION_CONTEXT('2D SPACE',''
  ) );
#4056 = PCURVE('',#1377,#4057);
#4057 = DEFINITIONAL_REPRESENTATION('',(#4058),#4062);
#4058 = LINE('',#4059,#4060);
#4059 = CARTESIAN_POINT('',(-0.,-4.5));
#4060 = VECTOR('',#4061,1.);
#4061 = DIRECTION('',(-1.,0.));
#4062 = ( GEOMETRIC_REPRESENTATION_CONTEXT(2) 
PARAMETRIC_REPRESENTATION_CONTEXT() REPRESENTATION_CONTEXT('2D SPACE',''
  ) );
#4063 = ORIENTED_EDGE('',*,*,#4064,.T.);
#4064 = EDGE_CURVE('',#4041,#4065,#4067,.T.);
#4065 = VERTEX_POINT('',#4066);
#4066 = CARTESIAN_POINT('',(16.5,-38.1546233641,431.95784345068));
#4067 = SURFACE_CURVE('',#4068,(#4076,#4087),.PCURVE_S1.);
#4068 = B_SPLINE_CURVE_WITH_KNOTS('',6,(#4069,#4070,#4071,#4072,#4073,
    #4074,#4075),.UNSPECIFIED.,.F.,.F.,(7,7),(0.,1.),
  .PIECEWISE_BEZIER_KNOTS.);
#4069 = CARTESIAN_POINT('',(16.,-38.11937031488,431.87961126256));
#4070 = CARTESIAN_POINT('',(16.085640399606,-38.11937031488,
    431.87961126256));
#4071 = CARTESIAN_POINT('',(16.171284754161,-38.12210584234,
    431.88480702316));
#4072 = CARTESIAN_POINT('',(16.256191290281,-38.12758029707,
    431.89519773029));
#4073 = CARTESIAN_POINT('',(16.33968471052,-38.1353728456,
    431.91080210576));
#4074 = CARTESIAN_POINT('',(16.421145663841,-38.14471410015,
    431.93167922579));
#4075 = CARTESIAN_POINT('',(16.5000006,-38.1546234395,431.95784364976));
#4076 = PCURVE('',#71,#4077);
#4077 = DEFINITIONAL_REPRESENTATION('',(#4078),#4086);
#4078 = B_SPLINE_CURVE_WITH_KNOTS('',6,(#4079,#4080,#4081,#4082,#4083,
    #4084,#4085),.UNSPECIFIED.,.F.,.F.,(7,7),(0.,1.),
  .PIECEWISE_BEZIER_KNOTS.);
#4079 = CARTESIAN_POINT('',(5.158190360371,0.));
#4080 = CARTESIAN_POINT('',(5.158190360371,5.709359973732E-02));
#4081 = CARTESIAN_POINT('',(5.158165033949,0.114189759399));
#4082 = CARTESIAN_POINT('',(5.158114058472,0.171129468292));
#4083 = CARTESIAN_POINT('',(5.158080092907,0.227795956413));
#4084 = CARTESIAN_POINT('',(5.158143008102,0.284078473452));
#4085 = CARTESIAN_POINT('',(5.158406269671,0.339837342069));
#4086 = ( GEOMETRIC_REPRESENTATION_CONTEXT(2) 
PARAMETRIC_REPRESENTATION_CONTEXT() REPRESENTATION_CONTEXT('2D SPACE',''
  ) );
#4087 = PCURVE('',#1406,#4088);
#4088 = DEFINITIONAL_REPRESENTATION('',(#4089),#4097);
#4089 = B_SPLINE_CURVE_WITH_KNOTS('',6,(#4090,#4091,#4092,#4093,#4094,
    #4095,#4096),.UNSPECIFIED.,.F.,.F.,(7,7),(0.,1.),
  .PIECEWISE_BEZIER_KNOTS.);
#4090 = CARTESIAN_POINT('',(-3.626292731382,-4.5));
#4091 = CARTESIAN_POINT('',(-3.626292731382,-4.585640399606));
#4092 = CARTESIAN_POINT('',(-3.617904682585,-4.671284754161));
#4093 = CARTESIAN_POINT('',(-3.601124897413,-4.756191290281));
#4094 = CARTESIAN_POINT('',(-3.576218155856,-4.83968471052));
#4095 = CARTESIAN_POINT('',(-3.543601021062,-4.921145663841));
#4096 = CARTESIAN_POINT('',(-3.503632357624,-5.0000006));
#4097 = ( GEOMETRIC_REPRESENTATION_CONTEXT(2) 
PARAMETRIC_REPRESENTATION_CONTEXT() REPRESENTATION_CONTEXT('2D SPACE',''
  ) );
#4098 = ORIENTED_EDGE('',*,*,#4099,.T.);
#4099 = EDGE_CURVE('',#4065,#4100,#4102,.T.);
#4100 = VERTEX_POINT('',#4101);
#4101 = CARTESIAN_POINT('',(16.5,-36.95797644502,432.64872787154));
#4102 = SURFACE_CURVE('',#4103,(#4108,#4115),.PCURVE_S1.);
#4103 = CIRCLE('',#4104,8.914213562373);
#4104 = AXIS2_PLACEMENT_3D('',#4105,#4106,#4107);
#4105 = CARTESIAN_POINT('',(16.5,-42.,440.));
#4106 = DIRECTION('',(1.,0.,0.));
#4107 = DIRECTION('',(-0.,1.,0.));
#4108 = PCURVE('',#71,#4109);
#4109 = DEFINITIONAL_REPRESENTATION('',(#4110),#4114);
#4110 = LINE('',#4111,#4112);
#4111 = CARTESIAN_POINT('',(0.,0.339836909454));
#4112 = VECTOR('',#4113,1.);
#4113 = DIRECTION('',(1.,0.));
#4114 = ( GEOMETRIC_REPRESENTATION_CONTEXT(2) 
PARAMETRIC_REPRESENTATION_CONTEXT() REPRESENTATION_CONTEXT('2D SPACE',''
  ) );
#4115 = PCURVE('',#4116,#4121);
#4116 = PLANE('',#4117);
#4117 = AXIS2_PLACEMENT_3D('',#4118,#4119,#4120);
#4118 = CARTESIAN_POINT('',(16.5,-37.5,432.20577136594));
#4119 = DIRECTION('',(1.,0.,0.));
#4120 = DIRECTION('',(-0.,0.,1.));
#4121 = DEFINITIONAL_REPRESENTATION('',(#4122),#4126);
#4122 = CIRCLE('',#4123,8.914213562373);
#4123 = AXIS2_PLACEMENT_2D('',#4124,#4125);
#4124 = CARTESIAN_POINT('',(7.79422863406,4.5));
#4125 = DIRECTION('',(0.,-1.));
#4126 = ( GEOMETRIC_REPRESENTATION_CONTEXT(2) 
PARAMETRIC_REPRESENTATION_CONTEXT() REPRESENTATION_CONTEXT('2D SPACE',''
  ) );
#4127 = ORIENTED_EDGE('',*,*,#4128,.T.);
#4128 = EDGE_CURVE('',#4100,#4129,#4131,.T.);
#4129 = VERTEX_POINT('',#4130);
#4130 = CARTESIAN_POINT('',(16.,-36.90785190733,432.57908174129));
#4131 = SURFACE_CURVE('',#4132,(#4140,#4151),.PCURVE_S1.);
#4132 = B_SPLINE_CURVE_WITH_KNOTS('',6,(#4133,#4134,#4135,#4136,#4137,
    #4138,#4139),.UNSPECIFIED.,.F.,.F.,(7,7),(0.,1.),
  .PIECEWISE_BEZIER_KNOTS.);
#4133 = CARTESIAN_POINT('',(16.5000006,-36.95797657973,432.64872803637)
  );
#4134 = CARTESIAN_POINT('',(16.42114566526,-36.94027219178,
    432.6270640832));
#4135 = CARTESIAN_POINT('',(16.339684739325,-36.92686271439,
    432.60853577223));
#4136 = CARTESIAN_POINT('',(16.256191272405,-36.91724518455,
    432.5939850187));
#4137 = CARTESIAN_POINT('',(16.171284765735,-36.91098380793,
    432.58404866207));
#4138 = CARTESIAN_POINT('',(16.08564040198,-36.90785190733,
    432.57908174129));
#4139 = CARTESIAN_POINT('',(16.,-36.90785190733,432.57908174129));
#4140 = PCURVE('',#71,#4141);
#4141 = DEFINITIONAL_REPRESENTATION('',(#4142),#4150);
#4142 = B_SPLINE_CURVE_WITH_KNOTS('',6,(#4143,#4144,#4145,#4146,#4147,
    #4148,#4149),.UNSPECIFIED.,.F.,.F.,(7,7),(0.,1.),
  .PIECEWISE_BEZIER_KNOTS.);
#4143 = CARTESIAN_POINT('',(5.313569237269,0.339837373695));
#4144 = CARTESIAN_POINT('',(5.31383249892,0.284078505458));
#4145 = CARTESIAN_POINT('',(5.313895438699,0.22779585272));
#4146 = CARTESIAN_POINT('',(5.313861433071,0.171129584304));
#4147 = CARTESIAN_POINT('',(5.313810486088,0.114189716595));
#4148 = CARTESIAN_POINT('',(5.313785151595,5.709360131979E-02));
#4149 = CARTESIAN_POINT('',(5.313785151595,0.));
#4150 = ( GEOMETRIC_REPRESENTATION_CONTEXT(2) 
PARAMETRIC_REPRESENTATION_CONTEXT() REPRESENTATION_CONTEXT('2D SPACE',''
  ) );
#4151 = PCURVE('',#1406,#4152);
#4152 = DEFINITIONAL_REPRESENTATION('',(#4153),#4161);
#4153 = B_SPLINE_CURVE_WITH_KNOTS('',6,(#4154,#4155,#4156,#4157,#4158,
    #4159,#4160),.UNSPECIFIED.,.F.,.F.,(7,7),(0.,1.),
  .PIECEWISE_BEZIER_KNOTS.);
#4154 = CARTESIAN_POINT('',(-0.685157847163,-5.0000006));
#4155 = CARTESIAN_POINT('',(-0.645189180357,-4.92114566526));
#4156 = CARTESIAN_POINT('',(-0.612572070207,-4.839684739325));
#4157 = CARTESIAN_POINT('',(-0.587665288926,-4.756191272405));
#4158 = CARTESIAN_POINT('',(-0.570885530172,-4.671284765735));
#4159 = CARTESIAN_POINT('',(-0.562497473404,-4.58564040198));
#4160 = CARTESIAN_POINT('',(-0.562497473404,-4.5));
#4161 = ( GEOMETRIC_REPRESENTATION_CONTEXT(2) 
PARAMETRIC_REPRESENTATION_CONTEXT() REPRESENTATION_CONTEXT('2D SPACE',''
  ) );
#4162 = ORIENTED_EDGE('',*,*,#4163,.T.);
#4163 = EDGE_CURVE('',#4129,#4164,#4166,.T.);
#4164 = VERTEX_POINT('',#4165);
#4165 = CARTESIAN_POINT('',(16.,-36.14988830596,433.16068766853));
#4166 = SURFACE_CURVE('',#4167,(#4172,#4179),.PCURVE_S1.);
#4167 = CIRCLE('',#4168,9.);
#4168 = AXIS2_PLACEMENT_3D('',#4169,#4170,#4171);
#4169 = CARTESIAN_POINT('',(16.,-42.,440.));
#4170 = DIRECTION('',(1.,0.,0.));
#4171 = DIRECTION('',(-0.,1.,0.));
#4172 = PCURVE('',#71,#4173);
#4173 = DEFINITIONAL_REPRESENTATION('',(#4174),#4178);
#4174 = LINE('',#4175,#4176);
#4175 = CARTESIAN_POINT('',(0.,0.));
#4176 = VECTOR('',#4177,1.);
#4177 = DIRECTION('',(1.,0.));
#4178 = ( GEOMETRIC_REPRESENTATION_CONTEXT(2) 
PARAMETRIC_REPRESENTATION_CONTEXT() REPRESENTATION_CONTEXT('2D SPACE',''
  ) );
#4179 = PCURVE('',#1435,#4180);
#4180 = DEFINITIONAL_REPRESENTATION('',(#4181),#4185);
#4181 = LINE('',#4182,#4183);
#4182 = CARTESIAN_POINT('',(-0.,-4.5));
#4183 = VECTOR('',#4184,1.);
#4184 = DIRECTION('',(-1.,0.));
#4185 = ( GEOMETRIC_REPRESENTATION_CONTEXT(2) 
PARAMETRIC_REPRESENTATION_CONTEXT() REPRESENTATION_CONTEXT('2D SPACE',''
  ) );
#4186 = ORIENTED_EDGE('',*,*,#4187,.T.);
#4187 = EDGE_CURVE('',#4164,#4188,#4190,.T.);
#4188 = VERTEX_POINT('',#4189);
#4189 = CARTESIAN_POINT('',(16.5,-36.20418811692,433.22712999891));
#4190 = SURFACE_CURVE('',#4191,(#4199,#4210),.PCURVE_S1.);
#4191 = B_SPLINE_CURVE_WITH_KNOTS('',6,(#4192,#4193,#4194,#4195,#4196,
    #4197,#4198),.UNSPECIFIED.,.F.,.F.,(7,7),(0.,1.),
  .PIECEWISE_BEZIER_KNOTS.);
#4192 = CARTESIAN_POINT('',(16.,-36.14988830596,433.16068766853));
#4193 = CARTESIAN_POINT('',(16.085640399734,-36.14988830596,
    433.16068766853));
#4194 = CARTESIAN_POINT('',(16.171284754434,-36.15387538463,
    433.16499838127));
#4195 = CARTESIAN_POINT('',(16.256191289681,-36.16185261418,
    433.17361814027));
#4196 = CARTESIAN_POINT('',(16.339684711278,-36.17341834823,
    433.18667395005));
#4197 = CARTESIAN_POINT('',(16.421145663931,-36.18784470323,
    433.20442200456));
#4198 = CARTESIAN_POINT('',(16.5000006,-36.20418824128,433.2271301717));
#4199 = PCURVE('',#71,#4200);
#4200 = DEFINITIONAL_REPRESENTATION('',(#4201),#4209);
#4201 = B_SPLINE_CURVE_WITH_KNOTS('',6,(#4202,#4203,#4204,#4205,#4206,
    #4207,#4208),.UNSPECIFIED.,.F.,.F.,(7,7),(0.,1.),
  .PIECEWISE_BEZIER_KNOTS.);
#4202 = CARTESIAN_POINT('',(5.419989748175,0.));
#4203 = CARTESIAN_POINT('',(5.419989748175,5.709359982252E-02));
#4204 = CARTESIAN_POINT('',(5.419964421506,0.11418975818));
#4205 = CARTESIAN_POINT('',(5.419913446855,0.17112947144));
#4206 = CARTESIAN_POINT('',(5.419879480156,0.227795953508));
#4207 = CARTESIAN_POINT('',(5.419942396038,0.284078474376));
#4208 = CARTESIAN_POINT('',(5.420205657609,0.339837342946));
#4209 = ( GEOMETRIC_REPRESENTATION_CONTEXT(2) 
PARAMETRIC_REPRESENTATION_CONTEXT() REPRESENTATION_CONTEXT('2D SPACE',''
  ) );
#4210 = PCURVE('',#1464,#4211);
#4211 = DEFINITIONAL_REPRESENTATION('',(#4212),#4220);
#4212 = B_SPLINE_CURVE_WITH_KNOTS('',6,(#4213,#4214,#4215,#4216,#4217,
    #4218,#4219),.UNSPECIFIED.,.F.,.F.,(7,7),(0.,1.),
  .PIECEWISE_BEZIER_KNOTS.);
#4213 = CARTESIAN_POINT('',(-3.888092119184,-4.5));
#4214 = CARTESIAN_POINT('',(-3.888092119184,-4.585640399734));
#4215 = CARTESIAN_POINT('',(-3.879704070141,-4.671284754434));
#4216 = CARTESIAN_POINT('',(-3.862924285762,-4.756191289681));
#4217 = CARTESIAN_POINT('',(-3.838017543092,-4.839684711278));
#4218 = CARTESIAN_POINT('',(-3.805400408929,-4.921145663931));
#4219 = CARTESIAN_POINT('',(-3.765431745423,-5.0000006));
#4220 = ( GEOMETRIC_REPRESENTATION_CONTEXT(2) 
PARAMETRIC_REPRESENTATION_CONTEXT() REPRESENTATION_CONTEXT('2D SPACE',''
  ) );
#4221 = ORIENTED_EDGE('',*,*,#4222,.T.);
#4222 = EDGE_CURVE('',#4188,#4223,#4225,.T.);
#4223 = VERTEX_POINT('',#4224);
#4224 = CARTESIAN_POINT('',(16.5,-35.22712999891,434.20418811692));
#4225 = SURFACE_CURVE('',#4226,(#4231,#4238),.PCURVE_S1.);
#4226 = CIRCLE('',#4227,8.914213562373);
#4227 = AXIS2_PLACEMENT_3D('',#4228,#4229,#4230);
#4228 = CARTESIAN_POINT('',(16.5,-42.,440.));
#4229 = DIRECTION('',(1.,0.,0.));
#4230 = DIRECTION('',(-0.,1.,0.));
#4231 = PCURVE('',#71,#4232);
#4232 = DEFINITIONAL_REPRESENTATION('',(#4233),#4237);
#4233 = LINE('',#4234,#4235);
#4234 = CARTESIAN_POINT('',(0.,0.339836909454));
#4235 = VECTOR('',#4236,1.);
#4236 = DIRECTION('',(1.,0.));
#4237 = ( GEOMETRIC_REPRESENTATION_CONTEXT(2) 
PARAMETRIC_REPRESENTATION_CONTEXT() REPRESENTATION_CONTEXT('2D SPACE',''
  ) );
#4238 = PCURVE('',#4239,#4244);
#4239 = PLANE('',#4240);
#4240 = AXIS2_PLACEMENT_3D('',#4241,#4242,#4243);
#4241 = CARTESIAN_POINT('',(16.5,-35.63603896932,433.63603896932));
#4242 = DIRECTION('',(1.,0.,0.));
#4243 = DIRECTION('',(-0.,0.,1.));
#4244 = DEFINITIONAL_REPRESENTATION('',(#4245),#4249);
#4245 = CIRCLE('',#4246,8.914213562373);
#4246 = AXIS2_PLACEMENT_2D('',#4247,#4248);
#4247 = CARTESIAN_POINT('',(6.363961030679,6.363961030679));
#4248 = DIRECTION('',(0.,-1.));
#4249 = ( GEOMETRIC_REPRESENTATION_CONTEXT(2) 
PARAMETRIC_REPRESENTATION_CONTEXT() REPRESENTATION_CONTEXT('2D SPACE',''
  ) );
#4250 = ORIENTED_EDGE('',*,*,#4251,.T.);
#4251 = EDGE_CURVE('',#4223,#4252,#4254,.T.);
#4252 = VERTEX_POINT('',#4253);
#4253 = CARTESIAN_POINT('',(16.,-35.16068766853,434.14988830596));
#4254 = SURFACE_CURVE('',#4255,(#4263,#4274),.PCURVE_S1.);
#4255 = B_SPLINE_CURVE_WITH_KNOTS('',6,(#4256,#4257,#4258,#4259,#4260,
    #4261,#4262),.UNSPECIFIED.,.F.,.F.,(7,7),(0.,1.),
  .PIECEWISE_BEZIER_KNOTS.);
#4256 = CARTESIAN_POINT('',(16.5000006,-35.2271301717,434.20418824128));
#4257 = CARTESIAN_POINT('',(16.421145666889,-35.20442200219,
    434.18784470213));
#4258 = CARTESIAN_POINT('',(16.339684745819,-35.186673965,
    434.17341835826));
#4259 = CARTESIAN_POINT('',(16.256191264073,-35.17361812637,
    434.16185260488));
#4260 = CARTESIAN_POINT('',(16.171284768098,-35.1649983872,
    434.15387538878));
#4261 = CARTESIAN_POINT('',(16.085640404315,-35.16068766853,
    434.14988830596));
#4262 = CARTESIAN_POINT('',(16.,-35.16068766853,434.14988830596));
#4263 = PCURVE('',#71,#4264);
#4264 = DEFINITIONAL_REPRESENTATION('',(#4265),#4273);
#4265 = B_SPLINE_CURVE_WITH_KNOTS('',6,(#4266,#4267,#4268,#4269,#4270,
    #4271,#4272),.UNSPECIFIED.,.F.,.F.,(7,7),(0.,1.),
  .PIECEWISE_BEZIER_KNOTS.);
#4266 = CARTESIAN_POINT('',(5.575368623632,0.33983738289));
#4267 = CARTESIAN_POINT('',(5.575631885302,0.284078515624));
#4268 = CARTESIAN_POINT('',(5.575694832136,0.227795821211));
#4269 = CARTESIAN_POINT('',(5.575660814987,0.171129615952));
#4270 = CARTESIAN_POINT('',(5.575609876223,0.11418970349));
#4271 = CARTESIAN_POINT('',(5.57558453939,5.709360287661E-02));
#4272 = CARTESIAN_POINT('',(5.57558453939,0.));
#4273 = ( GEOMETRIC_REPRESENTATION_CONTEXT(2) 
PARAMETRIC_REPRESENTATION_CONTEXT() REPRESENTATION_CONTEXT('2D SPACE',''
  ) );
#4274 = PCURVE('',#1464,#4275);
#4275 = DEFINITIONAL_REPRESENTATION('',(#4276),#4284);
#4276 = B_SPLINE_CURVE_WITH_KNOTS('',6,(#4277,#4278,#4279,#4280,#4281,
    #4282,#4283),.UNSPECIFIED.,.F.,.F.,(7,7),(0.,1.),
  .PIECEWISE_BEZIER_KNOTS.);
#4277 = CARTESIAN_POINT('',(-0.946957234962,-5.0000006));
#4278 = CARTESIAN_POINT('',(-0.906988567795,-4.921145666889));
#4279 = CARTESIAN_POINT('',(-0.874371463015,-4.839684745819));
#4280 = CARTESIAN_POINT('',(-0.849464670637,-4.756191264073));
#4281 = CARTESIAN_POINT('',(-0.832684920671,-4.671284768098));
#4282 = CARTESIAN_POINT('',(-0.824296861201,-4.585640404315));
#4283 = CARTESIAN_POINT('',(-0.824296861201,-4.5));
#4284 = ( GEOMETRIC_REPRESENTATION_CONTEXT(2) 
PARAMETRIC_REPRESENTATION_CONTEXT() REPRESENTATION_CONTEXT('2D SPACE',''
  ) );
#4285 = ORIENTED_EDGE('',*,*,#4286,.T.);
#4286 = EDGE_CURVE('',#4252,#4287,#4289,.T.);
#4287 = VERTEX_POINT('',#4288);
#4288 = CARTESIAN_POINT('',(16.,-34.57908174129,434.90785190733));
#4289 = SURFACE_CURVE('',#4290,(#4295,#4302),.PCURVE_S1.);
#4290 = CIRCLE('',#4291,9.);
#4291 = AXIS2_PLACEMENT_3D('',#4292,#4293,#4294);
#4292 = CARTESIAN_POINT('',(16.,-42.,440.));
#4293 = DIRECTION('',(1.,0.,0.));
#4294 = DIRECTION('',(-0.,1.,0.));
#4295 = PCURVE('',#71,#4296);
#4296 = DEFINITIONAL_REPRESENTATION('',(#4297),#4301);
#4297 = LINE('',#4298,#4299);
#4298 = CARTESIAN_POINT('',(0.,0.));
#4299 = VECTOR('',#4300,1.);
#4300 = DIRECTION('',(1.,0.));
#4301 = ( GEOMETRIC_REPRESENTATION_CONTEXT(2) 
PARAMETRIC_REPRESENTATION_CONTEXT() REPRESENTATION_CONTEXT('2D SPACE',''
  ) );
#4302 = PCURVE('',#1493,#4303);
#4303 = DEFINITIONAL_REPRESENTATION('',(#4304),#4308);
#4304 = LINE('',#4305,#4306);
#4305 = CARTESIAN_POINT('',(-0.,-4.5));
#4306 = VECTOR('',#4307,1.);
#4307 = DIRECTION('',(-1.,0.));
#4308 = ( GEOMETRIC_REPRESENTATION_CONTEXT(2) 
PARAMETRIC_REPRESENTATION_CONTEXT() REPRESENTATION_CONTEXT('2D SPACE',''
  ) );
#4309 = ORIENTED_EDGE('',*,*,#4310,.T.);
#4310 = EDGE_CURVE('',#4287,#4311,#4313,.T.);
#4311 = VERTEX_POINT('',#4312);
#4312 = CARTESIAN_POINT('',(16.5,-34.64872787154,434.95797644502));
#4313 = SURFACE_CURVE('',#4314,(#4322,#4333),.PCURVE_S1.);
#4314 = B_SPLINE_CURVE_WITH_KNOTS('',6,(#4315,#4316,#4317,#4318,#4319,
    #4320,#4321),.UNSPECIFIED.,.F.,.F.,(7,7),(0.,1.),
  .PIECEWISE_BEZIER_KNOTS.);
#4315 = CARTESIAN_POINT('',(16.,-34.57908174129,434.90785190733));
#4316 = CARTESIAN_POINT('',(16.085640399606,-34.57908174129,
    434.90785190733));
#4317 = CARTESIAN_POINT('',(16.171284754161,-34.58404865786,
    434.91098380427));
#4318 = CARTESIAN_POINT('',(16.256191290281,-34.59398502829,
    434.91724519324));
#4319 = CARTESIAN_POINT('',(16.33968471052,-34.60853576102,
    434.92686270455));
#4320 = CARTESIAN_POINT('',(16.421145663841,-34.62706408478,
    434.94027219357));
#4321 = CARTESIAN_POINT('',(16.5000006,-34.64872803637,434.95797657973)
  );
#4322 = PCURVE('',#71,#4323);
#4323 = DEFINITIONAL_REPRESENTATION('',(#4324),#4332);
#4324 = B_SPLINE_CURVE_WITH_KNOTS('',6,(#4325,#4326,#4327,#4328,#4329,
    #4330,#4331),.UNSPECIFIED.,.F.,.F.,(7,7),(0.,1.),
  .PIECEWISE_BEZIER_KNOTS.);
#4325 = CARTESIAN_POINT('',(5.681789135969,0.));
#4326 = CARTESIAN_POINT('',(5.681789135969,5.709359973734E-02));
#4327 = CARTESIAN_POINT('',(5.681763809547,0.114189759399));
#4328 = CARTESIAN_POINT('',(5.681712834071,0.171129468292));
#4329 = CARTESIAN_POINT('',(5.681678868505,0.227795956413));
#4330 = CARTESIAN_POINT('',(5.6817417837,0.284078473452));
#4331 = CARTESIAN_POINT('',(5.682005045269,0.339837342069));
#4332 = ( GEOMETRIC_REPRESENTATION_CONTEXT(2) 
PARAMETRIC_REPRESENTATION_CONTEXT() REPRESENTATION_CONTEXT('2D SPACE',''
  ) );
#4333 = PCURVE('',#1522,#4334);
#4334 = DEFINITIONAL_REPRESENTATION('',(#4335),#4343);
#4335 = B_SPLINE_CURVE_WITH_KNOTS('',6,(#4336,#4337,#4338,#4339,#4340,
    #4341,#4342),.UNSPECIFIED.,.F.,.F.,(7,7),(0.,1.),
  .PIECEWISE_BEZIER_KNOTS.);
#4336 = CARTESIAN_POINT('',(-4.14989150698,-4.5));
#4337 = CARTESIAN_POINT('',(-4.14989150698,-4.585640399606));
#4338 = CARTESIAN_POINT('',(-4.141503458183,-4.671284754161));
#4339 = CARTESIAN_POINT('',(-4.124723673011,-4.756191290281));
#4340 = CARTESIAN_POINT('',(-4.099816931454,-4.83968471052));
#4341 = CARTESIAN_POINT('',(-4.067199796661,-4.921145663841));
#4342 = CARTESIAN_POINT('',(-4.027231133222,-5.0000006));
#4343 = ( GEOMETRIC_REPRESENTATION_CONTEXT(2) 
PARAMETRIC_REPRESENTATION_CONTEXT() REPRESENTATION_CONTEXT('2D SPACE',''
  ) );
#4344 = ORIENTED_EDGE('',*,*,#4345,.T.);
#4345 = EDGE_CURVE('',#4311,#4346,#4348,.T.);
#4346 = VERTEX_POINT('',#4347);
#4347 = CARTESIAN_POINT('',(16.5,-33.95784345068,436.1546233641));
#4348 = SURFACE_CURVE('',#4349,(#4354,#4361),.PCURVE_S1.);
#4349 = CIRCLE('',#4350,8.914213562373);
#4350 = AXIS2_PLACEMENT_3D('',#4351,#4352,#4353);
#4351 = CARTESIAN_POINT('',(16.5,-42.,440.));
#4352 = DIRECTION('',(1.,0.,0.));
#4353 = DIRECTION('',(-0.,1.,0.));
#4354 = PCURVE('',#71,#4355);
#4355 = DEFINITIONAL_REPRESENTATION('',(#4356),#4360);
#4356 = LINE('',#4357,#4358);
#4357 = CARTESIAN_POINT('',(0.,0.339836909454));
#4358 = VECTOR('',#4359,1.);
#4359 = DIRECTION('',(1.,0.));
#4360 = ( GEOMETRIC_REPRESENTATION_CONTEXT(2) 
PARAMETRIC_REPRESENTATION_CONTEXT() REPRESENTATION_CONTEXT('2D SPACE',''
  ) );
#4361 = PCURVE('',#4362,#4367);
#4362 = PLANE('',#4363);
#4363 = AXIS2_PLACEMENT_3D('',#4364,#4365,#4366);
#4364 = CARTESIAN_POINT('',(16.5,-34.20577136594,435.5));
#4365 = DIRECTION('',(1.,0.,0.));
#4366 = DIRECTION('',(-0.,0.,1.));
#4367 = DEFINITIONAL_REPRESENTATION('',(#4368),#4372);
#4368 = CIRCLE('',#4369,8.914213562373);
#4369 = AXIS2_PLACEMENT_2D('',#4370,#4371);
#4370 = CARTESIAN_POINT('',(4.5,7.79422863406));
#4371 = DIRECTION('',(0.,-1.));
#4372 = ( GEOMETRIC_REPRESENTATION_CONTEXT(2) 
PARAMETRIC_REPRESENTATION_CONTEXT() REPRESENTATION_CONTEXT('2D SPACE',''
  ) );
#4373 = ORIENTED_EDGE('',*,*,#4374,.T.);
#4374 = EDGE_CURVE('',#4346,#4375,#4377,.T.);
#4375 = VERTEX_POINT('',#4376);
#4376 = CARTESIAN_POINT('',(16.,-33.87961126256,436.11937031488));
#4377 = SURFACE_CURVE('',#4378,(#4386,#4397),.PCURVE_S1.);
#4378 = B_SPLINE_CURVE_WITH_KNOTS('',6,(#4379,#4380,#4381,#4382,#4383,
    #4384,#4385),.UNSPECIFIED.,.F.,.F.,(7,7),(0.,1.),
  .PIECEWISE_BEZIER_KNOTS.);
#4379 = CARTESIAN_POINT('',(16.5000006,-33.95784364976,436.1546234395));
#4380 = CARTESIAN_POINT('',(16.421145665265,-33.93167922345,
    436.14471409968));
#4381 = CARTESIAN_POINT('',(16.339684739305,-33.91080211988,
    436.13537285039));
#4382 = CARTESIAN_POINT('',(16.256191272393,-33.89519771797,
    436.12758029311));
#4383 = CARTESIAN_POINT('',(16.171284765727,-33.88480702843,
    436.12210584416));
#4384 = CARTESIAN_POINT('',(16.085640401987,-33.87961126256,
    436.11937031488));
#4385 = CARTESIAN_POINT('',(16.,-33.87961126256,436.11937031488));
#4386 = PCURVE('',#71,#4387);
#4387 = DEFINITIONAL_REPRESENTATION('',(#4388),#4396);
#4388 = B_SPLINE_CURVE_WITH_KNOTS('',6,(#4389,#4390,#4391,#4392,#4393,
    #4394,#4395),.UNSPECIFIED.,.F.,.F.,(7,7),(0.,1.),
  .PIECEWISE_BEZIER_KNOTS.);
#4389 = CARTESIAN_POINT('',(5.837168012869,0.339837373686));
#4390 = CARTESIAN_POINT('',(5.83743127452,0.284078505453));
#4391 = CARTESIAN_POINT('',(5.837494214292,0.227795852741));
#4392 = CARTESIAN_POINT('',(5.837460208674,0.17112958426));
#4393 = CARTESIAN_POINT('',(5.837409261684,0.114189716605));
#4394 = CARTESIAN_POINT('',(5.837383927193,5.709360132479E-02));
#4395 = CARTESIAN_POINT('',(5.837383927193,0.));
#4396 = ( GEOMETRIC_REPRESENTATION_CONTEXT(2) 
PARAMETRIC_REPRESENTATION_CONTEXT() REPRESENTATION_CONTEXT('2D SPACE',''
  ) );
#4397 = PCURVE('',#1522,#4398);
#4398 = DEFINITIONAL_REPRESENTATION('',(#4399),#4407);
#4399 = B_SPLINE_CURVE_WITH_KNOTS('',6,(#4400,#4401,#4402,#4403,#4404,
    #4405,#4406),.UNSPECIFIED.,.F.,.F.,(7,7),(0.,1.),
  .PIECEWISE_BEZIER_KNOTS.);
#4400 = CARTESIAN_POINT('',(-1.208756622761,-5.0000006));
#4401 = CARTESIAN_POINT('',(-1.16878795596,-4.921145665265));
#4402 = CARTESIAN_POINT('',(-1.136170845792,-4.839684739305));
#4403 = CARTESIAN_POINT('',(-1.111264064526,-4.756191272393));
#4404 = CARTESIAN_POINT('',(-1.09448430577,-4.671284765727));
#4405 = CARTESIAN_POINT('',(-1.086096249003,-4.585640401987));
#4406 = CARTESIAN_POINT('',(-1.086096249003,-4.5));
#4407 = ( GEOMETRIC_REPRESENTATION_CONTEXT(2) 
PARAMETRIC_REPRESENTATION_CONTEXT() REPRESENTATION_CONTEXT('2D SPACE',''
  ) );
#4408 = ORIENTED_EDGE('',*,*,#4409,.T.);
#4409 = EDGE_CURVE('',#4375,#4410,#4412,.T.);
#4410 = VERTEX_POINT('',#4411);
#4411 = CARTESIAN_POINT('',(16.,-33.51399849225,437.00203762355));
#4412 = SURFACE_CURVE('',#4413,(#4418,#4425),.PCURVE_S1.);
#4413 = CIRCLE('',#4414,9.);
#4414 = AXIS2_PLACEMENT_3D('',#4415,#4416,#4417);
#4415 = CARTESIAN_POINT('',(16.,-42.,440.));
#4416 = DIRECTION('',(1.,0.,0.));
#4417 = DIRECTION('',(-0.,1.,0.));
#4418 = PCURVE('',#71,#4419);
#4419 = DEFINITIONAL_REPRESENTATION('',(#4420),#4424);
#4420 = LINE('',#4421,#4422);
#4421 = CARTESIAN_POINT('',(0.,0.));
#4422 = VECTOR('',#4423,1.);
#4423 = DIRECTION('',(1.,0.));
#4424 = ( GEOMETRIC_REPRESENTATION_CONTEXT(2) 
PARAMETRIC_REPRESENTATION_CONTEXT() REPRESENTATION_CONTEXT('2D SPACE',''
  ) );
#4425 = PCURVE('',#1551,#4426);
#4426 = DEFINITIONAL_REPRESENTATION('',(#4427),#4431);
#4427 = LINE('',#4428,#4429);
#4428 = CARTESIAN_POINT('',(-0.,-4.5));
#4429 = VECTOR('',#4430,1.);
#4430 = DIRECTION('',(-1.,0.));
#4431 = ( GEOMETRIC_REPRESENTATION_CONTEXT(2) 
PARAMETRIC_REPRESENTATION_CONTEXT() REPRESENTATION_CONTEXT('2D SPACE',''
  ) );
#4432 = ORIENTED_EDGE('',*,*,#4433,.T.);
#4433 = EDGE_CURVE('',#4410,#4434,#4436,.T.);
#4434 = VERTEX_POINT('',#4435);
#4435 = CARTESIAN_POINT('',(16.5,-33.59424467315,437.03242846406));
#4436 = SURFACE_CURVE('',#4437,(#4445,#4456),.PCURVE_S1.);
#4437 = B_SPLINE_CURVE_WITH_KNOTS('',6,(#4438,#4439,#4440,#4441,#4442,
    #4443,#4444),.UNSPECIFIED.,.F.,.F.,(7,7),(0.,1.),
  .PIECEWISE_BEZIER_KNOTS.);
#4438 = CARTESIAN_POINT('',(16.,-33.51399849225,437.00203762355));
#4439 = CARTESIAN_POINT('',(16.085640399733,-33.51399849225,
    437.00203762355));
#4440 = CARTESIAN_POINT('',(16.171284754433,-33.51960676004,
    437.00377727095));
#4441 = CARTESIAN_POINT('',(16.256191289683,-33.53082512297,
    437.00725358645));
#4442 = CARTESIAN_POINT('',(16.339684711275,-33.54736924737,
    437.01277738236));
#4443 = CARTESIAN_POINT('',(16.421145663931,-33.56873686454,
    437.02093447093));
#4444 = CARTESIAN_POINT('',(16.5000006,-33.59424486724,437.03242855152)
  );
#4445 = PCURVE('',#71,#4446);
#4446 = DEFINITIONAL_REPRESENTATION('',(#4447),#4455);
#4447 = B_SPLINE_CURVE_WITH_KNOTS('',6,(#4448,#4449,#4450,#4451,#4452,
    #4453,#4454),.UNSPECIFIED.,.F.,.F.,(7,7),(0.,1.),
  .PIECEWISE_BEZIER_KNOTS.);
#4448 = CARTESIAN_POINT('',(5.943588523773,0.));
#4449 = CARTESIAN_POINT('',(5.943588523773,5.709359982222E-02));
#4450 = CARTESIAN_POINT('',(5.943563197105,0.114189758185));
#4451 = CARTESIAN_POINT('',(5.943512222451,0.171129471428));
#4452 = CARTESIAN_POINT('',(5.943478255756,0.227795953519));
#4453 = CARTESIAN_POINT('',(5.943541171636,0.284078474373));
#4454 = CARTESIAN_POINT('',(5.943804433207,0.339837342943));
#4455 = ( GEOMETRIC_REPRESENTATION_CONTEXT(2) 
PARAMETRIC_REPRESENTATION_CONTEXT() REPRESENTATION_CONTEXT('2D SPACE',''
  ) );
#4456 = PCURVE('',#1580,#4457);
#4457 = DEFINITIONAL_REPRESENTATION('',(#4458),#4466);
#4458 = B_SPLINE_CURVE_WITH_KNOTS('',6,(#4459,#4460,#4461,#4462,#4463,
    #4464,#4465),.UNSPECIFIED.,.F.,.F.,(7,7),(0.,1.),
  .PIECEWISE_BEZIER_KNOTS.);
#4459 = CARTESIAN_POINT('',(-4.411690894782,-4.5));
#4460 = CARTESIAN_POINT('',(-4.411690894782,-4.585640399733));
#4461 = CARTESIAN_POINT('',(-4.40330284574,-4.671284754433));
#4462 = CARTESIAN_POINT('',(-4.386523061358,-4.756191289683));
#4463 = CARTESIAN_POINT('',(-4.361616318692,-4.839684711275));
#4464 = CARTESIAN_POINT('',(-4.328999184527,-4.921145663931));
#4465 = CARTESIAN_POINT('',(-4.289030521021,-5.0000006));
#4466 = ( GEOMETRIC_REPRESENTATION_CONTEXT(2) 
PARAMETRIC_REPRESENTATION_CONTEXT() REPRESENTATION_CONTEXT('2D SPACE',''
  ) );
#4467 = ORIENTED_EDGE('',*,*,#4468,.T.);
#4468 = EDGE_CURVE('',#4434,#4469,#4471,.T.);
#4469 = VERTEX_POINT('',#4470);
#4470 = CARTESIAN_POINT('',(16.5,-33.23661658099,438.36711467424));
#4471 = SURFACE_CURVE('',#4472,(#4477,#4484),.PCURVE_S1.);
#4472 = CIRCLE('',#4473,8.914213562373);
#4473 = AXIS2_PLACEMENT_3D('',#4474,#4475,#4476);
#4474 = CARTESIAN_POINT('',(16.5,-42.,440.));
#4475 = DIRECTION('',(1.,0.,0.));
#4476 = DIRECTION('',(-0.,1.,0.));
#4477 = PCURVE('',#71,#4478);
#4478 = DEFINITIONAL_REPRESENTATION('',(#4479),#4483);
#4479 = LINE('',#4480,#4481);
#4480 = CARTESIAN_POINT('',(0.,0.339836909454));
#4481 = VECTOR('',#4482,1.);
#4482 = DIRECTION('',(1.,0.));
#4483 = ( GEOMETRIC_REPRESENTATION_CONTEXT(2) 
PARAMETRIC_REPRESENTATION_CONTEXT() REPRESENTATION_CONTEXT('2D SPACE',''
  ) );
#4484 = PCURVE('',#4485,#4490);
#4485 = PLANE('',#4486);
#4486 = AXIS2_PLACEMENT_3D('',#4487,#4488,#4489);
#4487 = CARTESIAN_POINT('',(16.5,-33.30666756339,437.67062859407));
#4488 = DIRECTION('',(1.,0.,0.));
#4489 = DIRECTION('',(-0.,0.,1.));
#4490 = DEFINITIONAL_REPRESENTATION('',(#4491),#4495);
#4491 = CIRCLE('',#4492,8.914213562373);
#4492 = AXIS2_PLACEMENT_2D('',#4493,#4494);
#4493 = CARTESIAN_POINT('',(2.329371405923,8.693332436602));
#4494 = DIRECTION('',(0.,-1.));
#4495 = ( GEOMETRIC_REPRESENTATION_CONTEXT(2) 
PARAMETRIC_REPRESENTATION_CONTEXT() REPRESENTATION_CONTEXT('2D SPACE',''
  ) );
#4496 = ORIENTED_EDGE('',*,*,#4497,.T.);
#4497 = EDGE_CURVE('',#4469,#4498,#4500,.T.);
#4498 = VERTEX_POINT('',#4499);
#4499 = CARTESIAN_POINT('',(16.,-33.15192592951,438.35331082372));
#4500 = SURFACE_CURVE('',#4501,(#4509,#4520),.PCURVE_S1.);
#4501 = B_SPLINE_CURVE_WITH_KNOTS('',6,(#4502,#4503,#4504,#4505,#4506,
    #4507,#4508),.UNSPECIFIED.,.F.,.F.,(7,7),(0.,1.),
  .PIECEWISE_BEZIER_KNOTS.);
#4502 = CARTESIAN_POINT('',(16.5000006,-33.2366167928,438.36711469554));
#4503 = CARTESIAN_POINT('',(16.421145666878,-33.20877917159,
    438.36431486021));
#4504 = CARTESIAN_POINT('',(16.339684745533,-33.18619574841,
    438.36069529852));
#4505 = CARTESIAN_POINT('',(16.256191264211,-33.16910618406,
    438.3572069816));
#4506 = CARTESIAN_POINT('',(16.171284767995,-33.15765266275,
    438.35460837939));
#4507 = CARTESIAN_POINT('',(16.0856404043,-33.15192592951,
    438.35331082372));
#4508 = CARTESIAN_POINT('',(16.,-33.15192592951,438.35331082372));
#4509 = PCURVE('',#71,#4510);
#4510 = DEFINITIONAL_REPRESENTATION('',(#4511),#4519);
#4511 = B_SPLINE_CURVE_WITH_KNOTS('',6,(#4512,#4513,#4514,#4515,#4516,
    #4517,#4518),.UNSPECIFIED.,.F.,.F.,(7,7),(0.,1.),
  .PIECEWISE_BEZIER_KNOTS.);
#4512 = CARTESIAN_POINT('',(6.098967399275,0.339837382605));
#4513 = CARTESIAN_POINT('',(6.099230660945,0.284078515337));
#4514 = CARTESIAN_POINT('',(6.099293607558,0.227795822126));
#4515 = CARTESIAN_POINT('',(6.099259590769,0.171129614892));
#4516 = CARTESIAN_POINT('',(6.099208651749,0.114189703877));
#4517 = CARTESIAN_POINT('',(6.099183314988,5.709360286661E-02));
#4518 = CARTESIAN_POINT('',(6.099183314988,0.));
#4519 = ( GEOMETRIC_REPRESENTATION_CONTEXT(2) 
PARAMETRIC_REPRESENTATION_CONTEXT() REPRESENTATION_CONTEXT('2D SPACE',''
  ) );
#4520 = PCURVE('',#1580,#4521);
#4521 = DEFINITIONAL_REPRESENTATION('',(#4522),#4530);
#4522 = B_SPLINE_CURVE_WITH_KNOTS('',6,(#4523,#4524,#4525,#4526,#4527,
    #4528,#4529),.UNSPECIFIED.,.F.,.F.,(7,7),(0.,1.),
  .PIECEWISE_BEZIER_KNOTS.);
#4523 = CARTESIAN_POINT('',(-1.47055601056,-5.0000006));
#4524 = CARTESIAN_POINT('',(-1.430587343424,-4.921145666878));
#4525 = CARTESIAN_POINT('',(-1.397970238408,-4.839684745533));
#4526 = CARTESIAN_POINT('',(-1.3730634464,-4.756191264211));
#4527 = CARTESIAN_POINT('',(-1.356283696199,-4.671284767995));
#4528 = CARTESIAN_POINT('',(-1.347895636799,-4.5856404043));
#4529 = CARTESIAN_POINT('',(-1.347895636799,-4.5));
#4530 = ( GEOMETRIC_REPRESENTATION_CONTEXT(2) 
PARAMETRIC_REPRESENTATION_CONTEXT() REPRESENTATION_CONTEXT('2D SPACE',''
  ) );
#4531 = ORIENTED_EDGE('',*,*,#4532,.T.);
#4532 = EDGE_CURVE('',#4498,#229,#4533,.T.);
#4533 = SURFACE_CURVE('',#4534,(#4539,#4546),.PCURVE_S1.);
#4534 = CIRCLE('',#4535,9.);
#4535 = AXIS2_PLACEMENT_3D('',#4536,#4537,#4538);
#4536 = CARTESIAN_POINT('',(16.,-42.,440.));
#4537 = DIRECTION('',(1.,0.,0.));
#4538 = DIRECTION('',(-0.,1.,0.));
#4539 = PCURVE('',#71,#4540);
#4540 = DEFINITIONAL_REPRESENTATION('',(#4541),#4545);
#4541 = LINE('',#4542,#4543);
#4542 = CARTESIAN_POINT('',(0.,0.));
#4543 = VECTOR('',#4544,1.);
#4544 = DIRECTION('',(1.,0.));
#4545 = ( GEOMETRIC_REPRESENTATION_CONTEXT(2) 
PARAMETRIC_REPRESENTATION_CONTEXT() REPRESENTATION_CONTEXT('2D SPACE',''
  ) );
#4546 = PCURVE('',#276,#4547);
#4547 = DEFINITIONAL_REPRESENTATION('',(#4548),#4552);
#4548 = LINE('',#4549,#4550);
#4549 = CARTESIAN_POINT('',(-0.,-4.5));
#4550 = VECTOR('',#4551,1.);
#4551 = DIRECTION('',(-1.,0.));
#4552 = ( GEOMETRIC_REPRESENTATION_CONTEXT(2) 
PARAMETRIC_REPRESENTATION_CONTEXT() REPRESENTATION_CONTEXT('2D SPACE',''
  ) );
#4553 = ORIENTED_EDGE('',*,*,#228,.T.);
#4554 = ORIENTED_EDGE('',*,*,#4555,.T.);
#4555 = EDGE_CURVE('',#200,#4556,#4558,.T.);
#4556 = VERTEX_POINT('',#4557);
#4557 = CARTESIAN_POINT('',(16.5,-33.08578643762,440.));
#4558 = SURFACE_CURVE('',#4559,(#4564,#4571),.PCURVE_S1.);
#4559 = CIRCLE('',#4560,8.914213562373);
#4560 = AXIS2_PLACEMENT_3D('',#4561,#4562,#4563);
#4561 = CARTESIAN_POINT('',(16.5,-42.,440.));
#4562 = DIRECTION('',(1.,0.,0.));
#4563 = DIRECTION('',(-0.,1.,0.));
#4564 = PCURVE('',#71,#4565);
#4565 = DEFINITIONAL_REPRESENTATION('',(#4566),#4570);
#4566 = LINE('',#4567,#4568);
#4567 = CARTESIAN_POINT('',(0.,0.339836909454));
#4568 = VECTOR('',#4569,1.);
#4569 = DIRECTION('',(1.,0.));
#4570 = ( GEOMETRIC_REPRESENTATION_CONTEXT(2) 
PARAMETRIC_REPRESENTATION_CONTEXT() REPRESENTATION_CONTEXT('2D SPACE',''
  ) );
#4571 = PCURVE('',#216,#4572);
#4572 = DEFINITIONAL_REPRESENTATION('',(#4573),#4577);
#4573 = CIRCLE('',#4574,8.914213562373);
#4574 = AXIS2_PLACEMENT_2D('',#4575,#4576);
#4575 = CARTESIAN_POINT('',(5.684341886081E-14,9.));
#4576 = DIRECTION('',(0.,-1.));
#4577 = ( GEOMETRIC_REPRESENTATION_CONTEXT(2) 
PARAMETRIC_REPRESENTATION_CONTEXT() REPRESENTATION_CONTEXT('2D SPACE',''
  ) );
#4578 = ORIENTED_EDGE('',*,*,#4579,.T.);
#4579 = EDGE_CURVE('',#4556,#4580,#4582,.T.);
#4580 = VERTEX_POINT('',#4581);
#4581 = CARTESIAN_POINT('',(17.5,-34.5,440.));
#4582 = SEAM_CURVE('',#4583,(#4588,#4594),.PCURVE_S1.);
#4583 = CIRCLE('',#4584,1.5);
#4584 = AXIS2_PLACEMENT_3D('',#4585,#4586,#4587);
#4585 = CARTESIAN_POINT('',(16.,-34.5,440.));
#4586 = DIRECTION('',(0.,0.,-1.));
#4587 = DIRECTION('',(0.,1.,0.));
#4588 = PCURVE('',#71,#4589);
#4589 = DEFINITIONAL_REPRESENTATION('',(#4590),#4593);
#4590 = B_SPLINE_CURVE_WITH_KNOTS('',1,(#4591,#4592),.UNSPECIFIED.,.F.,
  .F.,(2,2),(0.,1.570796326795),.PIECEWISE_BEZIER_KNOTS.);
#4591 = CARTESIAN_POINT('',(0.,0.));
#4592 = CARTESIAN_POINT('',(0.,1.570796326795));
#4593 = ( GEOMETRIC_REPRESENTATION_CONTEXT(2) 
PARAMETRIC_REPRESENTATION_CONTEXT() REPRESENTATION_CONTEXT('2D SPACE',''
  ) );
#4594 = PCURVE('',#71,#4595);
#4595 = DEFINITIONAL_REPRESENTATION('',(#4596),#4599);
#4596 = B_SPLINE_CURVE_WITH_KNOTS('',1,(#4597,#4598),.UNSPECIFIED.,.F.,
  .F.,(2,2),(0.,1.570796326795),.PIECEWISE_BEZIER_KNOTS.);
#4597 = CARTESIAN_POINT('',(6.28318530718,0.));
#4598 = CARTESIAN_POINT('',(6.28318530718,1.570796326795));
#4599 = ( GEOMETRIC_REPRESENTATION_CONTEXT(2) 
PARAMETRIC_REPRESENTATION_CONTEXT() REPRESENTATION_CONTEXT('2D SPACE',''
  ) );
#4600 = ORIENTED_EDGE('',*,*,#4601,.F.);
#4601 = EDGE_CURVE('',#4580,#4580,#4602,.T.);
#4602 = SURFACE_CURVE('',#4603,(#4608,#4615),.PCURVE_S1.);
#4603 = CIRCLE('',#4604,7.5);
#4604 = AXIS2_PLACEMENT_3D('',#4605,#4606,#4607);
#4605 = CARTESIAN_POINT('',(17.5,-42.,440.));
#4606 = DIRECTION('',(1.,0.,0.));
#4607 = DIRECTION('',(-0.,1.,0.));
#4608 = PCURVE('',#71,#4609);
#4609 = DEFINITIONAL_REPRESENTATION('',(#4610),#4614);
#4610 = LINE('',#4611,#4612);
#4611 = CARTESIAN_POINT('',(0.,1.570796326795));
#4612 = VECTOR('',#4613,1.);
#4613 = DIRECTION('',(1.,0.));
#4614 = ( GEOMETRIC_REPRESENTATION_CONTEXT(2) 
PARAMETRIC_REPRESENTATION_CONTEXT() REPRESENTATION_CONTEXT('2D SPACE',''
  ) );
#4615 = PCURVE('',#4616,#4621);
#4616 = PLANE('',#4617);
#4617 = AXIS2_PLACEMENT_3D('',#4618,#4619,#4620);
#4618 = CARTESIAN_POINT('',(17.5,-42.,440.));
#4619 = DIRECTION('',(1.,0.,0.));
#4620 = DIRECTION('',(-0.,0.,1.));
#4621 = DEFINITIONAL_REPRESENTATION('',(#4622),#4626);
#4622 = CIRCLE('',#4623,7.5);
#4623 = AXIS2_PLACEMENT_2D('',#4624,#4625);
#4624 = CARTESIAN_POINT('',(0.,7.105427357601E-15));
#4625 = DIRECTION('',(0.,-1.));
#4626 = ( GEOMETRIC_REPRESENTATION_CONTEXT(2) 
PARAMETRIC_REPRESENTATION_CONTEXT() REPRESENTATION_CONTEXT('2D SPACE',''
  ) );
#4627 = ORIENTED_EDGE('',*,*,#4579,.F.);
#4628 = ORIENTED_EDGE('',*,*,#4629,.T.);
#4629 = EDGE_CURVE('',#4556,#165,#4630,.T.);
#4630 = SURFACE_CURVE('',#4631,(#4636,#4643),.PCURVE_S1.);
#4631 = CIRCLE('',#4632,8.914213562373);
#4632 = AXIS2_PLACEMENT_3D('',#4633,#4634,#4635);
#4633 = CARTESIAN_POINT('',(16.5,-42.,440.));
#4634 = DIRECTION('',(1.,0.,0.));
#4635 = DIRECTION('',(-0.,1.,0.));
#4636 = PCURVE('',#71,#4637);
#4637 = DEFINITIONAL_REPRESENTATION('',(#4638),#4642);
#4638 = LINE('',#4639,#4640);
#4639 = CARTESIAN_POINT('',(0.,0.339836909454));
#4640 = VECTOR('',#4641,1.);
#4641 = DIRECTION('',(1.,0.));
#4642 = ( GEOMETRIC_REPRESENTATION_CONTEXT(2) 
PARAMETRIC_REPRESENTATION_CONTEXT() REPRESENTATION_CONTEXT('2D SPACE',''
  ) );
#4643 = PCURVE('',#216,#4644);
#4644 = DEFINITIONAL_REPRESENTATION('',(#4645),#4649);
#4645 = CIRCLE('',#4646,8.914213562373);
#4646 = AXIS2_PLACEMENT_2D('',#4647,#4648);
#4647 = CARTESIAN_POINT('',(5.684341886081E-14,9.));
#4648 = DIRECTION('',(0.,-1.));
#4649 = ( GEOMETRIC_REPRESENTATION_CONTEXT(2) 
PARAMETRIC_REPRESENTATION_CONTEXT() REPRESENTATION_CONTEXT('2D SPACE',''
  ) );
#4650 = ADVANCED_FACE('',(#4651),#276,.T.);
#4651 = FACE_BOUND('',#4652,.F.);
#4652 = EDGE_LOOP('',(#4653,#4672,#4673,#4674));
#4653 = ORIENTED_EDGE('',*,*,#4654,.F.);
#4654 = EDGE_CURVE('',#4498,#1564,#4655,.T.);
#4655 = SURFACE_CURVE('',#4656,(#4660,#4666),.PCURVE_S1.);
#4656 = LINE('',#4657,#4658);
#4657 = CARTESIAN_POINT('',(11.5,-33.1519259295,438.35331082377));
#4658 = VECTOR('',#4659,1.);
#4659 = DIRECTION('',(-1.,-0.,-0.));
#4660 = PCURVE('',#276,#4661);
#4661 = DEFINITIONAL_REPRESENTATION('',(#4662),#4665);
#4662 = B_SPLINE_CURVE_WITH_KNOTS('',1,(#4663,#4664),.UNSPECIFIED.,.F.,
  .F.,(2,2),(-4.5000006,5.999999999062E-07),.PIECEWISE_BEZIER_KNOTS.);
#4663 = CARTESIAN_POINT('',(-6.099183314993,-4.5000006));
#4664 = CARTESIAN_POINT('',(-6.099183314993,5.999999999062E-07));
#4665 = ( GEOMETRIC_REPRESENTATION_CONTEXT(2) 
PARAMETRIC_REPRESENTATION_CONTEXT() REPRESENTATION_CONTEXT('2D SPACE',''
  ) );
#4666 = PCURVE('',#1580,#4667);
#4667 = DEFINITIONAL_REPRESENTATION('',(#4668),#4671);
#4668 = B_SPLINE_CURVE_WITH_KNOTS('',1,(#4669,#4670),.UNSPECIFIED.,.F.,
  .F.,(2,2),(-4.5000006,5.999999999062E-07),.PIECEWISE_BEZIER_KNOTS.);
#4669 = CARTESIAN_POINT('',(-1.347895636802,-4.5000006));
#4670 = CARTESIAN_POINT('',(-1.347895636802,5.999999999062E-07));
#4671 = ( GEOMETRIC_REPRESENTATION_CONTEXT(2) 
PARAMETRIC_REPRESENTATION_CONTEXT() REPRESENTATION_CONTEXT('2D SPACE',''
  ) );
#4672 = ORIENTED_EDGE('',*,*,#4532,.T.);
#4673 = ORIENTED_EDGE('',*,*,#263,.T.);
#4674 = ORIENTED_EDGE('',*,*,#1592,.F.);
#4675 = ADVANCED_FACE('',(#4676),#216,.F.);
#4676 = FACE_BOUND('',#4677,.F.);
#4677 = EDGE_LOOP('',(#4678,#4679,#4680));
#4678 = ORIENTED_EDGE('',*,*,#4629,.T.);
#4679 = ORIENTED_EDGE('',*,*,#199,.T.);
#4680 = ORIENTED_EDGE('',*,*,#4555,.T.);
#4681 = ADVANCED_FACE('',(#4682),#1580,.F.);
#4682 = FACE_BOUND('',#4683,.T.);
#4683 = EDGE_LOOP('',(#4684,#4685,#4686,#4687,#4709,#4710));
#4684 = ORIENTED_EDGE('',*,*,#1563,.F.);
#4685 = ORIENTED_EDGE('',*,*,#4654,.F.);
#4686 = ORIENTED_EDGE('',*,*,#4497,.F.);
#4687 = ORIENTED_EDGE('',*,*,#4688,.T.);
#4688 = EDGE_CURVE('',#4469,#4434,#4689,.T.);
#4689 = SURFACE_CURVE('',#4690,(#4695,#4702),.PCURVE_S1.);
#4690 = CIRCLE('',#4691,0.7);
#4691 = AXIS2_PLACEMENT_3D('',#4692,#4693,#4694);
#4692 = CARTESIAN_POINT('',(16.5,-33.30666756339,437.67062859407));
#4693 = DIRECTION('',(1.,0.,0.));
#4694 = DIRECTION('',(0.,1.,0.));
#4695 = PCURVE('',#1580,#4696);
#4696 = DEFINITIONAL_REPRESENTATION('',(#4697),#4701);
#4697 = LINE('',#4698,#4699);
#4698 = CARTESIAN_POINT('',(-0.,-5.));
#4699 = VECTOR('',#4700,1.);
#4700 = DIRECTION('',(-1.,0.));
#4701 = ( GEOMETRIC_REPRESENTATION_CONTEXT(2) 
PARAMETRIC_REPRESENTATION_CONTEXT() REPRESENTATION_CONTEXT('2D SPACE',''
  ) );
#4702 = PCURVE('',#4485,#4703);
#4703 = DEFINITIONAL_REPRESENTATION('',(#4704),#4708);
#4704 = CIRCLE('',#4705,0.7);
#4705 = AXIS2_PLACEMENT_2D('',#4706,#4707);
#4706 = CARTESIAN_POINT('',(0.,0.));
#4707 = DIRECTION('',(0.,-1.));
#4708 = ( GEOMETRIC_REPRESENTATION_CONTEXT(2) 
PARAMETRIC_REPRESENTATION_CONTEXT() REPRESENTATION_CONTEXT('2D SPACE',''
  ) );
#4709 = ORIENTED_EDGE('',*,*,#4433,.F.);
#4710 = ORIENTED_EDGE('',*,*,#4711,.T.);
#4711 = EDGE_CURVE('',#4410,#1535,#4712,.T.);
#4712 = SURFACE_CURVE('',#4713,(#4717,#4723),.PCURVE_S1.);
#4713 = LINE('',#4714,#4715);
#4714 = CARTESIAN_POINT('',(11.5,-33.51399849227,437.0020376235));
#4715 = VECTOR('',#4716,1.);
#4716 = DIRECTION('',(-1.,-0.,-0.));
#4717 = PCURVE('',#1580,#4718);
#4718 = DEFINITIONAL_REPRESENTATION('',(#4719),#4722);
#4719 = B_SPLINE_CURVE_WITH_KNOTS('',1,(#4720,#4721),.UNSPECIFIED.,.F.,
  .F.,(2,2),(-4.5000006,5.999999999062E-07),.PIECEWISE_BEZIER_KNOTS.);
#4720 = CARTESIAN_POINT('',(-4.411690894779,-4.5000006));
#4721 = CARTESIAN_POINT('',(-4.411690894779,5.999999999062E-07));
#4722 = ( GEOMETRIC_REPRESENTATION_CONTEXT(2) 
PARAMETRIC_REPRESENTATION_CONTEXT() REPRESENTATION_CONTEXT('2D SPACE',''
  ) );
#4723 = PCURVE('',#1551,#4724);
#4724 = DEFINITIONAL_REPRESENTATION('',(#4725),#4728);
#4725 = B_SPLINE_CURVE_WITH_KNOTS('',1,(#4726,#4727),.UNSPECIFIED.,.F.,
  .F.,(2,2),(-4.5000006,5.999999999062E-07),.PIECEWISE_BEZIER_KNOTS.);
#4726 = CARTESIAN_POINT('',(-5.943588523768,-4.5000006));
#4727 = CARTESIAN_POINT('',(-5.943588523768,5.999999999062E-07));
#4728 = ( GEOMETRIC_REPRESENTATION_CONTEXT(2) 
PARAMETRIC_REPRESENTATION_CONTEXT() REPRESENTATION_CONTEXT('2D SPACE',''
  ) );
#4729 = ADVANCED_FACE('',(#4730),#1551,.T.);
#4730 = FACE_BOUND('',#4731,.F.);
#4731 = EDGE_LOOP('',(#4732,#4751,#4752,#4753));
#4732 = ORIENTED_EDGE('',*,*,#4733,.F.);
#4733 = EDGE_CURVE('',#4375,#1506,#4734,.T.);
#4734 = SURFACE_CURVE('',#4735,(#4739,#4745),.PCURVE_S1.);
#4735 = LINE('',#4736,#4737);
#4736 = CARTESIAN_POINT('',(11.5,-33.87961126256,436.11937031489));
#4737 = VECTOR('',#4738,1.);
#4738 = DIRECTION('',(-1.,-0.,-0.));
#4739 = PCURVE('',#1551,#4740);
#4740 = DEFINITIONAL_REPRESENTATION('',(#4741),#4744);
#4741 = B_SPLINE_CURVE_WITH_KNOTS('',1,(#4742,#4743),.UNSPECIFIED.,.F.,
  .F.,(2,2),(-4.5000006,5.999999999062E-07),.PIECEWISE_BEZIER_KNOTS.);
#4742 = CARTESIAN_POINT('',(-5.837383927194,-4.5000006));
#4743 = CARTESIAN_POINT('',(-5.837383927194,5.999999999062E-07));
#4744 = ( GEOMETRIC_REPRESENTATION_CONTEXT(2) 
PARAMETRIC_REPRESENTATION_CONTEXT() REPRESENTATION_CONTEXT('2D SPACE',''
  ) );
#4745 = PCURVE('',#1522,#4746);
#4746 = DEFINITIONAL_REPRESENTATION('',(#4747),#4750);
#4747 = B_SPLINE_CURVE_WITH_KNOTS('',1,(#4748,#4749),.UNSPECIFIED.,.F.,
  .F.,(2,2),(-4.5000006,5.999999999062E-07),.PIECEWISE_BEZIER_KNOTS.);
#4748 = CARTESIAN_POINT('',(-1.086096249003,-4.5000006));
#4749 = CARTESIAN_POINT('',(-1.086096249003,5.999999999062E-07));
#4750 = ( GEOMETRIC_REPRESENTATION_CONTEXT(2) 
PARAMETRIC_REPRESENTATION_CONTEXT() REPRESENTATION_CONTEXT('2D SPACE',''
  ) );
#4751 = ORIENTED_EDGE('',*,*,#4409,.T.);
#4752 = ORIENTED_EDGE('',*,*,#4711,.T.);
#4753 = ORIENTED_EDGE('',*,*,#1534,.F.);
#4754 = ADVANCED_FACE('',(#4755),#1522,.F.);
#4755 = FACE_BOUND('',#4756,.T.);
#4756 = EDGE_LOOP('',(#4757,#4758,#4759,#4760,#4782,#4783));
#4757 = ORIENTED_EDGE('',*,*,#1505,.F.);
#4758 = ORIENTED_EDGE('',*,*,#4733,.F.);
#4759 = ORIENTED_EDGE('',*,*,#4374,.F.);
#4760 = ORIENTED_EDGE('',*,*,#4761,.T.);
#4761 = EDGE_CURVE('',#4346,#4311,#4762,.T.);
#4762 = SURFACE_CURVE('',#4763,(#4768,#4775),.PCURVE_S1.);
#4763 = CIRCLE('',#4764,0.7);
#4764 = AXIS2_PLACEMENT_3D('',#4765,#4766,#4767);
#4765 = CARTESIAN_POINT('',(16.5,-34.20577136594,435.5));
#4766 = DIRECTION('',(1.,0.,0.));
#4767 = DIRECTION('',(0.,1.,0.));
#4768 = PCURVE('',#1522,#4769);
#4769 = DEFINITIONAL_REPRESENTATION('',(#4770),#4774);
#4770 = LINE('',#4771,#4772);
#4771 = CARTESIAN_POINT('',(-0.,-5.));
#4772 = VECTOR('',#4773,1.);
#4773 = DIRECTION('',(-1.,0.));
#4774 = ( GEOMETRIC_REPRESENTATION_CONTEXT(2) 
PARAMETRIC_REPRESENTATION_CONTEXT() REPRESENTATION_CONTEXT('2D SPACE',''
  ) );
#4775 = PCURVE('',#4362,#4776);
#4776 = DEFINITIONAL_REPRESENTATION('',(#4777),#4781);
#4777 = CIRCLE('',#4778,0.7);
#4778 = AXIS2_PLACEMENT_2D('',#4779,#4780);
#4779 = CARTESIAN_POINT('',(-5.684341886081E-14,7.105427357601E-15));
#4780 = DIRECTION('',(0.,-1.));
#4781 = ( GEOMETRIC_REPRESENTATION_CONTEXT(2) 
PARAMETRIC_REPRESENTATION_CONTEXT() REPRESENTATION_CONTEXT('2D SPACE',''
  ) );
#4782 = ORIENTED_EDGE('',*,*,#4310,.F.);
#4783 = ORIENTED_EDGE('',*,*,#4784,.T.);
#4784 = EDGE_CURVE('',#4287,#1477,#4785,.T.);
#4785 = SURFACE_CURVE('',#4786,(#4790,#4796),.PCURVE_S1.);
#4786 = LINE('',#4787,#4788);
#4787 = CARTESIAN_POINT('',(11.5,-34.57908174129,434.90785190733));
#4788 = VECTOR('',#4789,1.);
#4789 = DIRECTION('',(-1.,-0.,-0.));
#4790 = PCURVE('',#1522,#4791);
#4791 = DEFINITIONAL_REPRESENTATION('',(#4792),#4795);
#4792 = B_SPLINE_CURVE_WITH_KNOTS('',1,(#4793,#4794),.UNSPECIFIED.,.F.,
  .F.,(2,2),(-4.5000006,5.999999999062E-07),.PIECEWISE_BEZIER_KNOTS.);
#4793 = CARTESIAN_POINT('',(-4.14989150698,-4.5000006));
#4794 = CARTESIAN_POINT('',(-4.14989150698,5.999999999062E-07));
#4795 = ( GEOMETRIC_REPRESENTATION_CONTEXT(2) 
PARAMETRIC_REPRESENTATION_CONTEXT() REPRESENTATION_CONTEXT('2D SPACE',''
  ) );
#4796 = PCURVE('',#1493,#4797);
#4797 = DEFINITIONAL_REPRESENTATION('',(#4798),#4801);
#4798 = B_SPLINE_CURVE_WITH_KNOTS('',1,(#4799,#4800),.UNSPECIFIED.,.F.,
  .F.,(2,2),(-4.5000006,5.999999999062E-07),.PIECEWISE_BEZIER_KNOTS.);
#4799 = CARTESIAN_POINT('',(-5.681789135969,-4.5000006));
#4800 = CARTESIAN_POINT('',(-5.681789135969,5.999999999062E-07));
#4801 = ( GEOMETRIC_REPRESENTATION_CONTEXT(2) 
PARAMETRIC_REPRESENTATION_CONTEXT() REPRESENTATION_CONTEXT('2D SPACE',''
  ) );
#4802 = ADVANCED_FACE('',(#4803),#1493,.T.);
#4803 = FACE_BOUND('',#4804,.F.);
#4804 = EDGE_LOOP('',(#4805,#4824,#4825,#4826));
#4805 = ORIENTED_EDGE('',*,*,#4806,.F.);
#4806 = EDGE_CURVE('',#4252,#1448,#4807,.T.);
#4807 = SURFACE_CURVE('',#4808,(#4812,#4818),.PCURVE_S1.);
#4808 = LINE('',#4809,#4810);
#4809 = CARTESIAN_POINT('',(11.5,-35.1606876685,434.149888306));
#4810 = VECTOR('',#4811,1.);
#4811 = DIRECTION('',(-1.,-0.,-0.));
#4812 = PCURVE('',#1493,#4813);
#4813 = DEFINITIONAL_REPRESENTATION('',(#4814),#4817);
#4814 = B_SPLINE_CURVE_WITH_KNOTS('',1,(#4815,#4816),.UNSPECIFIED.,.F.,
  .F.,(2,2),(-4.5000006,5.999999999062E-07),.PIECEWISE_BEZIER_KNOTS.);
#4815 = CARTESIAN_POINT('',(-5.575584539395,-4.5000006));
#4816 = CARTESIAN_POINT('',(-5.575584539395,5.999999999062E-07));
#4817 = ( GEOMETRIC_REPRESENTATION_CONTEXT(2) 
PARAMETRIC_REPRESENTATION_CONTEXT() REPRESENTATION_CONTEXT('2D SPACE',''
  ) );
#4818 = PCURVE('',#1464,#4819);
#4819 = DEFINITIONAL_REPRESENTATION('',(#4820),#4823);
#4820 = B_SPLINE_CURVE_WITH_KNOTS('',1,(#4821,#4822),.UNSPECIFIED.,.F.,
  .F.,(2,2),(-4.5000006,5.999999999062E-07),.PIECEWISE_BEZIER_KNOTS.);
#4821 = CARTESIAN_POINT('',(-0.824296861204,-4.5000006));
#4822 = CARTESIAN_POINT('',(-0.824296861204,5.999999999062E-07));
#4823 = ( GEOMETRIC_REPRESENTATION_CONTEXT(2) 
PARAMETRIC_REPRESENTATION_CONTEXT() REPRESENTATION_CONTEXT('2D SPACE',''
  ) );
#4824 = ORIENTED_EDGE('',*,*,#4286,.T.);
#4825 = ORIENTED_EDGE('',*,*,#4784,.T.);
#4826 = ORIENTED_EDGE('',*,*,#1476,.F.);
#4827 = ADVANCED_FACE('',(#4828),#1464,.F.);
#4828 = FACE_BOUND('',#4829,.T.);
#4829 = EDGE_LOOP('',(#4830,#4831,#4832,#4833,#4855,#4856));
#4830 = ORIENTED_EDGE('',*,*,#1447,.F.);
#4831 = ORIENTED_EDGE('',*,*,#4806,.F.);
#4832 = ORIENTED_EDGE('',*,*,#4251,.F.);
#4833 = ORIENTED_EDGE('',*,*,#4834,.T.);
#4834 = EDGE_CURVE('',#4223,#4188,#4835,.T.);
#4835 = SURFACE_CURVE('',#4836,(#4841,#4848),.PCURVE_S1.);
#4836 = CIRCLE('',#4837,0.7);
#4837 = AXIS2_PLACEMENT_3D('',#4838,#4839,#4840);
#4838 = CARTESIAN_POINT('',(16.5,-35.63603896932,433.63603896932));
#4839 = DIRECTION('',(1.,0.,0.));
#4840 = DIRECTION('',(0.,1.,0.));
#4841 = PCURVE('',#1464,#4842);
#4842 = DEFINITIONAL_REPRESENTATION('',(#4843),#4847);
#4843 = LINE('',#4844,#4845);
#4844 = CARTESIAN_POINT('',(-0.,-5.));
#4845 = VECTOR('',#4846,1.);
#4846 = DIRECTION('',(-1.,0.));
#4847 = ( GEOMETRIC_REPRESENTATION_CONTEXT(2) 
PARAMETRIC_REPRESENTATION_CONTEXT() REPRESENTATION_CONTEXT('2D SPACE',''
  ) );
#4848 = PCURVE('',#4239,#4849);
#4849 = DEFINITIONAL_REPRESENTATION('',(#4850),#4854);
#4850 = CIRCLE('',#4851,0.7);
#4851 = AXIS2_PLACEMENT_2D('',#4852,#4853);
#4852 = CARTESIAN_POINT('',(0.,0.));
#4853 = DIRECTION('',(0.,-1.));
#4854 = ( GEOMETRIC_REPRESENTATION_CONTEXT(2) 
PARAMETRIC_REPRESENTATION_CONTEXT() REPRESENTATION_CONTEXT('2D SPACE',''
  ) );
#4855 = ORIENTED_EDGE('',*,*,#4187,.F.);
#4856 = ORIENTED_EDGE('',*,*,#4857,.T.);
#4857 = EDGE_CURVE('',#4164,#1419,#4858,.T.);
#4858 = SURFACE_CURVE('',#4859,(#4863,#4869),.PCURVE_S1.);
#4859 = LINE('',#4860,#4861);
#4860 = CARTESIAN_POINT('',(11.5,-36.149888306,433.1606876685));
#4861 = VECTOR('',#4862,1.);
#4862 = DIRECTION('',(-1.,-0.,-0.));
#4863 = PCURVE('',#1464,#4864);
#4864 = DEFINITIONAL_REPRESENTATION('',(#4865),#4868);
#4865 = B_SPLINE_CURVE_WITH_KNOTS('',1,(#4866,#4867),.UNSPECIFIED.,.F.,
  .F.,(2,2),(-4.5000006,5.999999999062E-07),.PIECEWISE_BEZIER_KNOTS.);
#4866 = CARTESIAN_POINT('',(-3.888092119181,-4.5000006));
#4867 = CARTESIAN_POINT('',(-3.888092119181,5.999999999062E-07));
#4868 = ( GEOMETRIC_REPRESENTATION_CONTEXT(2) 
PARAMETRIC_REPRESENTATION_CONTEXT() REPRESENTATION_CONTEXT('2D SPACE',''
  ) );
#4869 = PCURVE('',#1435,#4870);
#4870 = DEFINITIONAL_REPRESENTATION('',(#4871),#4874);
#4871 = B_SPLINE_CURVE_WITH_KNOTS('',1,(#4872,#4873),.UNSPECIFIED.,.F.,
  .F.,(2,2),(-4.5000006,5.999999999062E-07),.PIECEWISE_BEZIER_KNOTS.);
#4872 = CARTESIAN_POINT('',(-5.419989748169,-4.5000006));
#4873 = CARTESIAN_POINT('',(-5.419989748169,5.999999999062E-07));
#4874 = ( GEOMETRIC_REPRESENTATION_CONTEXT(2) 
PARAMETRIC_REPRESENTATION_CONTEXT() REPRESENTATION_CONTEXT('2D SPACE',''
  ) );
#4875 = ADVANCED_FACE('',(#4876),#1435,.T.);
#4876 = FACE_BOUND('',#4877,.F.);
#4877 = EDGE_LOOP('',(#4878,#4897,#4898,#4899));
#4878 = ORIENTED_EDGE('',*,*,#4879,.F.);
#4879 = EDGE_CURVE('',#4129,#1390,#4880,.T.);
#4880 = SURFACE_CURVE('',#4881,(#4885,#4891),.PCURVE_S1.);
#4881 = LINE('',#4882,#4883);
#4882 = CARTESIAN_POINT('',(11.5,-36.90785190733,432.57908174129));
#4883 = VECTOR('',#4884,1.);
#4884 = DIRECTION('',(-1.,-0.,-0.));
#4885 = PCURVE('',#1435,#4886);
#4886 = DEFINITIONAL_REPRESENTATION('',(#4887),#4890);
#4887 = B_SPLINE_CURVE_WITH_KNOTS('',1,(#4888,#4889),.UNSPECIFIED.,.F.,
  .F.,(2,2),(-4.5000006,5.999999999062E-07),.PIECEWISE_BEZIER_KNOTS.);
#4888 = CARTESIAN_POINT('',(-5.313785151596,-4.5000006));
#4889 = CARTESIAN_POINT('',(-5.313785151596,5.999999999062E-07));
#4890 = ( GEOMETRIC_REPRESENTATION_CONTEXT(2) 
PARAMETRIC_REPRESENTATION_CONTEXT() REPRESENTATION_CONTEXT('2D SPACE',''
  ) );
#4891 = PCURVE('',#1406,#4892);
#4892 = DEFINITIONAL_REPRESENTATION('',(#4893),#4896);
#4893 = B_SPLINE_CURVE_WITH_KNOTS('',1,(#4894,#4895),.UNSPECIFIED.,.F.,
  .F.,(2,2),(-4.5000006,5.999999999062E-07),.PIECEWISE_BEZIER_KNOTS.);
#4894 = CARTESIAN_POINT('',(-0.562497473405,-4.5000006));
#4895 = CARTESIAN_POINT('',(-0.562497473405,5.999999999062E-07));
#4896 = ( GEOMETRIC_REPRESENTATION_CONTEXT(2) 
PARAMETRIC_REPRESENTATION_CONTEXT() REPRESENTATION_CONTEXT('2D SPACE',''
  ) );
#4897 = ORIENTED_EDGE('',*,*,#4163,.T.);
#4898 = ORIENTED_EDGE('',*,*,#4857,.T.);
#4899 = ORIENTED_EDGE('',*,*,#1418,.F.);
#4900 = ADVANCED_FACE('',(#4901),#1406,.F.);
#4901 = FACE_BOUND('',#4902,.T.);
#4902 = EDGE_LOOP('',(#4903,#4904,#4905,#4906,#4928,#4929));
#4903 = ORIENTED_EDGE('',*,*,#1389,.F.);
#4904 = ORIENTED_EDGE('',*,*,#4879,.F.);
#4905 = ORIENTED_EDGE('',*,*,#4128,.F.);
#4906 = ORIENTED_EDGE('',*,*,#4907,.T.);
#4907 = EDGE_CURVE('',#4100,#4065,#4908,.T.);
#4908 = SURFACE_CURVE('',#4909,(#4914,#4921),.PCURVE_S1.);
#4909 = CIRCLE('',#4910,0.7);
#4910 = AXIS2_PLACEMENT_3D('',#4911,#4912,#4913);
#4911 = CARTESIAN_POINT('',(16.5,-37.5,432.20577136594));
#4912 = DIRECTION('',(1.,0.,0.));
#4913 = DIRECTION('',(0.,1.,0.));
#4914 = PCURVE('',#1406,#4915);
#4915 = DEFINITIONAL_REPRESENTATION('',(#4916),#4920);
#4916 = LINE('',#4917,#4918);
#4917 = CARTESIAN_POINT('',(-0.,-5.));
#4918 = VECTOR('',#4919,1.);
#4919 = DIRECTION('',(-1.,0.));
#4920 = ( GEOMETRIC_REPRESENTATION_CONTEXT(2) 
PARAMETRIC_REPRESENTATION_CONTEXT() REPRESENTATION_CONTEXT('2D SPACE',''
  ) );
#4921 = PCURVE('',#4116,#4922);
#4922 = DEFINITIONAL_REPRESENTATION('',(#4923),#4927);
#4923 = CIRCLE('',#4924,0.7);
#4924 = AXIS2_PLACEMENT_2D('',#4925,#4926);
#4925 = CARTESIAN_POINT('',(5.684341886081E-14,7.105427357601E-15));
#4926 = DIRECTION('',(0.,-1.));
#4927 = ( GEOMETRIC_REPRESENTATION_CONTEXT(2) 
PARAMETRIC_REPRESENTATION_CONTEXT() REPRESENTATION_CONTEXT('2D SPACE',''
  ) );
#4928 = ORIENTED_EDGE('',*,*,#4064,.F.);
#4929 = ORIENTED_EDGE('',*,*,#4930,.T.);
#4930 = EDGE_CURVE('',#4041,#1361,#4931,.T.);
#4931 = SURFACE_CURVE('',#4932,(#4936,#4942),.PCURVE_S1.);
#4932 = LINE('',#4933,#4934);
#4933 = CARTESIAN_POINT('',(11.5,-38.11937031489,431.87961126256));
#4934 = VECTOR('',#4935,1.);
#4935 = DIRECTION('',(-1.,-0.,-0.));
#4936 = PCURVE('',#1406,#4937);
#4937 = DEFINITIONAL_REPRESENTATION('',(#4938),#4941);
#4938 = B_SPLINE_CURVE_WITH_KNOTS('',1,(#4939,#4940),.UNSPECIFIED.,.F.,
  .F.,(2,2),(-4.5000006,5.999999999062E-07),.PIECEWISE_BEZIER_KNOTS.);
#4939 = CARTESIAN_POINT('',(-3.626292731382,-4.5000006));
#4940 = CARTESIAN_POINT('',(-3.626292731382,5.999999999062E-07));
#4941 = ( GEOMETRIC_REPRESENTATION_CONTEXT(2) 
PARAMETRIC_REPRESENTATION_CONTEXT() REPRESENTATION_CONTEXT('2D SPACE',''
  ) );
#4942 = PCURVE('',#1377,#4943);
#4943 = DEFINITIONAL_REPRESENTATION('',(#4944),#4947);
#4944 = B_SPLINE_CURVE_WITH_KNOTS('',1,(#4945,#4946),.UNSPECIFIED.,.F.,
  .F.,(2,2),(-4.5000006,5.999999999062E-07),.PIECEWISE_BEZIER_KNOTS.);
#4945 = CARTESIAN_POINT('',(-5.15819036037,-4.5000006));
#4946 = CARTESIAN_POINT('',(-5.15819036037,5.999999999062E-07));
#4947 = ( GEOMETRIC_REPRESENTATION_CONTEXT(2) 
PARAMETRIC_REPRESENTATION_CONTEXT() REPRESENTATION_CONTEXT('2D SPACE',''
  ) );
#4948 = ADVANCED_FACE('',(#4949),#1377,.T.);
#4949 = FACE_BOUND('',#4950,.F.);
#4950 = EDGE_LOOP('',(#4951,#4970,#4971,#4972));
#4951 = ORIENTED_EDGE('',*,*,#4952,.F.);
#4952 = EDGE_CURVE('',#4006,#1332,#4953,.T.);
#4953 = SURFACE_CURVE('',#4954,(#4958,#4964),.PCURVE_S1.);
#4954 = LINE('',#4955,#4956);
#4955 = CARTESIAN_POINT('',(11.5,-39.0020376235,431.51399849227));
#4956 = VECTOR('',#4957,1.);
#4957 = DIRECTION('',(-1.,-0.,-0.));
#4958 = PCURVE('',#1377,#4959);
#4959 = DEFINITIONAL_REPRESENTATION('',(#4960),#4963);
#4960 = B_SPLINE_CURVE_WITH_KNOTS('',1,(#4961,#4962),.UNSPECIFIED.,.F.,
  .F.,(2,2),(-4.5000006,5.999999999062E-07),.PIECEWISE_BEZIER_KNOTS.);
#4961 = CARTESIAN_POINT('',(-5.051985763797,-4.5000006));
#4962 = CARTESIAN_POINT('',(-5.051985763797,5.999999999062E-07));
#4963 = ( GEOMETRIC_REPRESENTATION_CONTEXT(2) 
PARAMETRIC_REPRESENTATION_CONTEXT() REPRESENTATION_CONTEXT('2D SPACE',''
  ) );
#4964 = PCURVE('',#1348,#4965);
#4965 = DEFINITIONAL_REPRESENTATION('',(#4966),#4969);
#4966 = B_SPLINE_CURVE_WITH_KNOTS('',1,(#4967,#4968),.UNSPECIFIED.,.F.,
  .F.,(2,2),(-4.5000006,5.999999999062E-07),.PIECEWISE_BEZIER_KNOTS.);
#4967 = CARTESIAN_POINT('',(-0.300698085606,-4.5000006));
#4968 = CARTESIAN_POINT('',(-0.300698085606,5.999999999062E-07));
#4969 = ( GEOMETRIC_REPRESENTATION_CONTEXT(2) 
PARAMETRIC_REPRESENTATION_CONTEXT() REPRESENTATION_CONTEXT('2D SPACE',''
  ) );
#4970 = ORIENTED_EDGE('',*,*,#4040,.T.);
#4971 = ORIENTED_EDGE('',*,*,#4930,.T.);
#4972 = ORIENTED_EDGE('',*,*,#1360,.F.);
#4973 = ADVANCED_FACE('',(#4974),#1348,.F.);
#4974 = FACE_BOUND('',#4975,.T.);
#4975 = EDGE_LOOP('',(#4976,#4977,#4978,#4979,#5001,#5002));
#4976 = ORIENTED_EDGE('',*,*,#1331,.F.);
#4977 = ORIENTED_EDGE('',*,*,#4952,.F.);
#4978 = ORIENTED_EDGE('',*,*,#4005,.F.);
#4979 = ORIENTED_EDGE('',*,*,#4980,.T.);
#4980 = EDGE_CURVE('',#3977,#3942,#4981,.T.);
#4981 = SURFACE_CURVE('',#4982,(#4987,#4994),.PCURVE_S1.);
#4982 = CIRCLE('',#4983,0.7);
#4983 = AXIS2_PLACEMENT_3D('',#4984,#4985,#4986);
#4984 = CARTESIAN_POINT('',(16.5,-39.67062859407,431.30666756339));
#4985 = DIRECTION('',(1.,0.,0.));
#4986 = DIRECTION('',(0.,1.,0.));
#4987 = PCURVE('',#1348,#4988);
#4988 = DEFINITIONAL_REPRESENTATION('',(#4989),#4993);
#4989 = LINE('',#4990,#4991);
#4990 = CARTESIAN_POINT('',(-0.,-5.));
#4991 = VECTOR('',#4992,1.);
#4992 = DIRECTION('',(-1.,0.));
#4993 = ( GEOMETRIC_REPRESENTATION_CONTEXT(2) 
PARAMETRIC_REPRESENTATION_CONTEXT() REPRESENTATION_CONTEXT('2D SPACE',''
  ) );
#4994 = PCURVE('',#3993,#4995);
#4995 = DEFINITIONAL_REPRESENTATION('',(#4996),#5000);
#4996 = CIRCLE('',#4997,0.7);
#4997 = AXIS2_PLACEMENT_2D('',#4998,#4999);
#4998 = CARTESIAN_POINT('',(0.,7.105427357601E-15));
#4999 = DIRECTION('',(0.,-1.));
#5000 = ( GEOMETRIC_REPRESENTATION_CONTEXT(2) 
PARAMETRIC_REPRESENTATION_CONTEXT() REPRESENTATION_CONTEXT('2D SPACE',''
  ) );
#5001 = ORIENTED_EDGE('',*,*,#3941,.F.);
#5002 = ORIENTED_EDGE('',*,*,#5003,.T.);
#5003 = EDGE_CURVE('',#3918,#1303,#5004,.T.);
#5004 = SURFACE_CURVE('',#5005,(#5009,#5015),.PCURVE_S1.);
#5005 = LINE('',#5006,#5007);
#5006 = CARTESIAN_POINT('',(11.5,-40.35331082377,431.1519259295));
#5007 = VECTOR('',#5008,1.);
#5008 = DIRECTION('',(-1.,-0.,-0.));
#5009 = PCURVE('',#1348,#5010);
#5010 = DEFINITIONAL_REPRESENTATION('',(#5011),#5014);
#5011 = B_SPLINE_CURVE_WITH_KNOTS('',1,(#5012,#5013),.UNSPECIFIED.,.F.,
  .F.,(2,2),(-4.5000006,5.999999999062E-07),.PIECEWISE_BEZIER_KNOTS.);
#5012 = CARTESIAN_POINT('',(-3.364493343583,-4.5000006));
#5013 = CARTESIAN_POINT('',(-3.364493343583,5.999999999062E-07));
#5014 = ( GEOMETRIC_REPRESENTATION_CONTEXT(2) 
PARAMETRIC_REPRESENTATION_CONTEXT() REPRESENTATION_CONTEXT('2D SPACE',''
  ) );
#5015 = PCURVE('',#1319,#5016);
#5016 = DEFINITIONAL_REPRESENTATION('',(#5017),#5020);
#5017 = B_SPLINE_CURVE_WITH_KNOTS('',1,(#5018,#5019),.UNSPECIFIED.,.F.,
  .F.,(2,2),(-4.5000006,5.999999999062E-07),.PIECEWISE_BEZIER_KNOTS.);
#5018 = CARTESIAN_POINT('',(-4.896390972571,-4.5000006));
#5019 = CARTESIAN_POINT('',(-4.896390972571,5.999999999062E-07));
#5020 = ( GEOMETRIC_REPRESENTATION_CONTEXT(2) 
PARAMETRIC_REPRESENTATION_CONTEXT() REPRESENTATION_CONTEXT('2D SPACE',''
  ) );
#5021 = ADVANCED_FACE('',(#5022),#1319,.T.);
#5022 = FACE_BOUND('',#5023,.F.);
#5023 = EDGE_LOOP('',(#5024,#5043,#5044,#5045));
#5024 = ORIENTED_EDGE('',*,*,#5025,.F.);
#5025 = EDGE_CURVE('',#3883,#1274,#5026,.T.);
#5026 = SURFACE_CURVE('',#5027,(#5031,#5037),.PCURVE_S1.);
#5027 = LINE('',#5028,#5029);
#5028 = CARTESIAN_POINT('',(11.5,-41.30052952126,431.02722222222));
#5029 = VECTOR('',#5030,1.);
#5030 = DIRECTION('',(-1.,-0.,-0.));
#5031 = PCURVE('',#1319,#5032);
#5032 = DEFINITIONAL_REPRESENTATION('',(#5033),#5036);
#5033 = B_SPLINE_CURVE_WITH_KNOTS('',1,(#5034,#5035),.UNSPECIFIED.,.F.,
  .F.,(2,2),(-4.5000006,5.999999999062E-07),.PIECEWISE_BEZIER_KNOTS.);
#5034 = CARTESIAN_POINT('',(-4.790186375997,-4.5000006));
#5035 = CARTESIAN_POINT('',(-4.790186375997,5.999999999062E-07));
#5036 = ( GEOMETRIC_REPRESENTATION_CONTEXT(2) 
PARAMETRIC_REPRESENTATION_CONTEXT() REPRESENTATION_CONTEXT('2D SPACE',''
  ) );
#5037 = PCURVE('',#1290,#5038);
#5038 = DEFINITIONAL_REPRESENTATION('',(#5039),#5042);
#5039 = B_SPLINE_CURVE_WITH_KNOTS('',1,(#5040,#5041),.UNSPECIFIED.,.F.,
  .F.,(2,2),(-4.5000006,5.999999999062E-07),.PIECEWISE_BEZIER_KNOTS.);
#5040 = CARTESIAN_POINT('',(-3.88986978064E-02,-4.5000006));
#5041 = CARTESIAN_POINT('',(-3.88986978064E-02,5.999999999062E-07));
#5042 = ( GEOMETRIC_REPRESENTATION_CONTEXT(2) 
PARAMETRIC_REPRESENTATION_CONTEXT() REPRESENTATION_CONTEXT('2D SPACE',''
  ) );
#5043 = ORIENTED_EDGE('',*,*,#3917,.T.);
#5044 = ORIENTED_EDGE('',*,*,#5003,.T.);
#5045 = ORIENTED_EDGE('',*,*,#1302,.F.);
#5046 = ADVANCED_FACE('',(#5047),#1290,.F.);
#5047 = FACE_BOUND('',#5048,.T.);
#5048 = EDGE_LOOP('',(#5049,#5050,#5051,#5052,#5074,#5075));
#5049 = ORIENTED_EDGE('',*,*,#1273,.F.);
#5050 = ORIENTED_EDGE('',*,*,#5025,.F.);
#5051 = ORIENTED_EDGE('',*,*,#3882,.F.);
#5052 = ORIENTED_EDGE('',*,*,#5053,.T.);
#5053 = EDGE_CURVE('',#3854,#3819,#5054,.T.);
#5054 = SURFACE_CURVE('',#5055,(#5060,#5067),.PCURVE_S1.);
#5055 = CIRCLE('',#5056,0.7);
#5056 = AXIS2_PLACEMENT_3D('',#5057,#5058,#5059);
#5057 = CARTESIAN_POINT('',(16.5,-42.,431.));
#5058 = DIRECTION('',(1.,0.,0.));
#5059 = DIRECTION('',(0.,1.,0.));
#5060 = PCURVE('',#1290,#5061);
#5061 = DEFINITIONAL_REPRESENTATION('',(#5062),#5066);
#5062 = LINE('',#5063,#5064);
#5063 = CARTESIAN_POINT('',(-0.,-5.));
#5064 = VECTOR('',#5065,1.);
#5065 = DIRECTION('',(-1.,0.));
#5066 = ( GEOMETRIC_REPRESENTATION_CONTEXT(2) 
PARAMETRIC_REPRESENTATION_CONTEXT() REPRESENTATION_CONTEXT('2D SPACE',''
  ) );
#5067 = PCURVE('',#3870,#5068);
#5068 = DEFINITIONAL_REPRESENTATION('',(#5069),#5073);
#5069 = CIRCLE('',#5070,0.7);
#5070 = AXIS2_PLACEMENT_2D('',#5071,#5072);
#5071 = CARTESIAN_POINT('',(5.684341886081E-14,7.105427357601E-15));
#5072 = DIRECTION('',(0.,-1.));
#5073 = ( GEOMETRIC_REPRESENTATION_CONTEXT(2) 
PARAMETRIC_REPRESENTATION_CONTEXT() REPRESENTATION_CONTEXT('2D SPACE',''
  ) );
#5074 = ORIENTED_EDGE('',*,*,#3818,.F.);
#5075 = ORIENTED_EDGE('',*,*,#5076,.T.);
#5076 = EDGE_CURVE('',#3795,#1245,#5077,.T.);
#5077 = SURFACE_CURVE('',#5078,(#5082,#5088),.PCURVE_S1.);
#5078 = LINE('',#5079,#5080);
#5079 = CARTESIAN_POINT('',(11.5,-42.69947047873,431.02722222222));
#5080 = VECTOR('',#5081,1.);
#5081 = DIRECTION('',(-1.,-0.,-0.));
#5082 = PCURVE('',#1290,#5083);
#5083 = DEFINITIONAL_REPRESENTATION('',(#5084),#5087);
#5084 = B_SPLINE_CURVE_WITH_KNOTS('',1,(#5085,#5086),.UNSPECIFIED.,.F.,
  .F.,(2,2),(-4.5000006,5.999999999062E-07),.PIECEWISE_BEZIER_KNOTS.);
#5085 = CARTESIAN_POINT('',(-3.102693955783,-4.5000006));
#5086 = CARTESIAN_POINT('',(-3.102693955783,5.999999999062E-07));
#5087 = ( GEOMETRIC_REPRESENTATION_CONTEXT(2) 
PARAMETRIC_REPRESENTATION_CONTEXT() REPRESENTATION_CONTEXT('2D SPACE',''
  ) );
#5088 = PCURVE('',#1261,#5089);
#5089 = DEFINITIONAL_REPRESENTATION('',(#5090),#5093);
#5090 = B_SPLINE_CURVE_WITH_KNOTS('',1,(#5091,#5092),.UNSPECIFIED.,.F.,
  .F.,(2,2),(-4.5000006,5.999999999062E-07),.PIECEWISE_BEZIER_KNOTS.);
#5091 = CARTESIAN_POINT('',(-4.634591584772,-4.5000006));
#5092 = CARTESIAN_POINT('',(-4.634591584772,5.999999999062E-07));
#5093 = ( GEOMETRIC_REPRESENTATION_CONTEXT(2) 
PARAMETRIC_REPRESENTATION_CONTEXT() REPRESENTATION_CONTEXT('2D SPACE',''
  ) );
#5094 = ADVANCED_FACE('',(#5095),#1261,.T.);
#5095 = FACE_BOUND('',#5096,.F.);
#5096 = EDGE_LOOP('',(#5097,#5116,#5117,#5118));
#5097 = ORIENTED_EDGE('',*,*,#5098,.F.);
#5098 = EDGE_CURVE('',#3760,#1216,#5099,.T.);
#5099 = SURFACE_CURVE('',#5100,(#5104,#5110),.PCURVE_S1.);
#5100 = LINE('',#5101,#5102);
#5101 = CARTESIAN_POINT('',(11.5,-43.64668917622,431.1519259295));
#5102 = VECTOR('',#5103,1.);
#5103 = DIRECTION('',(-1.,-0.,-0.));
#5104 = PCURVE('',#1261,#5105);
#5105 = DEFINITIONAL_REPRESENTATION('',(#5106),#5109);
#5106 = B_SPLINE_CURVE_WITH_KNOTS('',1,(#5107,#5108),.UNSPECIFIED.,.F.,
  .F.,(2,2),(-4.5000006,5.999999999062E-07),.PIECEWISE_BEZIER_KNOTS.);
#5107 = CARTESIAN_POINT('',(-4.528386988198,-4.5000006));
#5108 = CARTESIAN_POINT('',(-4.528386988198,5.999999999062E-07));
#5109 = ( GEOMETRIC_REPRESENTATION_CONTEXT(2) 
PARAMETRIC_REPRESENTATION_CONTEXT() REPRESENTATION_CONTEXT('2D SPACE',''
  ) );
#5110 = PCURVE('',#1232,#5111);
#5111 = DEFINITIONAL_REPRESENTATION('',(#5112),#5115);
#5112 = B_SPLINE_CURVE_WITH_KNOTS('',1,(#5113,#5114),.UNSPECIFIED.,.F.,
  .F.,(2,2),(-4.5,-0.),.PIECEWISE_BEZIER_KNOTS.);
#5113 = CARTESIAN_POINT('',(-6.060284617187,-4.5));
#5114 = CARTESIAN_POINT('',(-6.060284617187,0.));
#5115 = ( GEOMETRIC_REPRESENTATION_CONTEXT(2) 
PARAMETRIC_REPRESENTATION_CONTEXT() REPRESENTATION_CONTEXT('2D SPACE',''
  ) );
#5116 = ORIENTED_EDGE('',*,*,#3794,.T.);
#5117 = ORIENTED_EDGE('',*,*,#5076,.T.);
#5118 = ORIENTED_EDGE('',*,*,#1244,.F.);
#5119 = ADVANCED_FACE('',(#5120),#1232,.F.);
#5120 = FACE_BOUND('',#5121,.T.);
#5121 = EDGE_LOOP('',(#5122,#5144,#5145,#5164,#5165,#5166));
#5122 = ORIENTED_EDGE('',*,*,#5123,.T.);
#5123 = EDGE_CURVE('',#3731,#3696,#5124,.T.);
#5124 = SURFACE_CURVE('',#5125,(#5130,#5137),.PCURVE_S1.);
#5125 = CIRCLE('',#5126,0.7);
#5126 = AXIS2_PLACEMENT_3D('',#5127,#5128,#5129);
#5127 = CARTESIAN_POINT('',(16.5,-44.32937140592,431.30666756339));
#5128 = DIRECTION('',(1.,-0.,0.));
#5129 = DIRECTION('',(0.,0.994980114522,-0.100072832007));
#5130 = PCURVE('',#1232,#5131);
#5131 = DEFINITIONAL_REPRESENTATION('',(#5132),#5136);
#5132 = LINE('',#5133,#5134);
#5133 = CARTESIAN_POINT('',(-6.182944686827,-5.));
#5134 = VECTOR('',#5135,1.);
#5135 = DIRECTION('',(-1.,0.));
#5136 = ( GEOMETRIC_REPRESENTATION_CONTEXT(2) 
PARAMETRIC_REPRESENTATION_CONTEXT() REPRESENTATION_CONTEXT('2D SPACE',''
  ) );
#5137 = PCURVE('',#3747,#5138);
#5138 = DEFINITIONAL_REPRESENTATION('',(#5139),#5143);
#5139 = CIRCLE('',#5140,0.7);
#5140 = AXIS2_PLACEMENT_2D('',#5141,#5142);
#5141 = CARTESIAN_POINT('',(0.,7.105427357601E-15));
#5142 = DIRECTION('',(-0.100072832007,-0.994980114522));
#5143 = ( GEOMETRIC_REPRESENTATION_CONTEXT(2) 
PARAMETRIC_REPRESENTATION_CONTEXT() REPRESENTATION_CONTEXT('2D SPACE',''
  ) );
#5144 = ORIENTED_EDGE('',*,*,#3695,.F.);
#5145 = ORIENTED_EDGE('',*,*,#5146,.T.);
#5146 = EDGE_CURVE('',#3672,#1187,#5147,.T.);
#5147 = SURFACE_CURVE('',#5148,(#5152,#5158),.PCURVE_S1.);
#5148 = LINE('',#5149,#5150);
#5149 = CARTESIAN_POINT('',(11.5,-44.99796237649,431.51399849227));
#5150 = VECTOR('',#5151,1.);
#5151 = DIRECTION('',(-1.,-0.,-0.));
#5152 = PCURVE('',#1232,#5153);
#5153 = DEFINITIONAL_REPRESENTATION('',(#5154),#5157);
#5154 = B_SPLINE_CURVE_WITH_KNOTS('',1,(#5155,#5156),.UNSPECIFIED.,.F.,
  .F.,(2,2),(-4.5,0.),.PIECEWISE_BEZIER_KNOTS.);
#5155 = CARTESIAN_POINT('',(-9.124079875164,-4.5));
#5156 = CARTESIAN_POINT('',(-9.124079875164,0.));
#5157 = ( GEOMETRIC_REPRESENTATION_CONTEXT(2) 
PARAMETRIC_REPRESENTATION_CONTEXT() REPRESENTATION_CONTEXT('2D SPACE',''
  ) );
#5158 = PCURVE('',#1203,#5159);
#5159 = DEFINITIONAL_REPRESENTATION('',(#5160),#5163);
#5160 = B_SPLINE_CURVE_WITH_KNOTS('',1,(#5161,#5162),.UNSPECIFIED.,.F.,
  .F.,(2,2),(-4.5000006,5.999999999062E-07),.PIECEWISE_BEZIER_KNOTS.);
#5161 = CARTESIAN_POINT('',(-4.372792196973,-4.5000006));
#5162 = CARTESIAN_POINT('',(-4.372792196973,5.999999999062E-07));
#5163 = ( GEOMETRIC_REPRESENTATION_CONTEXT(2) 
PARAMETRIC_REPRESENTATION_CONTEXT() REPRESENTATION_CONTEXT('2D SPACE',''
  ) );
#5164 = ORIENTED_EDGE('',*,*,#1215,.F.);
#5165 = ORIENTED_EDGE('',*,*,#5098,.F.);
#5166 = ORIENTED_EDGE('',*,*,#3759,.F.);
#5167 = ADVANCED_FACE('',(#5168),#1203,.T.);
#5168 = FACE_BOUND('',#5169,.F.);
#5169 = EDGE_LOOP('',(#5170,#5189,#5190,#5191));
#5170 = ORIENTED_EDGE('',*,*,#5171,.F.);
#5171 = EDGE_CURVE('',#3637,#1158,#5172,.T.);
#5172 = SURFACE_CURVE('',#5173,(#5177,#5183),.PCURVE_S1.);
#5173 = LINE('',#5174,#5175);
#5174 = CARTESIAN_POINT('',(11.5,-45.88062968511,431.87961126256));
#5175 = VECTOR('',#5176,1.);
#5176 = DIRECTION('',(-1.,-0.,-0.));
#5177 = PCURVE('',#1203,#5178);
#5178 = DEFINITIONAL_REPRESENTATION('',(#5179),#5182);
#5179 = B_SPLINE_CURVE_WITH_KNOTS('',1,(#5180,#5181),.UNSPECIFIED.,.F.,
  .F.,(2,2),(-4.5000006,5.999999999062E-07),.PIECEWISE_BEZIER_KNOTS.);
#5180 = CARTESIAN_POINT('',(-4.266587600399,-4.5000006));
#5181 = CARTESIAN_POINT('',(-4.266587600399,5.999999999062E-07));
#5182 = ( GEOMETRIC_REPRESENTATION_CONTEXT(2) 
PARAMETRIC_REPRESENTATION_CONTEXT() REPRESENTATION_CONTEXT('2D SPACE',''
  ) );
#5183 = PCURVE('',#1174,#5184);
#5184 = DEFINITIONAL_REPRESENTATION('',(#5185),#5188);
#5185 = B_SPLINE_CURVE_WITH_KNOTS('',1,(#5186,#5187),.UNSPECIFIED.,.F.,
  .F.,(2,2),(-4.5,0.),.PIECEWISE_BEZIER_KNOTS.);
#5186 = CARTESIAN_POINT('',(-5.798485229388,-4.5));
#5187 = CARTESIAN_POINT('',(-5.798485229388,0.));
#5188 = ( GEOMETRIC_REPRESENTATION_CONTEXT(2) 
PARAMETRIC_REPRESENTATION_CONTEXT() REPRESENTATION_CONTEXT('2D SPACE',''
  ) );
#5189 = ORIENTED_EDGE('',*,*,#3671,.T.);
#5190 = ORIENTED_EDGE('',*,*,#5146,.T.);
#5191 = ORIENTED_EDGE('',*,*,#1186,.F.);
#5192 = ADVANCED_FACE('',(#5193),#1174,.F.);
#5193 = FACE_BOUND('',#5194,.T.);
#5194 = EDGE_LOOP('',(#5195,#5217,#5218,#5237,#5238,#5239));
#5195 = ORIENTED_EDGE('',*,*,#5196,.T.);
#5196 = EDGE_CURVE('',#3608,#3573,#5197,.T.);
#5197 = SURFACE_CURVE('',#5198,(#5203,#5210),.PCURVE_S1.);
#5198 = CIRCLE('',#5199,0.7);
#5199 = AXIS2_PLACEMENT_3D('',#5200,#5201,#5202);
#5200 = CARTESIAN_POINT('',(16.5,-46.5,432.20577136594));
#5201 = DIRECTION('',(1.,-0.,0.));
#5202 = DIRECTION('',(0.,0.93517623444,-0.354182736082));
#5203 = PCURVE('',#1174,#5204);
#5204 = DEFINITIONAL_REPRESENTATION('',(#5205),#5209);
#5205 = LINE('',#5206,#5207);
#5206 = CARTESIAN_POINT('',(-5.921145299028,-5.));
#5207 = VECTOR('',#5208,1.);
#5208 = DIRECTION('',(-1.,0.));
#5209 = ( GEOMETRIC_REPRESENTATION_CONTEXT(2) 
PARAMETRIC_REPRESENTATION_CONTEXT() REPRESENTATION_CONTEXT('2D SPACE',''
  ) );
#5210 = PCURVE('',#3624,#5211);
#5211 = DEFINITIONAL_REPRESENTATION('',(#5212),#5216);
#5212 = CIRCLE('',#5213,0.7);
#5213 = AXIS2_PLACEMENT_2D('',#5214,#5215);
#5214 = CARTESIAN_POINT('',(5.684341886081E-14,7.105427357601E-15));
#5215 = DIRECTION('',(-0.354182736082,-0.93517623444));
#5216 = ( GEOMETRIC_REPRESENTATION_CONTEXT(2) 
PARAMETRIC_REPRESENTATION_CONTEXT() REPRESENTATION_CONTEXT('2D SPACE',''
  ) );
#5217 = ORIENTED_EDGE('',*,*,#3572,.F.);
#5218 = ORIENTED_EDGE('',*,*,#5219,.T.);
#5219 = EDGE_CURVE('',#3549,#1129,#5220,.T.);
#5220 = SURFACE_CURVE('',#5221,(#5225,#5231),.PCURVE_S1.);
#5221 = LINE('',#5222,#5223);
#5222 = CARTESIAN_POINT('',(11.5,-47.09214809266,432.57908174129));
#5223 = VECTOR('',#5224,1.);
#5224 = DIRECTION('',(-1.,-0.,-0.));
#5225 = PCURVE('',#1174,#5226);
#5226 = DEFINITIONAL_REPRESENTATION('',(#5227),#5230);
#5227 = B_SPLINE_CURVE_WITH_KNOTS('',1,(#5228,#5229),.UNSPECIFIED.,.F.,
  .F.,(2,2),(-4.5,-0.),.PIECEWISE_BEZIER_KNOTS.);
#5228 = CARTESIAN_POINT('',(-8.862280487365,-4.5));
#5229 = CARTESIAN_POINT('',(-8.862280487365,0.));
#5230 = ( GEOMETRIC_REPRESENTATION_CONTEXT(2) 
PARAMETRIC_REPRESENTATION_CONTEXT() REPRESENTATION_CONTEXT('2D SPACE',''
  ) );
#5231 = PCURVE('',#1145,#5232);
#5232 = DEFINITIONAL_REPRESENTATION('',(#5233),#5236);
#5233 = B_SPLINE_CURVE_WITH_KNOTS('',1,(#5234,#5235),.UNSPECIFIED.,.F.,
  .F.,(2,2),(-4.5000006,5.999999999062E-07),.PIECEWISE_BEZIER_KNOTS.);
#5234 = CARTESIAN_POINT('',(-4.110992809174,-4.5000006));
#5235 = CARTESIAN_POINT('',(-4.110992809174,5.999999999062E-07));
#5236 = ( GEOMETRIC_REPRESENTATION_CONTEXT(2) 
PARAMETRIC_REPRESENTATION_CONTEXT() REPRESENTATION_CONTEXT('2D SPACE',''
  ) );
#5237 = ORIENTED_EDGE('',*,*,#1157,.F.);
#5238 = ORIENTED_EDGE('',*,*,#5171,.F.);
#5239 = ORIENTED_EDGE('',*,*,#3636,.F.);
#5240 = ADVANCED_FACE('',(#5241),#1145,.T.);
#5241 = FACE_BOUND('',#5242,.F.);
#5242 = EDGE_LOOP('',(#5243,#5262,#5263,#5264));
#5243 = ORIENTED_EDGE('',*,*,#5244,.F.);
#5244 = EDGE_CURVE('',#3499,#1100,#5245,.T.);
#5245 = SURFACE_CURVE('',#5246,(#5250,#5256),.PCURVE_S1.);
#5246 = LINE('',#5247,#5248);
#5247 = CARTESIAN_POINT('',(11.5,-47.85011169399,433.1606876685));
#5248 = VECTOR('',#5249,1.);
#5249 = DIRECTION('',(-1.,-0.,-0.));
#5250 = PCURVE('',#1145,#5251);
#5251 = DEFINITIONAL_REPRESENTATION('',(#5252),#5255);
#5252 = B_SPLINE_CURVE_WITH_KNOTS('',1,(#5253,#5254),.UNSPECIFIED.,.F.,
  .F.,(2,2),(-4.5000006,5.999999999062E-07),.PIECEWISE_BEZIER_KNOTS.);
#5253 = CARTESIAN_POINT('',(-4.0047882126,-4.5000006));
#5254 = CARTESIAN_POINT('',(-4.0047882126,5.999999999062E-07));
#5255 = ( GEOMETRIC_REPRESENTATION_CONTEXT(2) 
PARAMETRIC_REPRESENTATION_CONTEXT() REPRESENTATION_CONTEXT('2D SPACE',''
  ) );
#5256 = PCURVE('',#1116,#5257);
#5257 = DEFINITIONAL_REPRESENTATION('',(#5258),#5261);
#5258 = B_SPLINE_CURVE_WITH_KNOTS('',1,(#5259,#5260),.UNSPECIFIED.,.F.,
  .F.,(2,2),(-4.5,0.),.PIECEWISE_BEZIER_KNOTS.);
#5259 = CARTESIAN_POINT('',(-5.536685841589,-4.5));
#5260 = CARTESIAN_POINT('',(-5.536685841589,0.));
#5261 = ( GEOMETRIC_REPRESENTATION_CONTEXT(2) 
PARAMETRIC_REPRESENTATION_CONTEXT() REPRESENTATION_CONTEXT('2D SPACE',''
  ) );
#5262 = ORIENTED_EDGE('',*,*,#3548,.T.);
#5263 = ORIENTED_EDGE('',*,*,#5219,.T.);
#5264 = ORIENTED_EDGE('',*,*,#1128,.F.);
#5265 = ADVANCED_FACE('',(#5266),#1116,.F.);
#5266 = FACE_BOUND('',#5267,.T.);
#5267 = EDGE_LOOP('',(#5268,#5290,#5291,#5310,#5311,#5312));
#5268 = ORIENTED_EDGE('',*,*,#5269,.T.);
#5269 = EDGE_CURVE('',#3470,#3435,#5270,.T.);
#5270 = SURFACE_CURVE('',#5271,(#5276,#5283),.PCURVE_S1.);
#5271 = CIRCLE('',#5272,0.7);
#5272 = AXIS2_PLACEMENT_3D('',#5273,#5274,#5275);
#5273 = CARTESIAN_POINT('',(16.5,-48.36396103067,433.63603896932));
#5274 = DIRECTION('',(1.,-0.,0.));
#5275 = DIRECTION('',(0.,0.811641639433,-0.584155672008));
#5276 = PCURVE('',#1116,#5277);
#5277 = DEFINITIONAL_REPRESENTATION('',(#5278),#5282);
#5278 = LINE('',#5279,#5280);
#5279 = CARTESIAN_POINT('',(-5.659345911229,-5.));
#5280 = VECTOR('',#5281,1.);
#5281 = DIRECTION('',(-1.,0.));
#5282 = ( GEOMETRIC_REPRESENTATION_CONTEXT(2) 
PARAMETRIC_REPRESENTATION_CONTEXT() REPRESENTATION_CONTEXT('2D SPACE',''
  ) );
#5283 = PCURVE('',#3486,#5284);
#5284 = DEFINITIONAL_REPRESENTATION('',(#5285),#5289);
#5285 = CIRCLE('',#5286,0.7);
#5286 = AXIS2_PLACEMENT_2D('',#5287,#5288);
#5287 = CARTESIAN_POINT('',(0.,7.105427357601E-15));
#5288 = DIRECTION('',(-0.584155672008,-0.811641639433));
#5289 = ( GEOMETRIC_REPRESENTATION_CONTEXT(2) 
PARAMETRIC_REPRESENTATION_CONTEXT() REPRESENTATION_CONTEXT('2D SPACE',''
  ) );
#5290 = ORIENTED_EDGE('',*,*,#3434,.F.);
#5291 = ORIENTED_EDGE('',*,*,#5292,.T.);
#5292 = EDGE_CURVE('',#3411,#1071,#5293,.T.);
#5293 = SURFACE_CURVE('',#5294,(#5298,#5304),.PCURVE_S1.);
#5294 = LINE('',#5295,#5296);
#5295 = CARTESIAN_POINT('',(11.5,-48.83931233149,434.149888306));
#5296 = VECTOR('',#5297,1.);
#5297 = DIRECTION('',(-1.,-0.,-0.));
#5298 = PCURVE('',#1116,#5299);
#5299 = DEFINITIONAL_REPRESENTATION('',(#5300),#5303);
#5300 = B_SPLINE_CURVE_WITH_KNOTS('',1,(#5301,#5302),.UNSPECIFIED.,.F.,
  .F.,(2,2),(-4.5,-0.),.PIECEWISE_BEZIER_KNOTS.);
#5301 = CARTESIAN_POINT('',(-8.600481099566,-4.5));
#5302 = CARTESIAN_POINT('',(-8.600481099566,0.));
#5303 = ( GEOMETRIC_REPRESENTATION_CONTEXT(2) 
PARAMETRIC_REPRESENTATION_CONTEXT() REPRESENTATION_CONTEXT('2D SPACE',''
  ) );
#5304 = PCURVE('',#1087,#5305);
#5305 = DEFINITIONAL_REPRESENTATION('',(#5306),#5309);
#5306 = B_SPLINE_CURVE_WITH_KNOTS('',1,(#5307,#5308),.UNSPECIFIED.,.F.,
  .F.,(2,2),(-4.5000006,5.999999999062E-07),.PIECEWISE_BEZIER_KNOTS.);
#5307 = CARTESIAN_POINT('',(-3.849193421374,-4.5000006));
#5308 = CARTESIAN_POINT('',(-3.849193421374,5.999999999062E-07));
#5309 = ( GEOMETRIC_REPRESENTATION_CONTEXT(2) 
PARAMETRIC_REPRESENTATION_CONTEXT() REPRESENTATION_CONTEXT('2D SPACE',''
  ) );
#5310 = ORIENTED_EDGE('',*,*,#1099,.F.);
#5311 = ORIENTED_EDGE('',*,*,#5244,.F.);
#5312 = ORIENTED_EDGE('',*,*,#3498,.F.);
#5313 = ADVANCED_FACE('',(#5314),#1087,.T.);
#5314 = FACE_BOUND('',#5315,.F.);
#5315 = EDGE_LOOP('',(#5316,#5335,#5336,#5337));
#5316 = ORIENTED_EDGE('',*,*,#5317,.F.);
#5317 = EDGE_CURVE('',#3376,#1042,#5318,.T.);
#5318 = SURFACE_CURVE('',#5319,(#5323,#5329),.PCURVE_S1.);
#5319 = LINE('',#5320,#5321);
#5320 = CARTESIAN_POINT('',(11.5,-49.4209182587,434.90785190733));
#5321 = VECTOR('',#5322,1.);
#5322 = DIRECTION('',(-1.,-0.,-0.));
#5323 = PCURVE('',#1087,#5324);
#5324 = DEFINITIONAL_REPRESENTATION('',(#5325),#5328);
#5325 = B_SPLINE_CURVE_WITH_KNOTS('',1,(#5326,#5327),.UNSPECIFIED.,.F.,
  .F.,(2,2),(-4.5000006,5.999999999062E-07),.PIECEWISE_BEZIER_KNOTS.);
#5326 = CARTESIAN_POINT('',(-3.742988824801,-4.5000006));
#5327 = CARTESIAN_POINT('',(-3.742988824801,5.999999999062E-07));
#5328 = ( GEOMETRIC_REPRESENTATION_CONTEXT(2) 
PARAMETRIC_REPRESENTATION_CONTEXT() REPRESENTATION_CONTEXT('2D SPACE',''
  ) );
#5329 = PCURVE('',#1058,#5330);
#5330 = DEFINITIONAL_REPRESENTATION('',(#5331),#5334);
#5331 = B_SPLINE_CURVE_WITH_KNOTS('',1,(#5332,#5333),.UNSPECIFIED.,.F.,
  .F.,(2,2),(-4.5,0.),.PIECEWISE_BEZIER_KNOTS.);
#5332 = CARTESIAN_POINT('',(-5.274886453789,-4.5));
#5333 = CARTESIAN_POINT('',(-5.274886453789,0.));
#5334 = ( GEOMETRIC_REPRESENTATION_CONTEXT(2) 
PARAMETRIC_REPRESENTATION_CONTEXT() REPRESENTATION_CONTEXT('2D SPACE',''
  ) );
#5335 = ORIENTED_EDGE('',*,*,#3410,.T.);
#5336 = ORIENTED_EDGE('',*,*,#5292,.T.);
#5337 = ORIENTED_EDGE('',*,*,#1070,.F.);
#5338 = ADVANCED_FACE('',(#5339),#1058,.F.);
#5339 = FACE_BOUND('',#5340,.T.);
#5340 = EDGE_LOOP('',(#5341,#5363,#5364,#5383,#5384,#5385));
#5341 = ORIENTED_EDGE('',*,*,#5342,.T.);
#5342 = EDGE_CURVE('',#3347,#3312,#5343,.T.);
#5343 = SURFACE_CURVE('',#5344,(#5349,#5356),.PCURVE_S1.);
#5344 = CIRCLE('',#5345,0.7);
#5345 = AXIS2_PLACEMENT_3D('',#5346,#5347,#5348);
#5346 = CARTESIAN_POINT('',(16.5,-49.79422863406,435.5));
#5347 = DIRECTION('',(1.,-0.,0.));
#5348 = DIRECTION('',(0.,0.632795007999,-0.774319364249));
#5349 = PCURVE('',#1058,#5350);
#5350 = DEFINITIONAL_REPRESENTATION('',(#5351),#5355);
#5351 = LINE('',#5352,#5353);
#5352 = CARTESIAN_POINT('',(-5.39754652343,-5.));
#5353 = VECTOR('',#5354,1.);
#5354 = DIRECTION('',(-1.,0.));
#5355 = ( GEOMETRIC_REPRESENTATION_CONTEXT(2) 
PARAMETRIC_REPRESENTATION_CONTEXT() REPRESENTATION_CONTEXT('2D SPACE',''
  ) );
#5356 = PCURVE('',#3363,#5357);
#5357 = DEFINITIONAL_REPRESENTATION('',(#5358),#5362);
#5358 = CIRCLE('',#5359,0.7);
#5359 = AXIS2_PLACEMENT_2D('',#5360,#5361);
#5360 = CARTESIAN_POINT('',(-5.684341886081E-14,7.105427357601E-15));
#5361 = DIRECTION('',(-0.774319364249,-0.632795007999));
#5362 = ( GEOMETRIC_REPRESENTATION_CONTEXT(2) 
PARAMETRIC_REPRESENTATION_CONTEXT() REPRESENTATION_CONTEXT('2D SPACE',''
  ) );
#5363 = ORIENTED_EDGE('',*,*,#3311,.F.);
#5364 = ORIENTED_EDGE('',*,*,#5365,.T.);
#5365 = EDGE_CURVE('',#3288,#1013,#5366,.T.);
#5366 = SURFACE_CURVE('',#5367,(#5371,#5377),.PCURVE_S1.);
#5367 = LINE('',#5368,#5369);
#5368 = CARTESIAN_POINT('',(11.5,-50.12038873743,436.11937031489));
#5369 = VECTOR('',#5370,1.);
#5370 = DIRECTION('',(-1.,-0.,-0.));
#5371 = PCURVE('',#1058,#5372);
#5372 = DEFINITIONAL_REPRESENTATION('',(#5373),#5376);
#5373 = B_SPLINE_CURVE_WITH_KNOTS('',1,(#5374,#5375),.UNSPECIFIED.,.F.,
  .F.,(2,2),(-4.5,-0.),.PIECEWISE_BEZIER_KNOTS.);
#5374 = CARTESIAN_POINT('',(-8.338681711766,-4.5));
#5375 = CARTESIAN_POINT('',(-8.338681711766,0.));
#5376 = ( GEOMETRIC_REPRESENTATION_CONTEXT(2) 
PARAMETRIC_REPRESENTATION_CONTEXT() REPRESENTATION_CONTEXT('2D SPACE',''
  ) );
#5377 = PCURVE('',#1029,#5378);
#5378 = DEFINITIONAL_REPRESENTATION('',(#5379),#5382);
#5379 = B_SPLINE_CURVE_WITH_KNOTS('',1,(#5380,#5381),.UNSPECIFIED.,.F.,
  .F.,(2,2),(-4.5000006,5.999999999062E-07),.PIECEWISE_BEZIER_KNOTS.);
#5380 = CARTESIAN_POINT('',(-3.587394033575,-4.5000006));
#5381 = CARTESIAN_POINT('',(-3.587394033575,5.999999999062E-07));
#5382 = ( GEOMETRIC_REPRESENTATION_CONTEXT(2) 
PARAMETRIC_REPRESENTATION_CONTEXT() REPRESENTATION_CONTEXT('2D SPACE',''
  ) );
#5383 = ORIENTED_EDGE('',*,*,#1041,.F.);
#5384 = ORIENTED_EDGE('',*,*,#5317,.F.);
#5385 = ORIENTED_EDGE('',*,*,#3375,.F.);
#5386 = ADVANCED_FACE('',(#5387),#1029,.T.);
#5387 = FACE_BOUND('',#5388,.F.);
#5388 = EDGE_LOOP('',(#5389,#5408,#5409,#5410));
#5389 = ORIENTED_EDGE('',*,*,#5390,.F.);
#5390 = EDGE_CURVE('',#3238,#984,#5391,.T.);
#5391 = SURFACE_CURVE('',#5392,(#5396,#5402),.PCURVE_S1.);
#5392 = LINE('',#5393,#5394);
#5393 = CARTESIAN_POINT('',(11.5,-50.48600150772,437.0020376235));
#5394 = VECTOR('',#5395,1.);
#5395 = DIRECTION('',(-1.,-0.,-0.));
#5396 = PCURVE('',#1029,#5397);
#5397 = DEFINITIONAL_REPRESENTATION('',(#5398),#5401);
#5398 = B_SPLINE_CURVE_WITH_KNOTS('',1,(#5399,#5400),.UNSPECIFIED.,.F.,
  .F.,(2,2),(-4.5000006,5.999999999062E-07),.PIECEWISE_BEZIER_KNOTS.);
#5399 = CARTESIAN_POINT('',(-3.481189437002,-4.5000006));
#5400 = CARTESIAN_POINT('',(-3.481189437002,5.999999999062E-07));
#5401 = ( GEOMETRIC_REPRESENTATION_CONTEXT(2) 
PARAMETRIC_REPRESENTATION_CONTEXT() REPRESENTATION_CONTEXT('2D SPACE',''
  ) );
#5402 = PCURVE('',#1000,#5403);
#5403 = DEFINITIONAL_REPRESENTATION('',(#5404),#5407);
#5404 = B_SPLINE_CURVE_WITH_KNOTS('',1,(#5405,#5406),.UNSPECIFIED.,.F.,
  .F.,(2,2),(-4.5,-0.),.PIECEWISE_BEZIER_KNOTS.);
#5405 = CARTESIAN_POINT('',(-5.01308706599,-4.5));
#5406 = CARTESIAN_POINT('',(-5.01308706599,0.));
#5407 = ( GEOMETRIC_REPRESENTATION_CONTEXT(2) 
PARAMETRIC_REPRESENTATION_CONTEXT() REPRESENTATION_CONTEXT('2D SPACE',''
  ) );
#5408 = ORIENTED_EDGE('',*,*,#3287,.T.);
#5409 = ORIENTED_EDGE('',*,*,#5365,.T.);
#5410 = ORIENTED_EDGE('',*,*,#1012,.F.);
#5411 = ADVANCED_FACE('',(#5412),#1000,.F.);
#5412 = FACE_BOUND('',#5413,.T.);
#5413 = EDGE_LOOP('',(#5414,#5436,#5437,#5456,#5457,#5458));
#5414 = ORIENTED_EDGE('',*,*,#5415,.T.);
#5415 = EDGE_CURVE('',#3209,#3174,#5416,.T.);
#5416 = SURFACE_CURVE('',#5417,(#5422,#5429),.PCURVE_S1.);
#5417 = CIRCLE('',#5418,0.7);
#5418 = AXIS2_PLACEMENT_3D('',#5419,#5420,#5421);
#5419 = CARTESIAN_POINT('',(16.5,-50.6933324366,437.67062859407));
#5420 = DIRECTION('',(1.,-0.,0.));
#5421 = DIRECTION('',(0.,0.410824442514,-0.91171447144));
#5422 = PCURVE('',#1000,#5423);
#5423 = DEFINITIONAL_REPRESENTATION('',(#5424),#5428);
#5424 = LINE('',#5425,#5426);
#5425 = CARTESIAN_POINT('',(-5.135747135631,-5.));
#5426 = VECTOR('',#5427,1.);
#5427 = DIRECTION('',(-1.,0.));
#5428 = ( GEOMETRIC_REPRESENTATION_CONTEXT(2) 
PARAMETRIC_REPRESENTATION_CONTEXT() REPRESENTATION_CONTEXT('2D SPACE',''
  ) );
#5429 = PCURVE('',#3225,#5430);
#5430 = DEFINITIONAL_REPRESENTATION('',(#5431),#5435);
#5431 = CIRCLE('',#5432,0.7);
#5432 = AXIS2_PLACEMENT_2D('',#5433,#5434);
#5433 = CARTESIAN_POINT('',(0.,0.));
#5434 = DIRECTION('',(-0.91171447144,-0.410824442514));
#5435 = ( GEOMETRIC_REPRESENTATION_CONTEXT(2) 
PARAMETRIC_REPRESENTATION_CONTEXT() REPRESENTATION_CONTEXT('2D SPACE',''
  ) );
#5436 = ORIENTED_EDGE('',*,*,#3173,.F.);
#5437 = ORIENTED_EDGE('',*,*,#5438,.T.);
#5438 = EDGE_CURVE('',#3150,#955,#5439,.T.);
#5439 = SURFACE_CURVE('',#5440,(#5444,#5450),.PCURVE_S1.);
#5440 = LINE('',#5441,#5442);
#5441 = CARTESIAN_POINT('',(11.5,-50.84807407049,438.35331082377));
#5442 = VECTOR('',#5443,1.);
#5443 = DIRECTION('',(-1.,-0.,-0.));
#5444 = PCURVE('',#1000,#5445);
#5445 = DEFINITIONAL_REPRESENTATION('',(#5446),#5449);
#5446 = B_SPLINE_CURVE_WITH_KNOTS('',1,(#5447,#5448),.UNSPECIFIED.,.F.,
  .F.,(2,2),(-4.5,-0.),.PIECEWISE_BEZIER_KNOTS.);
#5447 = CARTESIAN_POINT('',(-8.076882323967,-4.5));
#5448 = CARTESIAN_POINT('',(-8.076882323967,0.));
#5449 = ( GEOMETRIC_REPRESENTATION_CONTEXT(2) 
PARAMETRIC_REPRESENTATION_CONTEXT() REPRESENTATION_CONTEXT('2D SPACE',''
  ) );
#5450 = PCURVE('',#971,#5451);
#5451 = DEFINITIONAL_REPRESENTATION('',(#5452),#5455);
#5452 = B_SPLINE_CURVE_WITH_KNOTS('',1,(#5453,#5454),.UNSPECIFIED.,.F.,
  .F.,(2,2),(-4.5000006,5.999999999062E-07),.PIECEWISE_BEZIER_KNOTS.);
#5453 = CARTESIAN_POINT('',(-3.325594645776,-4.5000006));
#5454 = CARTESIAN_POINT('',(-3.325594645776,5.999999999062E-07));
#5455 = ( GEOMETRIC_REPRESENTATION_CONTEXT(2) 
PARAMETRIC_REPRESENTATION_CONTEXT() REPRESENTATION_CONTEXT('2D SPACE',''
  ) );
#5456 = ORIENTED_EDGE('',*,*,#983,.F.);
#5457 = ORIENTED_EDGE('',*,*,#5390,.F.);
#5458 = ORIENTED_EDGE('',*,*,#3237,.F.);
#5459 = ADVANCED_FACE('',(#5460),#971,.T.);
#5460 = FACE_BOUND('',#5461,.F.);
#5461 = EDGE_LOOP('',(#5462,#5481,#5482,#5483));
#5462 = ORIENTED_EDGE('',*,*,#5463,.F.);
#5463 = EDGE_CURVE('',#3115,#926,#5464,.T.);
#5464 = SURFACE_CURVE('',#5465,(#5469,#5475),.PCURVE_S1.);
#5465 = LINE('',#5466,#5467);
#5466 = CARTESIAN_POINT('',(11.5,-50.97277777777,439.30052952126));
#5467 = VECTOR('',#5468,1.);
#5468 = DIRECTION('',(-1.,-0.,-0.));
#5469 = PCURVE('',#971,#5470);
#5470 = DEFINITIONAL_REPRESENTATION('',(#5471),#5474);
#5471 = B_SPLINE_CURVE_WITH_KNOTS('',1,(#5472,#5473),.UNSPECIFIED.,.F.,
  .F.,(2,2),(-4.5000006,5.999999999062E-07),.PIECEWISE_BEZIER_KNOTS.);
#5472 = CARTESIAN_POINT('',(-3.219390049203,-4.5000006));
#5473 = CARTESIAN_POINT('',(-3.219390049203,5.999999999062E-07));
#5474 = ( GEOMETRIC_REPRESENTATION_CONTEXT(2) 
PARAMETRIC_REPRESENTATION_CONTEXT() REPRESENTATION_CONTEXT('2D SPACE',''
  ) );
#5475 = PCURVE('',#942,#5476);
#5476 = DEFINITIONAL_REPRESENTATION('',(#5477),#5480);
#5477 = B_SPLINE_CURVE_WITH_KNOTS('',1,(#5478,#5479),.UNSPECIFIED.,.F.,
  .F.,(2,2),(-4.5,-0.),.PIECEWISE_BEZIER_KNOTS.);
#5478 = CARTESIAN_POINT('',(-4.751287678191,-4.5));
#5479 = CARTESIAN_POINT('',(-4.751287678191,0.));
#5480 = ( GEOMETRIC_REPRESENTATION_CONTEXT(2) 
PARAMETRIC_REPRESENTATION_CONTEXT() REPRESENTATION_CONTEXT('2D SPACE',''
  ) );
#5481 = ORIENTED_EDGE('',*,*,#3149,.T.);
#5482 = ORIENTED_EDGE('',*,*,#5438,.T.);
#5483 = ORIENTED_EDGE('',*,*,#954,.F.);
#5484 = ADVANCED_FACE('',(#5485),#942,.F.);
#5485 = FACE_BOUND('',#5486,.T.);
#5486 = EDGE_LOOP('',(#5487,#5509,#5510,#5529,#5530,#5531));
#5487 = ORIENTED_EDGE('',*,*,#5488,.T.);
#5488 = EDGE_CURVE('',#3086,#3051,#5489,.T.);
#5489 = SURFACE_CURVE('',#5490,(#5495,#5502),.PCURVE_S1.);
#5490 = CIRCLE('',#5491,0.7);
#5491 = AXIS2_PLACEMENT_3D('',#5492,#5493,#5494);
#5492 = CARTESIAN_POINT('',(16.5,-51.,440.));
#5493 = DIRECTION('',(1.,-0.,0.));
#5494 = DIRECTION('',(0.,0.160856870191,-0.986977744082));
#5495 = PCURVE('',#942,#5496);
#5496 = DEFINITIONAL_REPRESENTATION('',(#5497),#5501);
#5497 = LINE('',#5498,#5499);
#5498 = CARTESIAN_POINT('',(-4.873947747831,-5.));
#5499 = VECTOR('',#5500,1.);
#5500 = DIRECTION('',(-1.,0.));
#5501 = ( GEOMETRIC_REPRESENTATION_CONTEXT(2) 
PARAMETRIC_REPRESENTATION_CONTEXT() REPRESENTATION_CONTEXT('2D SPACE',''
  ) );
#5502 = PCURVE('',#3102,#5503);
#5503 = DEFINITIONAL_REPRESENTATION('',(#5504),#5508);
#5504 = CIRCLE('',#5505,0.7);
#5505 = AXIS2_PLACEMENT_2D('',#5506,#5507);
#5506 = CARTESIAN_POINT('',(5.684341886081E-14,7.105427357601E-15));
#5507 = DIRECTION('',(-0.986977744082,-0.160856870191));
#5508 = ( GEOMETRIC_REPRESENTATION_CONTEXT(2) 
PARAMETRIC_REPRESENTATION_CONTEXT() REPRESENTATION_CONTEXT('2D SPACE',''
  ) );
#5509 = ORIENTED_EDGE('',*,*,#3050,.F.);
#5510 = ORIENTED_EDGE('',*,*,#5511,.T.);
#5511 = EDGE_CURVE('',#3027,#897,#5512,.T.);
#5512 = SURFACE_CURVE('',#5513,(#5517,#5523),.PCURVE_S1.);
#5513 = LINE('',#5514,#5515);
#5514 = CARTESIAN_POINT('',(11.5,-50.97277777777,440.69947047873));
#5515 = VECTOR('',#5516,1.);
#5516 = DIRECTION('',(-1.,-0.,-0.));
#5517 = PCURVE('',#942,#5518);
#5518 = DEFINITIONAL_REPRESENTATION('',(#5519),#5522);
#5519 = B_SPLINE_CURVE_WITH_KNOTS('',1,(#5520,#5521),.UNSPECIFIED.,.F.,
  .F.,(2,2),(-4.5,0.),.PIECEWISE_BEZIER_KNOTS.);
#5520 = CARTESIAN_POINT('',(-7.815082936168,-4.5));
#5521 = CARTESIAN_POINT('',(-7.815082936168,0.));
#5522 = ( GEOMETRIC_REPRESENTATION_CONTEXT(2) 
PARAMETRIC_REPRESENTATION_CONTEXT() REPRESENTATION_CONTEXT('2D SPACE',''
  ) );
#5523 = PCURVE('',#913,#5524);
#5524 = DEFINITIONAL_REPRESENTATION('',(#5525),#5528);
#5525 = B_SPLINE_CURVE_WITH_KNOTS('',1,(#5526,#5527),.UNSPECIFIED.,.F.,
  .F.,(2,2),(-4.5000006,5.999999999062E-07),.PIECEWISE_BEZIER_KNOTS.);
#5526 = CARTESIAN_POINT('',(-3.063795257977,-4.5000006));
#5527 = CARTESIAN_POINT('',(-3.063795257977,5.999999999062E-07));
#5528 = ( GEOMETRIC_REPRESENTATION_CONTEXT(2) 
PARAMETRIC_REPRESENTATION_CONTEXT() REPRESENTATION_CONTEXT('2D SPACE',''
  ) );
#5529 = ORIENTED_EDGE('',*,*,#925,.F.);
#5530 = ORIENTED_EDGE('',*,*,#5463,.F.);
#5531 = ORIENTED_EDGE('',*,*,#3114,.F.);
#5532 = ADVANCED_FACE('',(#5533),#913,.T.);
#5533 = FACE_BOUND('',#5534,.F.);
#5534 = EDGE_LOOP('',(#5535,#5554,#5555,#5556));
#5535 = ORIENTED_EDGE('',*,*,#5536,.F.);
#5536 = EDGE_CURVE('',#2977,#868,#5537,.T.);
#5537 = SURFACE_CURVE('',#5538,(#5542,#5548),.PCURVE_S1.);
#5538 = LINE('',#5539,#5540);
#5539 = CARTESIAN_POINT('',(11.5,-50.84807407049,441.64668917622));
#5540 = VECTOR('',#5541,1.);
#5541 = DIRECTION('',(-1.,-0.,-0.));
#5542 = PCURVE('',#913,#5543);
#5543 = DEFINITIONAL_REPRESENTATION('',(#5544),#5547);
#5544 = B_SPLINE_CURVE_WITH_KNOTS('',1,(#5545,#5546),.UNSPECIFIED.,.F.,
  .F.,(2,2),(-4.5000006,5.999999999062E-07),.PIECEWISE_BEZIER_KNOTS.);
#5545 = CARTESIAN_POINT('',(-2.957590661403,-4.5000006));
#5546 = CARTESIAN_POINT('',(-2.957590661403,5.999999999062E-07));
#5547 = ( GEOMETRIC_REPRESENTATION_CONTEXT(2) 
PARAMETRIC_REPRESENTATION_CONTEXT() REPRESENTATION_CONTEXT('2D SPACE',''
  ) );
#5548 = PCURVE('',#884,#5549);
#5549 = DEFINITIONAL_REPRESENTATION('',(#5550),#5553);
#5550 = B_SPLINE_CURVE_WITH_KNOTS('',1,(#5551,#5552),.UNSPECIFIED.,.F.,
  .F.,(2,2),(-4.5,-0.),.PIECEWISE_BEZIER_KNOTS.);
#5551 = CARTESIAN_POINT('',(-4.489488290392,-4.5));
#5552 = CARTESIAN_POINT('',(-4.489488290392,0.));
#5553 = ( GEOMETRIC_REPRESENTATION_CONTEXT(2) 
PARAMETRIC_REPRESENTATION_CONTEXT() REPRESENTATION_CONTEXT('2D SPACE',''
  ) );
#5554 = ORIENTED_EDGE('',*,*,#3026,.T.);
#5555 = ORIENTED_EDGE('',*,*,#5511,.T.);
#5556 = ORIENTED_EDGE('',*,*,#896,.F.);
#5557 = ADVANCED_FACE('',(#5558),#884,.F.);
#5558 = FACE_BOUND('',#5559,.T.);
#5559 = EDGE_LOOP('',(#5560,#5582,#5583,#5602,#5603,#5604));
#5560 = ORIENTED_EDGE('',*,*,#5561,.T.);
#5561 = EDGE_CURVE('',#2948,#2913,#5562,.T.);
#5562 = SURFACE_CURVE('',#5563,(#5568,#5575),.PCURVE_S1.);
#5563 = CIRCLE('',#5564,0.7);
#5564 = AXIS2_PLACEMENT_3D('',#5565,#5566,#5567);
#5565 = CARTESIAN_POINT('',(16.5,-50.6933324366,442.32937140592));
#5566 = DIRECTION('',(1.,0.,0.));
#5567 = DIRECTION('',(0.,-0.100072832007,-0.994980114522));
#5568 = PCURVE('',#884,#5569);
#5569 = DEFINITIONAL_REPRESENTATION('',(#5570),#5574);
#5570 = LINE('',#5571,#5572);
#5571 = CARTESIAN_POINT('',(-4.612148360032,-5.));
#5572 = VECTOR('',#5573,1.);
#5573 = DIRECTION('',(-1.,0.));
#5574 = ( GEOMETRIC_REPRESENTATION_CONTEXT(2) 
PARAMETRIC_REPRESENTATION_CONTEXT() REPRESENTATION_CONTEXT('2D SPACE',''
  ) );
#5575 = PCURVE('',#2964,#5576);
#5576 = DEFINITIONAL_REPRESENTATION('',(#5577),#5581);
#5577 = CIRCLE('',#5578,0.7);
#5578 = AXIS2_PLACEMENT_2D('',#5579,#5580);
#5579 = CARTESIAN_POINT('',(0.,0.));
#5580 = DIRECTION('',(-0.994980114522,0.100072832007));
#5581 = ( GEOMETRIC_REPRESENTATION_CONTEXT(2) 
PARAMETRIC_REPRESENTATION_CONTEXT() REPRESENTATION_CONTEXT('2D SPACE',''
  ) );
#5582 = ORIENTED_EDGE('',*,*,#2912,.F.);
#5583 = ORIENTED_EDGE('',*,*,#5584,.T.);
#5584 = EDGE_CURVE('',#2889,#839,#5585,.T.);
#5585 = SURFACE_CURVE('',#5586,(#5590,#5596),.PCURVE_S1.);
#5586 = LINE('',#5587,#5588);
#5587 = CARTESIAN_POINT('',(11.5,-50.48600150772,442.99796237649));
#5588 = VECTOR('',#5589,1.);
#5589 = DIRECTION('',(-1.,-0.,-0.));
#5590 = PCURVE('',#884,#5591);
#5591 = DEFINITIONAL_REPRESENTATION('',(#5592),#5595);
#5592 = B_SPLINE_CURVE_WITH_KNOTS('',1,(#5593,#5594),.UNSPECIFIED.,.F.,
  .F.,(2,2),(-4.5,-0.),.PIECEWISE_BEZIER_KNOTS.);
#5593 = CARTESIAN_POINT('',(-7.553283548369,-4.5));
#5594 = CARTESIAN_POINT('',(-7.553283548369,0.));
#5595 = ( GEOMETRIC_REPRESENTATION_CONTEXT(2) 
PARAMETRIC_REPRESENTATION_CONTEXT() REPRESENTATION_CONTEXT('2D SPACE',''
  ) );
#5596 = PCURVE('',#855,#5597);
#5597 = DEFINITIONAL_REPRESENTATION('',(#5598),#5601);
#5598 = B_SPLINE_CURVE_WITH_KNOTS('',1,(#5599,#5600),.UNSPECIFIED.,.F.,
  .F.,(2,2),(-4.5000006,5.999999999062E-07),.PIECEWISE_BEZIER_KNOTS.);
#5599 = CARTESIAN_POINT('',(-2.801995870178,-4.5000006));
#5600 = CARTESIAN_POINT('',(-2.801995870178,5.999999999062E-07));
#5601 = ( GEOMETRIC_REPRESENTATION_CONTEXT(2) 
PARAMETRIC_REPRESENTATION_CONTEXT() REPRESENTATION_CONTEXT('2D SPACE',''
  ) );
#5602 = ORIENTED_EDGE('',*,*,#867,.F.);
#5603 = ORIENTED_EDGE('',*,*,#5536,.F.);
#5604 = ORIENTED_EDGE('',*,*,#2976,.F.);
#5605 = ADVANCED_FACE('',(#5606),#855,.T.);
#5606 = FACE_BOUND('',#5607,.F.);
#5607 = EDGE_LOOP('',(#5608,#5627,#5628,#5629));
#5608 = ORIENTED_EDGE('',*,*,#5609,.F.);
#5609 = EDGE_CURVE('',#2854,#810,#5610,.T.);
#5610 = SURFACE_CURVE('',#5611,(#5615,#5621),.PCURVE_S1.);
#5611 = LINE('',#5612,#5613);
#5612 = CARTESIAN_POINT('',(11.5,-50.12038873743,443.88062968511));
#5613 = VECTOR('',#5614,1.);
#5614 = DIRECTION('',(-1.,-0.,-0.));
#5615 = PCURVE('',#855,#5616);
#5616 = DEFINITIONAL_REPRESENTATION('',(#5617),#5620);
#5617 = B_SPLINE_CURVE_WITH_KNOTS('',1,(#5618,#5619),.UNSPECIFIED.,.F.,
  .F.,(2,2),(-4.5000006,5.999999999062E-07),.PIECEWISE_BEZIER_KNOTS.);
#5618 = CARTESIAN_POINT('',(-2.695791273604,-4.5000006));
#5619 = CARTESIAN_POINT('',(-2.695791273604,5.999999999062E-07));
#5620 = ( GEOMETRIC_REPRESENTATION_CONTEXT(2) 
PARAMETRIC_REPRESENTATION_CONTEXT() REPRESENTATION_CONTEXT('2D SPACE',''
  ) );
#5621 = PCURVE('',#826,#5622);
#5622 = DEFINITIONAL_REPRESENTATION('',(#5623),#5626);
#5623 = B_SPLINE_CURVE_WITH_KNOTS('',1,(#5624,#5625),.UNSPECIFIED.,.F.,
  .F.,(2,2),(-4.5,-0.),.PIECEWISE_BEZIER_KNOTS.);
#5624 = CARTESIAN_POINT('',(-4.227688902593,-4.5));
#5625 = CARTESIAN_POINT('',(-4.227688902593,0.));
#5626 = ( GEOMETRIC_REPRESENTATION_CONTEXT(2) 
PARAMETRIC_REPRESENTATION_CONTEXT() REPRESENTATION_CONTEXT('2D SPACE',''
  ) );
#5627 = ORIENTED_EDGE('',*,*,#2888,.T.);
#5628 = ORIENTED_EDGE('',*,*,#5584,.T.);
#5629 = ORIENTED_EDGE('',*,*,#838,.F.);
#5630 = ADVANCED_FACE('',(#5631),#826,.F.);
#5631 = FACE_BOUND('',#5632,.T.);
#5632 = EDGE_LOOP('',(#5633,#5655,#5656,#5675,#5676,#5677));
#5633 = ORIENTED_EDGE('',*,*,#5634,.T.);
#5634 = EDGE_CURVE('',#2825,#2790,#5635,.T.);
#5635 = SURFACE_CURVE('',#5636,(#5641,#5648),.PCURVE_S1.);
#5636 = CIRCLE('',#5637,0.7);
#5637 = AXIS2_PLACEMENT_3D('',#5638,#5639,#5640);
#5638 = CARTESIAN_POINT('',(16.5,-49.79422863406,444.5));
#5639 = DIRECTION('',(1.,0.,0.));
#5640 = DIRECTION('',(0.,-0.354182736082,-0.93517623444));
#5641 = PCURVE('',#826,#5642);
#5642 = DEFINITIONAL_REPRESENTATION('',(#5643),#5647);
#5643 = LINE('',#5644,#5645);
#5644 = CARTESIAN_POINT('',(-4.350348972233,-5.));
#5645 = VECTOR('',#5646,1.);
#5646 = DIRECTION('',(-1.,0.));
#5647 = ( GEOMETRIC_REPRESENTATION_CONTEXT(2) 
PARAMETRIC_REPRESENTATION_CONTEXT() REPRESENTATION_CONTEXT('2D SPACE',''
  ) );
#5648 = PCURVE('',#2841,#5649);
#5649 = DEFINITIONAL_REPRESENTATION('',(#5650),#5654);
#5650 = CIRCLE('',#5651,0.7);
#5651 = AXIS2_PLACEMENT_2D('',#5652,#5653);
#5652 = CARTESIAN_POINT('',(5.684341886081E-14,7.105427357601E-15));
#5653 = DIRECTION('',(-0.93517623444,0.354182736082));
#5654 = ( GEOMETRIC_REPRESENTATION_CONTEXT(2) 
PARAMETRIC_REPRESENTATION_CONTEXT() REPRESENTATION_CONTEXT('2D SPACE',''
  ) );
#5655 = ORIENTED_EDGE('',*,*,#2789,.F.);
#5656 = ORIENTED_EDGE('',*,*,#5657,.T.);
#5657 = EDGE_CURVE('',#2766,#781,#5658,.T.);
#5658 = SURFACE_CURVE('',#5659,(#5663,#5669),.PCURVE_S1.);
#5659 = LINE('',#5660,#5661);
#5660 = CARTESIAN_POINT('',(11.5,-49.4209182587,445.09214809266));
#5661 = VECTOR('',#5662,1.);
#5662 = DIRECTION('',(-1.,-0.,-0.));
#5663 = PCURVE('',#826,#5664);
#5664 = DEFINITIONAL_REPRESENTATION('',(#5665),#5668);
#5665 = B_SPLINE_CURVE_WITH_KNOTS('',1,(#5666,#5667),.UNSPECIFIED.,.F.,
  .F.,(2,2),(-4.5,0.),.PIECEWISE_BEZIER_KNOTS.);
#5666 = CARTESIAN_POINT('',(-7.29148416057,-4.5));
#5667 = CARTESIAN_POINT('',(-7.29148416057,0.));
#5668 = ( GEOMETRIC_REPRESENTATION_CONTEXT(2) 
PARAMETRIC_REPRESENTATION_CONTEXT() REPRESENTATION_CONTEXT('2D SPACE',''
  ) );
#5669 = PCURVE('',#797,#5670);
#5670 = DEFINITIONAL_REPRESENTATION('',(#5671),#5674);
#5671 = B_SPLINE_CURVE_WITH_KNOTS('',1,(#5672,#5673),.UNSPECIFIED.,.F.,
  .F.,(2,2),(-4.5000006,5.999999999062E-07),.PIECEWISE_BEZIER_KNOTS.);
#5672 = CARTESIAN_POINT('',(-2.540196482379,-4.5000006));
#5673 = CARTESIAN_POINT('',(-2.540196482379,5.999999999062E-07));
#5674 = ( GEOMETRIC_REPRESENTATION_CONTEXT(2) 
PARAMETRIC_REPRESENTATION_CONTEXT() REPRESENTATION_CONTEXT('2D SPACE',''
  ) );
#5675 = ORIENTED_EDGE('',*,*,#809,.F.);
#5676 = ORIENTED_EDGE('',*,*,#5609,.F.);
#5677 = ORIENTED_EDGE('',*,*,#2853,.F.);
#5678 = ADVANCED_FACE('',(#5679),#797,.T.);
#5679 = FACE_BOUND('',#5680,.F.);
#5680 = EDGE_LOOP('',(#5681,#5700,#5701,#5702));
#5681 = ORIENTED_EDGE('',*,*,#5682,.F.);
#5682 = EDGE_CURVE('',#2716,#752,#5683,.T.);
#5683 = SURFACE_CURVE('',#5684,(#5688,#5694),.PCURVE_S1.);
#5684 = LINE('',#5685,#5686);
#5685 = CARTESIAN_POINT('',(11.5,-48.83931233149,445.85011169399));
#5686 = VECTOR('',#5687,1.);
#5687 = DIRECTION('',(-1.,-0.,-0.));
#5688 = PCURVE('',#797,#5689);
#5689 = DEFINITIONAL_REPRESENTATION('',(#5690),#5693);
#5690 = B_SPLINE_CURVE_WITH_KNOTS('',1,(#5691,#5692),.UNSPECIFIED.,.F.,
  .F.,(2,2),(-4.5000006,5.999999999062E-07),.PIECEWISE_BEZIER_KNOTS.);
#5691 = CARTESIAN_POINT('',(-2.433991885805,-4.5000006));
#5692 = CARTESIAN_POINT('',(-2.433991885805,5.999999999062E-07));
#5693 = ( GEOMETRIC_REPRESENTATION_CONTEXT(2) 
PARAMETRIC_REPRESENTATION_CONTEXT() REPRESENTATION_CONTEXT('2D SPACE',''
  ) );
#5694 = PCURVE('',#768,#5695);
#5695 = DEFINITIONAL_REPRESENTATION('',(#5696),#5699);
#5696 = B_SPLINE_CURVE_WITH_KNOTS('',1,(#5697,#5698),.UNSPECIFIED.,.F.,
  .F.,(2,2),(-4.5,0.),.PIECEWISE_BEZIER_KNOTS.);
#5697 = CARTESIAN_POINT('',(-3.965889514794,-4.5));
#5698 = CARTESIAN_POINT('',(-3.965889514794,0.));
#5699 = ( GEOMETRIC_REPRESENTATION_CONTEXT(2) 
PARAMETRIC_REPRESENTATION_CONTEXT() REPRESENTATION_CONTEXT('2D SPACE',''
  ) );
#5700 = ORIENTED_EDGE('',*,*,#2765,.T.);
#5701 = ORIENTED_EDGE('',*,*,#5657,.T.);
#5702 = ORIENTED_EDGE('',*,*,#780,.F.);
#5703 = ADVANCED_FACE('',(#5704),#768,.F.);
#5704 = FACE_BOUND('',#5705,.T.);
#5705 = EDGE_LOOP('',(#5706,#5728,#5729,#5748,#5749,#5750));
#5706 = ORIENTED_EDGE('',*,*,#5707,.T.);
#5707 = EDGE_CURVE('',#2687,#2652,#5708,.T.);
#5708 = SURFACE_CURVE('',#5709,(#5714,#5721),.PCURVE_S1.);
#5709 = CIRCLE('',#5710,0.7);
#5710 = AXIS2_PLACEMENT_3D('',#5711,#5712,#5713);
#5711 = CARTESIAN_POINT('',(16.5,-48.36396103067,446.36396103067));
#5712 = DIRECTION('',(1.,0.,0.));
#5713 = DIRECTION('',(0.,-0.584155672008,-0.811641639433));
#5714 = PCURVE('',#768,#5715);
#5715 = DEFINITIONAL_REPRESENTATION('',(#5716),#5720);
#5716 = LINE('',#5717,#5718);
#5717 = CARTESIAN_POINT('',(-4.088549584434,-5.));
#5718 = VECTOR('',#5719,1.);
#5719 = DIRECTION('',(-1.,0.));
#5720 = ( GEOMETRIC_REPRESENTATION_CONTEXT(2) 
PARAMETRIC_REPRESENTATION_CONTEXT() REPRESENTATION_CONTEXT('2D SPACE',''
  ) );
#5721 = PCURVE('',#2703,#5722);
#5722 = DEFINITIONAL_REPRESENTATION('',(#5723),#5727);
#5723 = CIRCLE('',#5724,0.7);
#5724 = AXIS2_PLACEMENT_2D('',#5725,#5726);
#5725 = CARTESIAN_POINT('',(0.,7.105427357601E-15));
#5726 = DIRECTION('',(-0.811641639433,0.584155672008));
#5727 = ( GEOMETRIC_REPRESENTATION_CONTEXT(2) 
PARAMETRIC_REPRESENTATION_CONTEXT() REPRESENTATION_CONTEXT('2D SPACE',''
  ) );
#5728 = ORIENTED_EDGE('',*,*,#2651,.F.);
#5729 = ORIENTED_EDGE('',*,*,#5730,.T.);
#5730 = EDGE_CURVE('',#2628,#723,#5731,.T.);
#5731 = SURFACE_CURVE('',#5732,(#5736,#5742),.PCURVE_S1.);
#5732 = LINE('',#5733,#5734);
#5733 = CARTESIAN_POINT('',(11.5,-47.85011169399,446.83931233149));
#5734 = VECTOR('',#5735,1.);
#5735 = DIRECTION('',(-1.,-0.,-0.));
#5736 = PCURVE('',#768,#5737);
#5737 = DEFINITIONAL_REPRESENTATION('',(#5738),#5741);
#5738 = B_SPLINE_CURVE_WITH_KNOTS('',1,(#5739,#5740),.UNSPECIFIED.,.F.,
  .F.,(2,2),(-4.5,0.),.PIECEWISE_BEZIER_KNOTS.);
#5739 = CARTESIAN_POINT('',(-7.029684772771,-4.5));
#5740 = CARTESIAN_POINT('',(-7.029684772771,0.));
#5741 = ( GEOMETRIC_REPRESENTATION_CONTEXT(2) 
PARAMETRIC_REPRESENTATION_CONTEXT() REPRESENTATION_CONTEXT('2D SPACE',''
  ) );
#5742 = PCURVE('',#739,#5743);
#5743 = DEFINITIONAL_REPRESENTATION('',(#5744),#5747);
#5744 = B_SPLINE_CURVE_WITH_KNOTS('',1,(#5745,#5746),.UNSPECIFIED.,.F.,
  .F.,(2,2),(-4.5000006,5.999999999062E-07),.PIECEWISE_BEZIER_KNOTS.);
#5745 = CARTESIAN_POINT('',(-2.27839709458,-4.5000006));
#5746 = CARTESIAN_POINT('',(-2.27839709458,5.999999999062E-07));
#5747 = ( GEOMETRIC_REPRESENTATION_CONTEXT(2) 
PARAMETRIC_REPRESENTATION_CONTEXT() REPRESENTATION_CONTEXT('2D SPACE',''
  ) );
#5748 = ORIENTED_EDGE('',*,*,#751,.F.);
#5749 = ORIENTED_EDGE('',*,*,#5682,.F.);
#5750 = ORIENTED_EDGE('',*,*,#2715,.F.);
#5751 = ADVANCED_FACE('',(#5752),#739,.T.);
#5752 = FACE_BOUND('',#5753,.F.);
#5753 = EDGE_LOOP('',(#5754,#5773,#5774,#5775));
#5754 = ORIENTED_EDGE('',*,*,#5755,.F.);
#5755 = EDGE_CURVE('',#2593,#694,#5756,.T.);
#5756 = SURFACE_CURVE('',#5757,(#5761,#5767),.PCURVE_S1.);
#5757 = LINE('',#5758,#5759);
#5758 = CARTESIAN_POINT('',(11.5,-47.09214809266,447.4209182587));
#5759 = VECTOR('',#5760,1.);
#5760 = DIRECTION('',(-1.,-0.,-0.));
#5761 = PCURVE('',#739,#5762);
#5762 = DEFINITIONAL_REPRESENTATION('',(#5763),#5766);
#5763 = B_SPLINE_CURVE_WITH_KNOTS('',1,(#5764,#5765),.UNSPECIFIED.,.F.,
  .F.,(2,2),(-4.5000006,5.999999999062E-07),.PIECEWISE_BEZIER_KNOTS.);
#5764 = CARTESIAN_POINT('',(-2.172192498006,-4.5000006));
#5765 = CARTESIAN_POINT('',(-2.172192498006,5.999999999062E-07));
#5766 = ( GEOMETRIC_REPRESENTATION_CONTEXT(2) 
PARAMETRIC_REPRESENTATION_CONTEXT() REPRESENTATION_CONTEXT('2D SPACE',''
  ) );
#5767 = PCURVE('',#710,#5768);
#5768 = DEFINITIONAL_REPRESENTATION('',(#5769),#5772);
#5769 = B_SPLINE_CURVE_WITH_KNOTS('',1,(#5770,#5771),.UNSPECIFIED.,.F.,
  .F.,(2,2),(-4.5,-0.),.PIECEWISE_BEZIER_KNOTS.);
#5770 = CARTESIAN_POINT('',(-3.704090126994,-4.5));
#5771 = CARTESIAN_POINT('',(-3.704090126994,0.));
#5772 = ( GEOMETRIC_REPRESENTATION_CONTEXT(2) 
PARAMETRIC_REPRESENTATION_CONTEXT() REPRESENTATION_CONTEXT('2D SPACE',''
  ) );
#5773 = ORIENTED_EDGE('',*,*,#2627,.T.);
#5774 = ORIENTED_EDGE('',*,*,#5730,.T.);
#5775 = ORIENTED_EDGE('',*,*,#722,.F.);
#5776 = ADVANCED_FACE('',(#5777),#710,.F.);
#5777 = FACE_BOUND('',#5778,.T.);
#5778 = EDGE_LOOP('',(#5779,#5801,#5802,#5821,#5822,#5823));
#5779 = ORIENTED_EDGE('',*,*,#5780,.T.);
#5780 = EDGE_CURVE('',#2564,#2529,#5781,.T.);
#5781 = SURFACE_CURVE('',#5782,(#5787,#5794),.PCURVE_S1.);
#5782 = CIRCLE('',#5783,0.7);
#5783 = AXIS2_PLACEMENT_3D('',#5784,#5785,#5786);
#5784 = CARTESIAN_POINT('',(16.5,-46.5,447.79422863406));
#5785 = DIRECTION('',(1.,0.,0.));
#5786 = DIRECTION('',(0.,-0.774319364249,-0.632795007999));
#5787 = PCURVE('',#710,#5788);
#5788 = DEFINITIONAL_REPRESENTATION('',(#5789),#5793);
#5789 = LINE('',#5790,#5791);
#5790 = CARTESIAN_POINT('',(-3.826750196635,-5.));
#5791 = VECTOR('',#5792,1.);
#5792 = DIRECTION('',(-1.,0.));
#5793 = ( GEOMETRIC_REPRESENTATION_CONTEXT(2) 
PARAMETRIC_REPRESENTATION_CONTEXT() REPRESENTATION_CONTEXT('2D SPACE',''
  ) );
#5794 = PCURVE('',#2580,#5795);
#5795 = DEFINITIONAL_REPRESENTATION('',(#5796),#5800);
#5796 = CIRCLE('',#5797,0.7);
#5797 = AXIS2_PLACEMENT_2D('',#5798,#5799);
#5798 = CARTESIAN_POINT('',(0.,7.105427357601E-15));
#5799 = DIRECTION('',(-0.632795007999,0.774319364249));
#5800 = ( GEOMETRIC_REPRESENTATION_CONTEXT(2) 
PARAMETRIC_REPRESENTATION_CONTEXT() REPRESENTATION_CONTEXT('2D SPACE',''
  ) );
#5801 = ORIENTED_EDGE('',*,*,#2528,.F.);
#5802 = ORIENTED_EDGE('',*,*,#5803,.T.);
#5803 = EDGE_CURVE('',#2505,#665,#5804,.T.);
#5804 = SURFACE_CURVE('',#5805,(#5809,#5815),.PCURVE_S1.);
#5805 = LINE('',#5806,#5807);
#5806 = CARTESIAN_POINT('',(11.5,-45.88062968511,448.12038873743));
#5807 = VECTOR('',#5808,1.);
#5808 = DIRECTION('',(-1.,-0.,-0.));
#5809 = PCURVE('',#710,#5810);
#5810 = DEFINITIONAL_REPRESENTATION('',(#5811),#5814);
#5811 = B_SPLINE_CURVE_WITH_KNOTS('',1,(#5812,#5813),.UNSPECIFIED.,.F.,
  .F.,(2,2),(-4.5,0.),.PIECEWISE_BEZIER_KNOTS.);
#5812 = CARTESIAN_POINT('',(-6.767885384971,-4.5));
#5813 = CARTESIAN_POINT('',(-6.767885384971,0.));
#5814 = ( GEOMETRIC_REPRESENTATION_CONTEXT(2) 
PARAMETRIC_REPRESENTATION_CONTEXT() REPRESENTATION_CONTEXT('2D SPACE',''
  ) );
#5815 = PCURVE('',#681,#5816);
#5816 = DEFINITIONAL_REPRESENTATION('',(#5817),#5820);
#5817 = B_SPLINE_CURVE_WITH_KNOTS('',1,(#5818,#5819),.UNSPECIFIED.,.F.,
  .F.,(2,2),(-4.5000006,5.999999999062E-07),.PIECEWISE_BEZIER_KNOTS.);
#5818 = CARTESIAN_POINT('',(-2.01659770678,-4.5000006));
#5819 = CARTESIAN_POINT('',(-2.01659770678,5.999999999062E-07));
#5820 = ( GEOMETRIC_REPRESENTATION_CONTEXT(2) 
PARAMETRIC_REPRESENTATION_CONTEXT() REPRESENTATION_CONTEXT('2D SPACE',''
  ) );
#5821 = ORIENTED_EDGE('',*,*,#693,.F.);
#5822 = ORIENTED_EDGE('',*,*,#5755,.F.);
#5823 = ORIENTED_EDGE('',*,*,#2592,.F.);
#5824 = ADVANCED_FACE('',(#5825),#681,.T.);
#5825 = FACE_BOUND('',#5826,.F.);
#5826 = EDGE_LOOP('',(#5827,#5846,#5847,#5848));
#5827 = ORIENTED_EDGE('',*,*,#5828,.F.);
#5828 = EDGE_CURVE('',#2470,#636,#5829,.T.);
#5829 = SURFACE_CURVE('',#5830,(#5834,#5840),.PCURVE_S1.);
#5830 = LINE('',#5831,#5832);
#5831 = CARTESIAN_POINT('',(11.5,-44.99796237649,448.48600150772));
#5832 = VECTOR('',#5833,1.);
#5833 = DIRECTION('',(-1.,-0.,-0.));
#5834 = PCURVE('',#681,#5835);
#5835 = DEFINITIONAL_REPRESENTATION('',(#5836),#5839);
#5836 = B_SPLINE_CURVE_WITH_KNOTS('',1,(#5837,#5838),.UNSPECIFIED.,.F.,
  .F.,(2,2),(-4.5000006,5.999999999062E-07),.PIECEWISE_BEZIER_KNOTS.);
#5837 = CARTESIAN_POINT('',(-1.910393110207,-4.5000006));
#5838 = CARTESIAN_POINT('',(-1.910393110207,5.999999999062E-07));
#5839 = ( GEOMETRIC_REPRESENTATION_CONTEXT(2) 
PARAMETRIC_REPRESENTATION_CONTEXT() REPRESENTATION_CONTEXT('2D SPACE',''
  ) );
#5840 = PCURVE('',#652,#5841);
#5841 = DEFINITIONAL_REPRESENTATION('',(#5842),#5845);
#5842 = B_SPLINE_CURVE_WITH_KNOTS('',1,(#5843,#5844),.UNSPECIFIED.,.F.,
  .F.,(2,2),(-4.5,0.),.PIECEWISE_BEZIER_KNOTS.);
#5843 = CARTESIAN_POINT('',(-3.442290739195,-4.5));
#5844 = CARTESIAN_POINT('',(-3.442290739195,0.));
#5845 = ( GEOMETRIC_REPRESENTATION_CONTEXT(2) 
PARAMETRIC_REPRESENTATION_CONTEXT() REPRESENTATION_CONTEXT('2D SPACE',''
  ) );
#5846 = ORIENTED_EDGE('',*,*,#2504,.T.);
#5847 = ORIENTED_EDGE('',*,*,#5803,.T.);
#5848 = ORIENTED_EDGE('',*,*,#664,.F.);
#5849 = ADVANCED_FACE('',(#5850),#652,.F.);
#5850 = FACE_BOUND('',#5851,.T.);
#5851 = EDGE_LOOP('',(#5852,#5874,#5875,#5894,#5895,#5896));
#5852 = ORIENTED_EDGE('',*,*,#5853,.T.);
#5853 = EDGE_CURVE('',#2441,#2406,#5854,.T.);
#5854 = SURFACE_CURVE('',#5855,(#5860,#5867),.PCURVE_S1.);
#5855 = CIRCLE('',#5856,0.7);
#5856 = AXIS2_PLACEMENT_3D('',#5857,#5858,#5859);
#5857 = CARTESIAN_POINT('',(16.5,-44.32937140592,448.6933324366));
#5858 = DIRECTION('',(1.,0.,0.));
#5859 = DIRECTION('',(0.,-0.91171447144,-0.410824442514));
#5860 = PCURVE('',#652,#5861);
#5861 = DEFINITIONAL_REPRESENTATION('',(#5862),#5866);
#5862 = LINE('',#5863,#5864);
#5863 = CARTESIAN_POINT('',(-3.564950808836,-5.));
#5864 = VECTOR('',#5865,1.);
#5865 = DIRECTION('',(-1.,0.));
#5866 = ( GEOMETRIC_REPRESENTATION_CONTEXT(2) 
PARAMETRIC_REPRESENTATION_CONTEXT() REPRESENTATION_CONTEXT('2D SPACE',''
  ) );
#5867 = PCURVE('',#2457,#5868);
#5868 = DEFINITIONAL_REPRESENTATION('',(#5869),#5873);
#5869 = CIRCLE('',#5870,0.7);
#5870 = AXIS2_PLACEMENT_2D('',#5871,#5872);
#5871 = CARTESIAN_POINT('',(0.,7.105427357601E-15));
#5872 = DIRECTION('',(-0.410824442514,0.91171447144));
#5873 = ( GEOMETRIC_REPRESENTATION_CONTEXT(2) 
PARAMETRIC_REPRESENTATION_CONTEXT() REPRESENTATION_CONTEXT('2D SPACE',''
  ) );
#5874 = ORIENTED_EDGE('',*,*,#2405,.F.);
#5875 = ORIENTED_EDGE('',*,*,#5876,.T.);
#5876 = EDGE_CURVE('',#2382,#607,#5877,.T.);
#5877 = SURFACE_CURVE('',#5878,(#5882,#5888),.PCURVE_S1.);
#5878 = LINE('',#5879,#5880);
#5879 = CARTESIAN_POINT('',(11.5,-43.64668917622,448.84807407049));
#5880 = VECTOR('',#5881,1.);
#5881 = DIRECTION('',(-1.,-0.,-0.));
#5882 = PCURVE('',#652,#5883);
#5883 = DEFINITIONAL_REPRESENTATION('',(#5884),#5887);
#5884 = B_SPLINE_CURVE_WITH_KNOTS('',1,(#5885,#5886),.UNSPECIFIED.,.F.,
  .F.,(2,2),(-4.5,-0.),.PIECEWISE_BEZIER_KNOTS.);
#5885 = CARTESIAN_POINT('',(-6.506085997172,-4.5));
#5886 = CARTESIAN_POINT('',(-6.506085997172,0.));
#5887 = ( GEOMETRIC_REPRESENTATION_CONTEXT(2) 
PARAMETRIC_REPRESENTATION_CONTEXT() REPRESENTATION_CONTEXT('2D SPACE',''
  ) );
#5888 = PCURVE('',#623,#5889);
#5889 = DEFINITIONAL_REPRESENTATION('',(#5890),#5893);
#5890 = B_SPLINE_CURVE_WITH_KNOTS('',1,(#5891,#5892),.UNSPECIFIED.,.F.,
  .F.,(2,2),(-4.5000006,5.999999999062E-07),.PIECEWISE_BEZIER_KNOTS.);
#5891 = CARTESIAN_POINT('',(-1.754798318981,-4.5000006));
#5892 = CARTESIAN_POINT('',(-1.754798318981,5.999999999062E-07));
#5893 = ( GEOMETRIC_REPRESENTATION_CONTEXT(2) 
PARAMETRIC_REPRESENTATION_CONTEXT() REPRESENTATION_CONTEXT('2D SPACE',''
  ) );
#5894 = ORIENTED_EDGE('',*,*,#635,.F.);
#5895 = ORIENTED_EDGE('',*,*,#5828,.F.);
#5896 = ORIENTED_EDGE('',*,*,#2469,.F.);
#5897 = ADVANCED_FACE('',(#5898),#623,.T.);
#5898 = FACE_BOUND('',#5899,.F.);
#5899 = EDGE_LOOP('',(#5900,#5919,#5920,#5921));
#5900 = ORIENTED_EDGE('',*,*,#5901,.F.);
#5901 = EDGE_CURVE('',#2347,#578,#5902,.T.);
#5902 = SURFACE_CURVE('',#5903,(#5907,#5913),.PCURVE_S1.);
#5903 = LINE('',#5904,#5905);
#5904 = CARTESIAN_POINT('',(11.5,-42.69947047873,448.97277777777));
#5905 = VECTOR('',#5906,1.);
#5906 = DIRECTION('',(-1.,-0.,-0.));
#5907 = PCURVE('',#623,#5908);
#5908 = DEFINITIONAL_REPRESENTATION('',(#5909),#5912);
#5909 = B_SPLINE_CURVE_WITH_KNOTS('',1,(#5910,#5911),.UNSPECIFIED.,.F.,
  .F.,(2,2),(-4.5000006,5.999999999062E-07),.PIECEWISE_BEZIER_KNOTS.);
#5910 = CARTESIAN_POINT('',(-1.648593722408,-4.5000006));
#5911 = CARTESIAN_POINT('',(-1.648593722408,5.999999999062E-07));
#5912 = ( GEOMETRIC_REPRESENTATION_CONTEXT(2) 
PARAMETRIC_REPRESENTATION_CONTEXT() REPRESENTATION_CONTEXT('2D SPACE',''
  ) );
#5913 = PCURVE('',#594,#5914);
#5914 = DEFINITIONAL_REPRESENTATION('',(#5915),#5918);
#5915 = B_SPLINE_CURVE_WITH_KNOTS('',1,(#5916,#5917),.UNSPECIFIED.,.F.,
  .F.,(2,2),(-4.5000006,5.999999999062E-07),.PIECEWISE_BEZIER_KNOTS.);
#5916 = CARTESIAN_POINT('',(-3.180491351396,-4.5000006));
#5917 = CARTESIAN_POINT('',(-3.180491351396,5.999999999062E-07));
#5918 = ( GEOMETRIC_REPRESENTATION_CONTEXT(2) 
PARAMETRIC_REPRESENTATION_CONTEXT() REPRESENTATION_CONTEXT('2D SPACE',''
  ) );
#5919 = ORIENTED_EDGE('',*,*,#2381,.T.);
#5920 = ORIENTED_EDGE('',*,*,#5876,.T.);
#5921 = ORIENTED_EDGE('',*,*,#606,.F.);
#5922 = ADVANCED_FACE('',(#5923),#594,.F.);
#5923 = FACE_BOUND('',#5924,.T.);
#5924 = EDGE_LOOP('',(#5925,#5926,#5927,#5928,#5950,#5951));
#5925 = ORIENTED_EDGE('',*,*,#577,.F.);
#5926 = ORIENTED_EDGE('',*,*,#5901,.F.);
#5927 = ORIENTED_EDGE('',*,*,#2346,.F.);
#5928 = ORIENTED_EDGE('',*,*,#5929,.T.);
#5929 = EDGE_CURVE('',#2318,#2283,#5930,.T.);
#5930 = SURFACE_CURVE('',#5931,(#5936,#5943),.PCURVE_S1.);
#5931 = CIRCLE('',#5932,0.7);
#5932 = AXIS2_PLACEMENT_3D('',#5933,#5934,#5935);
#5933 = CARTESIAN_POINT('',(16.5,-42.,449.));
#5934 = DIRECTION('',(1.,0.,0.));
#5935 = DIRECTION('',(0.,1.,0.));
#5936 = PCURVE('',#594,#5937);
#5937 = DEFINITIONAL_REPRESENTATION('',(#5938),#5942);
#5938 = LINE('',#5939,#5940);
#5939 = CARTESIAN_POINT('',(-0.,-5.));
#5940 = VECTOR('',#5941,1.);
#5941 = DIRECTION('',(-1.,0.));
#5942 = ( GEOMETRIC_REPRESENTATION_CONTEXT(2) 
PARAMETRIC_REPRESENTATION_CONTEXT() REPRESENTATION_CONTEXT('2D SPACE',''
  ) );
#5943 = PCURVE('',#2334,#5944);
#5944 = DEFINITIONAL_REPRESENTATION('',(#5945),#5949);
#5945 = CIRCLE('',#5946,0.7);
#5946 = AXIS2_PLACEMENT_2D('',#5947,#5948);
#5947 = CARTESIAN_POINT('',(0.,7.105427357601E-15));
#5948 = DIRECTION('',(0.,-1.));
#5949 = ( GEOMETRIC_REPRESENTATION_CONTEXT(2) 
PARAMETRIC_REPRESENTATION_CONTEXT() REPRESENTATION_CONTEXT('2D SPACE',''
  ) );
#5950 = ORIENTED_EDGE('',*,*,#2282,.F.);
#5951 = ORIENTED_EDGE('',*,*,#5952,.T.);
#5952 = EDGE_CURVE('',#2259,#549,#5953,.T.);
#5953 = SURFACE_CURVE('',#5954,(#5958,#5964),.PCURVE_S1.);
#5954 = LINE('',#5955,#5956);
#5955 = CARTESIAN_POINT('',(11.5,-41.30052952126,448.97277777777));
#5956 = VECTOR('',#5957,1.);
#5957 = DIRECTION('',(-1.,-0.,-0.));
#5958 = PCURVE('',#594,#5959);
#5959 = DEFINITIONAL_REPRESENTATION('',(#5960),#5963);
#5960 = B_SPLINE_CURVE_WITH_KNOTS('',1,(#5961,#5962),.UNSPECIFIED.,.F.,
  .F.,(2,2),(-4.5000006,5.999999999062E-07),.PIECEWISE_BEZIER_KNOTS.);
#5961 = CARTESIAN_POINT('',(-6.244286609373,-4.5000006));
#5962 = CARTESIAN_POINT('',(-6.244286609373,5.999999999062E-07));
#5963 = ( GEOMETRIC_REPRESENTATION_CONTEXT(2) 
PARAMETRIC_REPRESENTATION_CONTEXT() REPRESENTATION_CONTEXT('2D SPACE',''
  ) );
#5964 = PCURVE('',#565,#5965);
#5965 = DEFINITIONAL_REPRESENTATION('',(#5966),#5969);
#5966 = B_SPLINE_CURVE_WITH_KNOTS('',1,(#5967,#5968),.UNSPECIFIED.,.F.,
  .F.,(2,2),(-4.5000006,5.999999999062E-07),.PIECEWISE_BEZIER_KNOTS.);
#5967 = CARTESIAN_POINT('',(-1.492998931182,-4.5000006));
#5968 = CARTESIAN_POINT('',(-1.492998931182,5.999999999062E-07));
#5969 = ( GEOMETRIC_REPRESENTATION_CONTEXT(2) 
PARAMETRIC_REPRESENTATION_CONTEXT() REPRESENTATION_CONTEXT('2D SPACE',''
  ) );
#5970 = ADVANCED_FACE('',(#5971),#565,.T.);
#5971 = FACE_BOUND('',#5972,.F.);
#5972 = EDGE_LOOP('',(#5973,#5992,#5993,#5994));
#5973 = ORIENTED_EDGE('',*,*,#5974,.F.);
#5974 = EDGE_CURVE('',#2224,#520,#5975,.T.);
#5975 = SURFACE_CURVE('',#5976,(#5980,#5986),.PCURVE_S1.);
#5976 = LINE('',#5977,#5978);
#5977 = CARTESIAN_POINT('',(11.5,-40.35331082377,448.84807407049));
#5978 = VECTOR('',#5979,1.);
#5979 = DIRECTION('',(-1.,-0.,-0.));
#5980 = PCURVE('',#565,#5981);
#5981 = DEFINITIONAL_REPRESENTATION('',(#5982),#5985);
#5982 = B_SPLINE_CURVE_WITH_KNOTS('',1,(#5983,#5984),.UNSPECIFIED.,.F.,
  .F.,(2,2),(-4.5000006,5.999999999062E-07),.PIECEWISE_BEZIER_KNOTS.);
#5983 = CARTESIAN_POINT('',(-1.386794334609,-4.5000006));
#5984 = CARTESIAN_POINT('',(-1.386794334609,5.999999999062E-07));
#5985 = ( GEOMETRIC_REPRESENTATION_CONTEXT(2) 
PARAMETRIC_REPRESENTATION_CONTEXT() REPRESENTATION_CONTEXT('2D SPACE',''
  ) );
#5986 = PCURVE('',#536,#5987);
#5987 = DEFINITIONAL_REPRESENTATION('',(#5988),#5991);
#5988 = B_SPLINE_CURVE_WITH_KNOTS('',1,(#5989,#5990),.UNSPECIFIED.,.F.,
  .F.,(2,2),(-4.5000006,5.999999999062E-07),.PIECEWISE_BEZIER_KNOTS.);
#5989 = CARTESIAN_POINT('',(-2.918691963597,-4.5000006));
#5990 = CARTESIAN_POINT('',(-2.918691963597,5.999999999062E-07));
#5991 = ( GEOMETRIC_REPRESENTATION_CONTEXT(2) 
PARAMETRIC_REPRESENTATION_CONTEXT() REPRESENTATION_CONTEXT('2D SPACE',''
  ) );
#5992 = ORIENTED_EDGE('',*,*,#2258,.T.);
#5993 = ORIENTED_EDGE('',*,*,#5952,.T.);
#5994 = ORIENTED_EDGE('',*,*,#548,.F.);
#5995 = ADVANCED_FACE('',(#5996),#536,.F.);
#5996 = FACE_BOUND('',#5997,.T.);
#5997 = EDGE_LOOP('',(#5998,#5999,#6000,#6001,#6023,#6024));
#5998 = ORIENTED_EDGE('',*,*,#519,.F.);
#5999 = ORIENTED_EDGE('',*,*,#5974,.F.);
#6000 = ORIENTED_EDGE('',*,*,#2223,.F.);
#6001 = ORIENTED_EDGE('',*,*,#6002,.T.);
#6002 = EDGE_CURVE('',#2195,#2160,#6003,.T.);
#6003 = SURFACE_CURVE('',#6004,(#6009,#6016),.PCURVE_S1.);
#6004 = CIRCLE('',#6005,0.7);
#6005 = AXIS2_PLACEMENT_3D('',#6006,#6007,#6008);
#6006 = CARTESIAN_POINT('',(16.5,-39.67062859407,448.6933324366));
#6007 = DIRECTION('',(1.,0.,0.));
#6008 = DIRECTION('',(0.,1.,0.));
#6009 = PCURVE('',#536,#6010);
#6010 = DEFINITIONAL_REPRESENTATION('',(#6011),#6015);
#6011 = LINE('',#6012,#6013);
#6012 = CARTESIAN_POINT('',(-0.,-5.));
#6013 = VECTOR('',#6014,1.);
#6014 = DIRECTION('',(-1.,0.));
#6015 = ( GEOMETRIC_REPRESENTATION_CONTEXT(2) 
PARAMETRIC_REPRESENTATION_CONTEXT() REPRESENTATION_CONTEXT('2D SPACE',''
  ) );
#6016 = PCURVE('',#2211,#6017);
#6017 = DEFINITIONAL_REPRESENTATION('',(#6018),#6022);
#6018 = CIRCLE('',#6019,0.7);
#6019 = AXIS2_PLACEMENT_2D('',#6020,#6021);
#6020 = CARTESIAN_POINT('',(0.,7.105427357601E-15));
#6021 = DIRECTION('',(0.,-1.));
#6022 = ( GEOMETRIC_REPRESENTATION_CONTEXT(2) 
PARAMETRIC_REPRESENTATION_CONTEXT() REPRESENTATION_CONTEXT('2D SPACE',''
  ) );
#6023 = ORIENTED_EDGE('',*,*,#2159,.F.);
#6024 = ORIENTED_EDGE('',*,*,#6025,.T.);
#6025 = EDGE_CURVE('',#2136,#491,#6026,.T.);
#6026 = SURFACE_CURVE('',#6027,(#6031,#6037),.PCURVE_S1.);
#6027 = LINE('',#6028,#6029);
#6028 = CARTESIAN_POINT('',(11.5,-39.0020376235,448.48600150772));
#6029 = VECTOR('',#6030,1.);
#6030 = DIRECTION('',(-1.,-0.,-0.));
#6031 = PCURVE('',#536,#6032);
#6032 = DEFINITIONAL_REPRESENTATION('',(#6033),#6036);
#6033 = B_SPLINE_CURVE_WITH_KNOTS('',1,(#6034,#6035),.UNSPECIFIED.,.F.,
  .F.,(2,2),(-4.5000006,5.999999999062E-07),.PIECEWISE_BEZIER_KNOTS.);
#6034 = CARTESIAN_POINT('',(-5.982487221574,-4.5000006));
#6035 = CARTESIAN_POINT('',(-5.982487221574,5.999999999062E-07));
#6036 = ( GEOMETRIC_REPRESENTATION_CONTEXT(2) 
PARAMETRIC_REPRESENTATION_CONTEXT() REPRESENTATION_CONTEXT('2D SPACE',''
  ) );
#6037 = PCURVE('',#507,#6038);
#6038 = DEFINITIONAL_REPRESENTATION('',(#6039),#6042);
#6039 = B_SPLINE_CURVE_WITH_KNOTS('',1,(#6040,#6041),.UNSPECIFIED.,.F.,
  .F.,(2,2),(-4.5000006,5.999999999062E-07),.PIECEWISE_BEZIER_KNOTS.);
#6040 = CARTESIAN_POINT('',(-1.231199543383,-4.5000006));
#6041 = CARTESIAN_POINT('',(-1.231199543383,5.999999999062E-07));
#6042 = ( GEOMETRIC_REPRESENTATION_CONTEXT(2) 
PARAMETRIC_REPRESENTATION_CONTEXT() REPRESENTATION_CONTEXT('2D SPACE',''
  ) );
#6043 = ADVANCED_FACE('',(#6044),#507,.T.);
#6044 = FACE_BOUND('',#6045,.F.);
#6045 = EDGE_LOOP('',(#6046,#6065,#6066,#6067));
#6046 = ORIENTED_EDGE('',*,*,#6047,.F.);
#6047 = EDGE_CURVE('',#2101,#462,#6048,.T.);
#6048 = SURFACE_CURVE('',#6049,(#6053,#6059),.PCURVE_S1.);
#6049 = LINE('',#6050,#6051);
#6050 = CARTESIAN_POINT('',(11.5,-38.11937031489,448.12038873743));
#6051 = VECTOR('',#6052,1.);
#6052 = DIRECTION('',(-1.,-0.,-0.));
#6053 = PCURVE('',#507,#6054);
#6054 = DEFINITIONAL_REPRESENTATION('',(#6055),#6058);
#6055 = B_SPLINE_CURVE_WITH_KNOTS('',1,(#6056,#6057),.UNSPECIFIED.,.F.,
  .F.,(2,2),(-4.5000006,5.999999999062E-07),.PIECEWISE_BEZIER_KNOTS.);
#6056 = CARTESIAN_POINT('',(-1.124994946809,-4.5000006));
#6057 = CARTESIAN_POINT('',(-1.124994946809,5.999999999062E-07));
#6058 = ( GEOMETRIC_REPRESENTATION_CONTEXT(2) 
PARAMETRIC_REPRESENTATION_CONTEXT() REPRESENTATION_CONTEXT('2D SPACE',''
  ) );
#6059 = PCURVE('',#478,#6060);
#6060 = DEFINITIONAL_REPRESENTATION('',(#6061),#6064);
#6061 = B_SPLINE_CURVE_WITH_KNOTS('',1,(#6062,#6063),.UNSPECIFIED.,.F.,
  .F.,(2,2),(-4.5000006,5.999999999062E-07),.PIECEWISE_BEZIER_KNOTS.);
#6062 = CARTESIAN_POINT('',(-2.656892575798,-4.5000006));
#6063 = CARTESIAN_POINT('',(-2.656892575798,5.999999999062E-07));
#6064 = ( GEOMETRIC_REPRESENTATION_CONTEXT(2) 
PARAMETRIC_REPRESENTATION_CONTEXT() REPRESENTATION_CONTEXT('2D SPACE',''
  ) );
#6065 = ORIENTED_EDGE('',*,*,#2135,.T.);
#6066 = ORIENTED_EDGE('',*,*,#6025,.T.);
#6067 = ORIENTED_EDGE('',*,*,#490,.F.);
#6068 = ADVANCED_FACE('',(#6069),#478,.F.);
#6069 = FACE_BOUND('',#6070,.T.);
#6070 = EDGE_LOOP('',(#6071,#6072,#6073,#6074,#6096,#6097));
#6071 = ORIENTED_EDGE('',*,*,#461,.F.);
#6072 = ORIENTED_EDGE('',*,*,#6047,.F.);
#6073 = ORIENTED_EDGE('',*,*,#2100,.F.);
#6074 = ORIENTED_EDGE('',*,*,#6075,.T.);
#6075 = EDGE_CURVE('',#2072,#2037,#6076,.T.);
#6076 = SURFACE_CURVE('',#6077,(#6082,#6089),.PCURVE_S1.);
#6077 = CIRCLE('',#6078,0.7);
#6078 = AXIS2_PLACEMENT_3D('',#6079,#6080,#6081);
#6079 = CARTESIAN_POINT('',(16.5,-37.5,447.79422863406));
#6080 = DIRECTION('',(1.,0.,0.));
#6081 = DIRECTION('',(0.,1.,0.));
#6082 = PCURVE('',#478,#6083);
#6083 = DEFINITIONAL_REPRESENTATION('',(#6084),#6088);
#6084 = LINE('',#6085,#6086);
#6085 = CARTESIAN_POINT('',(-0.,-5.));
#6086 = VECTOR('',#6087,1.);
#6087 = DIRECTION('',(-1.,0.));
#6088 = ( GEOMETRIC_REPRESENTATION_CONTEXT(2) 
PARAMETRIC_REPRESENTATION_CONTEXT() REPRESENTATION_CONTEXT('2D SPACE',''
  ) );
#6089 = PCURVE('',#2088,#6090);
#6090 = DEFINITIONAL_REPRESENTATION('',(#6091),#6095);
#6091 = CIRCLE('',#6092,0.7);
#6092 = AXIS2_PLACEMENT_2D('',#6093,#6094);
#6093 = CARTESIAN_POINT('',(0.,7.105427357601E-15));
#6094 = DIRECTION('',(0.,-1.));
#6095 = ( GEOMETRIC_REPRESENTATION_CONTEXT(2) 
PARAMETRIC_REPRESENTATION_CONTEXT() REPRESENTATION_CONTEXT('2D SPACE',''
  ) );
#6096 = ORIENTED_EDGE('',*,*,#2036,.F.);
#6097 = ORIENTED_EDGE('',*,*,#6098,.T.);
#6098 = EDGE_CURVE('',#2013,#433,#6099,.T.);
#6099 = SURFACE_CURVE('',#6100,(#6104,#6110),.PCURVE_S1.);
#6100 = LINE('',#6101,#6102);
#6101 = CARTESIAN_POINT('',(11.5,-36.90785190733,447.4209182587));
#6102 = VECTOR('',#6103,1.);
#6103 = DIRECTION('',(-1.,-0.,-0.));
#6104 = PCURVE('',#478,#6105);
#6105 = DEFINITIONAL_REPRESENTATION('',(#6106),#6109);
#6106 = B_SPLINE_CURVE_WITH_KNOTS('',1,(#6107,#6108),.UNSPECIFIED.,.F.,
  .F.,(2,2),(-4.5000006,5.999999999062E-07),.PIECEWISE_BEZIER_KNOTS.);
#6107 = CARTESIAN_POINT('',(-5.720687833775,-4.5000006));
#6108 = CARTESIAN_POINT('',(-5.720687833775,5.999999999062E-07));
#6109 = ( GEOMETRIC_REPRESENTATION_CONTEXT(2) 
PARAMETRIC_REPRESENTATION_CONTEXT() REPRESENTATION_CONTEXT('2D SPACE',''
  ) );
#6110 = PCURVE('',#449,#6111);
#6111 = DEFINITIONAL_REPRESENTATION('',(#6112),#6115);
#6112 = B_SPLINE_CURVE_WITH_KNOTS('',1,(#6113,#6114),.UNSPECIFIED.,.F.,
  .F.,(2,2),(-4.5000006,5.999999999062E-07),.PIECEWISE_BEZIER_KNOTS.);
#6113 = CARTESIAN_POINT('',(-0.969400155584,-4.5000006));
#6114 = CARTESIAN_POINT('',(-0.969400155584,5.999999999062E-07));
#6115 = ( GEOMETRIC_REPRESENTATION_CONTEXT(2) 
PARAMETRIC_REPRESENTATION_CONTEXT() REPRESENTATION_CONTEXT('2D SPACE',''
  ) );
#6116 = ADVANCED_FACE('',(#6117),#449,.T.);
#6117 = FACE_BOUND('',#6118,.F.);
#6118 = EDGE_LOOP('',(#6119,#6138,#6139,#6140));
#6119 = ORIENTED_EDGE('',*,*,#6120,.F.);
#6120 = EDGE_CURVE('',#1978,#404,#6121,.T.);
#6121 = SURFACE_CURVE('',#6122,(#6126,#6132),.PCURVE_S1.);
#6122 = LINE('',#6123,#6124);
#6123 = CARTESIAN_POINT('',(11.5,-36.149888306,446.83931233149));
#6124 = VECTOR('',#6125,1.);
#6125 = DIRECTION('',(-1.,-0.,-0.));
#6126 = PCURVE('',#449,#6127);
#6127 = DEFINITIONAL_REPRESENTATION('',(#6128),#6131);
#6128 = B_SPLINE_CURVE_WITH_KNOTS('',1,(#6129,#6130),.UNSPECIFIED.,.F.,
  .F.,(2,2),(-4.5000006,5.999999999062E-07),.PIECEWISE_BEZIER_KNOTS.);
#6129 = CARTESIAN_POINT('',(-0.86319555901,-4.5000006));
#6130 = CARTESIAN_POINT('',(-0.86319555901,5.999999999062E-07));
#6131 = ( GEOMETRIC_REPRESENTATION_CONTEXT(2) 
PARAMETRIC_REPRESENTATION_CONTEXT() REPRESENTATION_CONTEXT('2D SPACE',''
  ) );
#6132 = PCURVE('',#420,#6133);
#6133 = DEFINITIONAL_REPRESENTATION('',(#6134),#6137);
#6134 = B_SPLINE_CURVE_WITH_KNOTS('',1,(#6135,#6136),.UNSPECIFIED.,.F.,
  .F.,(2,2),(-4.5000006,5.999999999062E-07),.PIECEWISE_BEZIER_KNOTS.);
#6135 = CARTESIAN_POINT('',(-2.395093187999,-4.5000006));
#6136 = CARTESIAN_POINT('',(-2.395093187999,5.999999999062E-07));
#6137 = ( GEOMETRIC_REPRESENTATION_CONTEXT(2) 
PARAMETRIC_REPRESENTATION_CONTEXT() REPRESENTATION_CONTEXT('2D SPACE',''
  ) );
#6138 = ORIENTED_EDGE('',*,*,#2012,.T.);
#6139 = ORIENTED_EDGE('',*,*,#6098,.T.);
#6140 = ORIENTED_EDGE('',*,*,#432,.F.);
#6141 = ADVANCED_FACE('',(#6142),#420,.F.);
#6142 = FACE_BOUND('',#6143,.T.);
#6143 = EDGE_LOOP('',(#6144,#6145,#6146,#6147,#6169,#6170));
#6144 = ORIENTED_EDGE('',*,*,#403,.F.);
#6145 = ORIENTED_EDGE('',*,*,#6120,.F.);
#6146 = ORIENTED_EDGE('',*,*,#1977,.F.);
#6147 = ORIENTED_EDGE('',*,*,#6148,.T.);
#6148 = EDGE_CURVE('',#1949,#1914,#6149,.T.);
#6149 = SURFACE_CURVE('',#6150,(#6155,#6162),.PCURVE_S1.);
#6150 = CIRCLE('',#6151,0.7);
#6151 = AXIS2_PLACEMENT_3D('',#6152,#6153,#6154);
#6152 = CARTESIAN_POINT('',(16.5,-35.63603896932,446.36396103067));
#6153 = DIRECTION('',(1.,0.,0.));
#6154 = DIRECTION('',(0.,1.,0.));
#6155 = PCURVE('',#420,#6156);
#6156 = DEFINITIONAL_REPRESENTATION('',(#6157),#6161);
#6157 = LINE('',#6158,#6159);
#6158 = CARTESIAN_POINT('',(-0.,-5.));
#6159 = VECTOR('',#6160,1.);
#6160 = DIRECTION('',(-1.,0.));
#6161 = ( GEOMETRIC_REPRESENTATION_CONTEXT(2) 
PARAMETRIC_REPRESENTATION_CONTEXT() REPRESENTATION_CONTEXT('2D SPACE',''
  ) );
#6162 = PCURVE('',#1965,#6163);
#6163 = DEFINITIONAL_REPRESENTATION('',(#6164),#6168);
#6164 = CIRCLE('',#6165,0.7);
#6165 = AXIS2_PLACEMENT_2D('',#6166,#6167);
#6166 = CARTESIAN_POINT('',(0.,0.));
#6167 = DIRECTION('',(0.,-1.));
#6168 = ( GEOMETRIC_REPRESENTATION_CONTEXT(2) 
PARAMETRIC_REPRESENTATION_CONTEXT() REPRESENTATION_CONTEXT('2D SPACE',''
  ) );
#6169 = ORIENTED_EDGE('',*,*,#1913,.F.);
#6170 = ORIENTED_EDGE('',*,*,#6171,.T.);
#6171 = EDGE_CURVE('',#1890,#375,#6172,.T.);
#6172 = SURFACE_CURVE('',#6173,(#6177,#6183),.PCURVE_S1.);
#6173 = LINE('',#6174,#6175);
#6174 = CARTESIAN_POINT('',(11.5,-35.1606876685,445.85011169399));
#6175 = VECTOR('',#6176,1.);
#6176 = DIRECTION('',(-1.,-0.,-0.));
#6177 = PCURVE('',#420,#6178);
#6178 = DEFINITIONAL_REPRESENTATION('',(#6179),#6182);
#6179 = B_SPLINE_CURVE_WITH_KNOTS('',1,(#6180,#6181),.UNSPECIFIED.,.F.,
  .F.,(2,2),(-4.5000006,5.999999999062E-07),.PIECEWISE_BEZIER_KNOTS.);
#6180 = CARTESIAN_POINT('',(-5.458888445976,-4.5000006));
#6181 = CARTESIAN_POINT('',(-5.458888445976,5.999999999062E-07));
#6182 = ( GEOMETRIC_REPRESENTATION_CONTEXT(2) 
PARAMETRIC_REPRESENTATION_CONTEXT() REPRESENTATION_CONTEXT('2D SPACE',''
  ) );
#6183 = PCURVE('',#391,#6184);
#6184 = DEFINITIONAL_REPRESENTATION('',(#6185),#6188);
#6185 = B_SPLINE_CURVE_WITH_KNOTS('',1,(#6186,#6187),.UNSPECIFIED.,.F.,
  .F.,(2,2),(-4.5000006,5.999999999062E-07),.PIECEWISE_BEZIER_KNOTS.);
#6186 = CARTESIAN_POINT('',(-0.707600767785,-4.5000006));
#6187 = CARTESIAN_POINT('',(-0.707600767785,5.999999999062E-07));
#6188 = ( GEOMETRIC_REPRESENTATION_CONTEXT(2) 
PARAMETRIC_REPRESENTATION_CONTEXT() REPRESENTATION_CONTEXT('2D SPACE',''
  ) );
#6189 = ADVANCED_FACE('',(#6190),#391,.T.);
#6190 = FACE_BOUND('',#6191,.F.);
#6191 = EDGE_LOOP('',(#6192,#6211,#6212,#6213));
#6192 = ORIENTED_EDGE('',*,*,#6193,.F.);
#6193 = EDGE_CURVE('',#1855,#346,#6194,.T.);
#6194 = SURFACE_CURVE('',#6195,(#6199,#6205),.PCURVE_S1.);
#6195 = LINE('',#6196,#6197);
#6196 = CARTESIAN_POINT('',(11.5,-34.57908174129,445.09214809266));
#6197 = VECTOR('',#6198,1.);
#6198 = DIRECTION('',(-1.,-0.,-0.));
#6199 = PCURVE('',#391,#6200);
#6200 = DEFINITIONAL_REPRESENTATION('',(#6201),#6204);
#6201 = B_SPLINE_CURVE_WITH_KNOTS('',1,(#6202,#6203),.UNSPECIFIED.,.F.,
  .F.,(2,2),(-4.5000006,5.999999999062E-07),.PIECEWISE_BEZIER_KNOTS.);
#6202 = CARTESIAN_POINT('',(-0.601396171211,-4.5000006));
#6203 = CARTESIAN_POINT('',(-0.601396171211,5.999999999062E-07));
#6204 = ( GEOMETRIC_REPRESENTATION_CONTEXT(2) 
PARAMETRIC_REPRESENTATION_CONTEXT() REPRESENTATION_CONTEXT('2D SPACE',''
  ) );
#6205 = PCURVE('',#362,#6206);
#6206 = DEFINITIONAL_REPRESENTATION('',(#6207),#6210);
#6207 = B_SPLINE_CURVE_WITH_KNOTS('',1,(#6208,#6209),.UNSPECIFIED.,.F.,
  .F.,(2,2),(-4.5000006,5.999999999062E-07),.PIECEWISE_BEZIER_KNOTS.);
#6208 = CARTESIAN_POINT('',(-2.1332938002,-4.5000006));
#6209 = CARTESIAN_POINT('',(-2.1332938002,5.999999999062E-07));
#6210 = ( GEOMETRIC_REPRESENTATION_CONTEXT(2) 
PARAMETRIC_REPRESENTATION_CONTEXT() REPRESENTATION_CONTEXT('2D SPACE',''
  ) );
#6211 = ORIENTED_EDGE('',*,*,#1889,.T.);
#6212 = ORIENTED_EDGE('',*,*,#6171,.T.);
#6213 = ORIENTED_EDGE('',*,*,#374,.F.);
#6214 = ADVANCED_FACE('',(#6215),#362,.F.);
#6215 = FACE_BOUND('',#6216,.T.);
#6216 = EDGE_LOOP('',(#6217,#6218,#6219,#6220,#6242,#6243));
#6217 = ORIENTED_EDGE('',*,*,#345,.F.);
#6218 = ORIENTED_EDGE('',*,*,#6193,.F.);
#6219 = ORIENTED_EDGE('',*,*,#1854,.F.);
#6220 = ORIENTED_EDGE('',*,*,#6221,.T.);
#6221 = EDGE_CURVE('',#1826,#1791,#6222,.T.);
#6222 = SURFACE_CURVE('',#6223,(#6228,#6235),.PCURVE_S1.);
#6223 = CIRCLE('',#6224,0.7);
#6224 = AXIS2_PLACEMENT_3D('',#6225,#6226,#6227);
#6225 = CARTESIAN_POINT('',(16.5,-34.20577136594,444.5));
#6226 = DIRECTION('',(1.,0.,0.));
#6227 = DIRECTION('',(0.,1.,0.));
#6228 = PCURVE('',#362,#6229);
#6229 = DEFINITIONAL_REPRESENTATION('',(#6230),#6234);
#6230 = LINE('',#6231,#6232);
#6231 = CARTESIAN_POINT('',(-0.,-5.));
#6232 = VECTOR('',#6233,1.);
#6233 = DIRECTION('',(-1.,0.));
#6234 = ( GEOMETRIC_REPRESENTATION_CONTEXT(2) 
PARAMETRIC_REPRESENTATION_CONTEXT() REPRESENTATION_CONTEXT('2D SPACE',''
  ) );
#6235 = PCURVE('',#1842,#6236);
#6236 = DEFINITIONAL_REPRESENTATION('',(#6237),#6241);
#6237 = CIRCLE('',#6238,0.7);
#6238 = AXIS2_PLACEMENT_2D('',#6239,#6240);
#6239 = CARTESIAN_POINT('',(5.684341886081E-14,7.105427357601E-15));
#6240 = DIRECTION('',(0.,-1.));
#6241 = ( GEOMETRIC_REPRESENTATION_CONTEXT(2) 
PARAMETRIC_REPRESENTATION_CONTEXT() REPRESENTATION_CONTEXT('2D SPACE',''
  ) );
#6242 = ORIENTED_EDGE('',*,*,#1790,.F.);
#6243 = ORIENTED_EDGE('',*,*,#6244,.T.);
#6244 = EDGE_CURVE('',#1767,#317,#6245,.T.);
#6245 = SURFACE_CURVE('',#6246,(#6250,#6256),.PCURVE_S1.);
#6246 = LINE('',#6247,#6248);
#6247 = CARTESIAN_POINT('',(11.5,-33.87961126256,443.88062968511));
#6248 = VECTOR('',#6249,1.);
#6249 = DIRECTION('',(-1.,-0.,-0.));
#6250 = PCURVE('',#362,#6251);
#6251 = DEFINITIONAL_REPRESENTATION('',(#6252),#6255);
#6252 = B_SPLINE_CURVE_WITH_KNOTS('',1,(#6253,#6254),.UNSPECIFIED.,.F.,
  .F.,(2,2),(-4.5000006,5.999999999062E-07),.PIECEWISE_BEZIER_KNOTS.);
#6253 = CARTESIAN_POINT('',(-5.197089058177,-4.5000006));
#6254 = CARTESIAN_POINT('',(-5.197089058177,5.999999999062E-07));
#6255 = ( GEOMETRIC_REPRESENTATION_CONTEXT(2) 
PARAMETRIC_REPRESENTATION_CONTEXT() REPRESENTATION_CONTEXT('2D SPACE',''
  ) );
#6256 = PCURVE('',#333,#6257);
#6257 = DEFINITIONAL_REPRESENTATION('',(#6258),#6261);
#6258 = B_SPLINE_CURVE_WITH_KNOTS('',1,(#6259,#6260),.UNSPECIFIED.,.F.,
  .F.,(2,2),(-4.5000006,5.999999999062E-07),.PIECEWISE_BEZIER_KNOTS.);
#6259 = CARTESIAN_POINT('',(-0.445801379986,-4.5000006));
#6260 = CARTESIAN_POINT('',(-0.445801379986,5.999999999062E-07));
#6261 = ( GEOMETRIC_REPRESENTATION_CONTEXT(2) 
PARAMETRIC_REPRESENTATION_CONTEXT() REPRESENTATION_CONTEXT('2D SPACE',''
  ) );
#6262 = ADVANCED_FACE('',(#6263),#333,.T.);
#6263 = FACE_BOUND('',#6264,.F.);
#6264 = EDGE_LOOP('',(#6265,#6266,#6267,#6268));
#6265 = ORIENTED_EDGE('',*,*,#1618,.F.);
#6266 = ORIENTED_EDGE('',*,*,#1766,.T.);
#6267 = ORIENTED_EDGE('',*,*,#6244,.T.);
#6268 = ORIENTED_EDGE('',*,*,#316,.F.);
#6269 = ADVANCED_FACE('',(#6270),#1691,.F.);
#6270 = FACE_BOUND('',#6271,.F.);
#6271 = EDGE_LOOP('',(#6272,#6273));
#6272 = ORIENTED_EDGE('',*,*,#1743,.T.);
#6273 = ORIENTED_EDGE('',*,*,#1674,.T.);
#6274 = ADVANCED_FACE('',(#6275),#4616,.T.);
#6275 = FACE_BOUND('',#6276,.T.);
#6276 = EDGE_LOOP('',(#6277));
#6277 = ORIENTED_EDGE('',*,*,#4601,.T.);
#6278 = ADVANCED_FACE('',(#6279),#4485,.F.);
#6279 = FACE_BOUND('',#6280,.F.);
#6280 = EDGE_LOOP('',(#6281,#6282));
#6281 = ORIENTED_EDGE('',*,*,#4468,.T.);
#6282 = ORIENTED_EDGE('',*,*,#4688,.T.);
#6283 = ADVANCED_FACE('',(#6284),#4362,.F.);
#6284 = FACE_BOUND('',#6285,.F.);
#6285 = EDGE_LOOP('',(#6286,#6287));
#6286 = ORIENTED_EDGE('',*,*,#4345,.T.);
#6287 = ORIENTED_EDGE('',*,*,#4761,.T.);
#6288 = ADVANCED_FACE('',(#6289),#4239,.F.);
#6289 = FACE_BOUND('',#6290,.F.);
#6290 = EDGE_LOOP('',(#6291,#6292));
#6291 = ORIENTED_EDGE('',*,*,#4222,.T.);
#6292 = ORIENTED_EDGE('',*,*,#4834,.T.);
#6293 = ADVANCED_FACE('',(#6294),#4116,.F.);
#6294 = FACE_BOUND('',#6295,.F.);
#6295 = EDGE_LOOP('',(#6296,#6297));
#6296 = ORIENTED_EDGE('',*,*,#4099,.T.);
#6297 = ORIENTED_EDGE('',*,*,#4907,.T.);
#6298 = ADVANCED_FACE('',(#6299),#3993,.F.);
#6299 = FACE_BOUND('',#6300,.F.);
#6300 = EDGE_LOOP('',(#6301,#6302));
#6301 = ORIENTED_EDGE('',*,*,#3976,.T.);
#6302 = ORIENTED_EDGE('',*,*,#4980,.T.);
#6303 = ADVANCED_FACE('',(#6304),#3870,.F.);
#6304 = FACE_BOUND('',#6305,.F.);
#6305 = EDGE_LOOP('',(#6306,#6307));
#6306 = ORIENTED_EDGE('',*,*,#3853,.T.);
#6307 = ORIENTED_EDGE('',*,*,#5053,.T.);
#6308 = ADVANCED_FACE('',(#6309),#3747,.F.);
#6309 = FACE_BOUND('',#6310,.F.);
#6310 = EDGE_LOOP('',(#6311,#6312));
#6311 = ORIENTED_EDGE('',*,*,#5123,.T.);
#6312 = ORIENTED_EDGE('',*,*,#3730,.T.);
#6313 = ADVANCED_FACE('',(#6314),#3624,.F.);
#6314 = FACE_BOUND('',#6315,.F.);
#6315 = EDGE_LOOP('',(#6316,#6317));
#6316 = ORIENTED_EDGE('',*,*,#5196,.T.);
#6317 = ORIENTED_EDGE('',*,*,#3607,.T.);
#6318 = ADVANCED_FACE('',(#6319),#3486,.F.);
#6319 = FACE_BOUND('',#6320,.F.);
#6320 = EDGE_LOOP('',(#6321,#6322));
#6321 = ORIENTED_EDGE('',*,*,#5269,.T.);
#6322 = ORIENTED_EDGE('',*,*,#3469,.T.);
#6323 = ADVANCED_FACE('',(#6324),#3363,.F.);
#6324 = FACE_BOUND('',#6325,.F.);
#6325 = EDGE_LOOP('',(#6326,#6327));
#6326 = ORIENTED_EDGE('',*,*,#5342,.T.);
#6327 = ORIENTED_EDGE('',*,*,#3346,.T.);
#6328 = ADVANCED_FACE('',(#6329),#3225,.F.);
#6329 = FACE_BOUND('',#6330,.F.);
#6330 = EDGE_LOOP('',(#6331,#6332));
#6331 = ORIENTED_EDGE('',*,*,#5415,.T.);
#6332 = ORIENTED_EDGE('',*,*,#3208,.T.);
#6333 = ADVANCED_FACE('',(#6334),#3102,.F.);
#6334 = FACE_BOUND('',#6335,.F.);
#6335 = EDGE_LOOP('',(#6336,#6337));
#6336 = ORIENTED_EDGE('',*,*,#5488,.T.);
#6337 = ORIENTED_EDGE('',*,*,#3085,.T.);
#6338 = ADVANCED_FACE('',(#6339),#2964,.F.);
#6339 = FACE_BOUND('',#6340,.F.);
#6340 = EDGE_LOOP('',(#6341,#6342));
#6341 = ORIENTED_EDGE('',*,*,#5561,.T.);
#6342 = ORIENTED_EDGE('',*,*,#2947,.T.);
#6343 = ADVANCED_FACE('',(#6344),#2841,.F.);
#6344 = FACE_BOUND('',#6345,.F.);
#6345 = EDGE_LOOP('',(#6346,#6347));
#6346 = ORIENTED_EDGE('',*,*,#5634,.T.);
#6347 = ORIENTED_EDGE('',*,*,#2824,.T.);
#6348 = ADVANCED_FACE('',(#6349),#2703,.F.);
#6349 = FACE_BOUND('',#6350,.F.);
#6350 = EDGE_LOOP('',(#6351,#6352));
#6351 = ORIENTED_EDGE('',*,*,#5707,.T.);
#6352 = ORIENTED_EDGE('',*,*,#2686,.T.);
#6353 = ADVANCED_FACE('',(#6354),#2580,.F.);
#6354 = FACE_BOUND('',#6355,.F.);
#6355 = EDGE_LOOP('',(#6356,#6357));
#6356 = ORIENTED_EDGE('',*,*,#5780,.T.);
#6357 = ORIENTED_EDGE('',*,*,#2563,.T.);
#6358 = ADVANCED_FACE('',(#6359),#2457,.F.);
#6359 = FACE_BOUND('',#6360,.F.);
#6360 = EDGE_LOOP('',(#6361,#6362));
#6361 = ORIENTED_EDGE('',*,*,#5853,.T.);
#6362 = ORIENTED_EDGE('',*,*,#2440,.T.);
#6363 = ADVANCED_FACE('',(#6364),#2334,.F.);
#6364 = FACE_BOUND('',#6365,.F.);
#6365 = EDGE_LOOP('',(#6366,#6367));
#6366 = ORIENTED_EDGE('',*,*,#2317,.T.);
#6367 = ORIENTED_EDGE('',*,*,#5929,.T.);
#6368 = ADVANCED_FACE('',(#6369),#2211,.F.);
#6369 = FACE_BOUND('',#6370,.F.);
#6370 = EDGE_LOOP('',(#6371,#6372));
#6371 = ORIENTED_EDGE('',*,*,#2194,.T.);
#6372 = ORIENTED_EDGE('',*,*,#6002,.T.);
#6373 = ADVANCED_FACE('',(#6374),#2088,.F.);
#6374 = FACE_BOUND('',#6375,.F.);
#6375 = EDGE_LOOP('',(#6376,#6377));
#6376 = ORIENTED_EDGE('',*,*,#2071,.T.);
#6377 = ORIENTED_EDGE('',*,*,#6075,.T.);
#6378 = ADVANCED_FACE('',(#6379),#1965,.F.);
#6379 = FACE_BOUND('',#6380,.F.);
#6380 = EDGE_LOOP('',(#6381,#6382));
#6381 = ORIENTED_EDGE('',*,*,#1948,.T.);
#6382 = ORIENTED_EDGE('',*,*,#6148,.T.);
#6383 = ADVANCED_FACE('',(#6384),#1842,.F.);
#6384 = FACE_BOUND('',#6385,.F.);
#6385 = EDGE_LOOP('',(#6386,#6387));
#6386 = ORIENTED_EDGE('',*,*,#1825,.T.);
#6387 = ORIENTED_EDGE('',*,*,#6221,.T.);
#6388 = ( GEOMETRIC_REPRESENTATION_CONTEXT(3) 
GLOBAL_UNCERTAINTY_ASSIGNED_CONTEXT((#6392)) 
GLOBAL_UNIT_ASSIGNED_CONTEXT((#6389,#6390,#6391)) REPRESENTATION_CONTEXT
('Context #1','3D Context with UNIT and UNCERTAINTY') );
#6389 = ( LENGTH_UNIT() NAMED_UNIT(*) SI_UNIT(.MILLI.,.METRE.) );
#6390 = ( NAMED_UNIT(*) PLANE_ANGLE_UNIT() SI_UNIT($,.RADIAN.) );
#6391 = ( NAMED_UNIT(*) SI_UNIT($,.STERADIAN.) SOLID_ANGLE_UNIT() );
#6392 = UNCERTAINTY_MEASURE_WITH_UNIT(LENGTH_MEASURE(1.E-07),#6389,
  'distance_accuracy_value','confusion accuracy');
#6393 = PRODUCT_RELATED_PRODUCT_CATEGORY('part',$,(#7));
ENDSEC;
END-ISO-10303-21;
