ISO-10303-21;
HEADER;
FILE_DESCRIPTION(('KiCad electronic assembly'),'2;1');
FILE_NAME('eclipse-halo.step','2026-10-07T20:14:48',('Pcbnew'),('Kicad')
  ,'Open CASCADE STEP processor 7.6','KiCad to STEP converter','Unknown'
  );
FILE_SCHEMA(('AUTOMOTIVE_DESIGN { 1 0 10303 214 1 1 1 1 }'));
ENDSEC;
DATA;
#1 = APPLICATION_PROTOCOL_DEFINITION('international standard',
  'automotive_design',2000,#2);
#2 = APPLICATION_CONTEXT(
  'core data for automotive mechanical design processes');
#3 = SHAPE_DEFINITION_REPRESENTATION(#4,#10);
#4 = PRODUCT_DEFINITION_SHAPE('','',#5);
#5 = PRODUCT_DEFINITION('design','',#6,#9);
#6 = PRODUCT_DEFINITION_FORMATION('','',#7);
#7 = PRODUCT('eclipse-halo 1','eclipse-halo 1','',(#8));
#8 = PRODUCT_CONTEXT('',#2,'mechanical');
#9 = PRODUCT_DEFINITION_CONTEXT('part definition',#2,'design');
#10 = SHAPE_REPRESENTATION('',(#11,#15,#19,#23,#27,#31,#35,#39,#43,#47,
    #51,#55,#59,#63,#67,#71,#75,#79,#83,#87,#91,#95,#99,#103,#107,#111,
    #115,#119,#123,#127,#131,#135,#139,#143,#147,#151,#155,#159,#163,
    #167,#171,#175,#179,#183),#187);
#11 = AXIS2_PLACEMENT_3D('',#12,#13,#14);
#12 = CARTESIAN_POINT('',(0.,0.,0.));
#13 = DIRECTION('',(0.,0.,1.));
#14 = DIRECTION('',(1.,0.,-0.));
#15 = AXIS2_PLACEMENT_3D('',#16,#17,#18);
#16 = CARTESIAN_POINT('',(87.513292,-21.010082,1.56));
#17 = DIRECTION('',(0.,-0.,1.));
#18 = DIRECTION('',(0.233445363856,0.972369920398,0.));
#19 = AXIS2_PLACEMENT_3D('',#20,#21,#22);
#20 = CARTESIAN_POINT('',(-21.010083,-87.513292,1.56));
#21 = DIRECTION('',(0.,0.,1.));
#22 = DIRECTION('',(-0.972369920398,0.233445363856,0.));
#23 = AXIS2_PLACEMENT_3D('',#24,#25,#26);
#24 = CARTESIAN_POINT('',(-58.450325,-68.436536,1.56));
#25 = DIRECTION('',(0.,0.,1.));
#26 = DIRECTION('',(-0.7604059656,0.64944804833,0.));
#27 = AXIS2_PLACEMENT_3D('',#28,#29,#30);
#28 = CARTESIAN_POINT('',(89.72256,-7.061318,1.56));
#29 = DIRECTION('',(0.,-0.,1.));
#30 = DIRECTION('',(7.845909572785E-02,0.996917333733,0.));
#31 = AXIS2_PLACEMENT_3D('',#32,#33,#34);
#32 = CARTESIAN_POINT('',(-87.513293,-21.010082,1.56));
#33 = DIRECTION('',(0.,0.,1.));
#34 = DIRECTION('',(-0.233445363856,0.972369920398,0.));
#35 = AXIS2_PLACEMENT_3D('',#36,#37,#38);
#36 = CARTESIAN_POINT('',(0.,91.,1.56));
#37 = DIRECTION('',(0.,0.,1.));
#38 = DIRECTION('',(-1.,1.224646799147E-16,0.));
#39 = AXIS2_PLACEMENT_3D('',#40,#41,#42);
#40 = CARTESIAN_POINT('',(-34.441509,-83.149157,1.56));
#41 = DIRECTION('',(0.,0.,1.));
#42 = DIRECTION('',(-0.923879532511,0.382683432365,0.));
#43 = AXIS2_PLACEMENT_3D('',#44,#45,#46);
#44 = CARTESIAN_POINT('',(-68.436537,58.450325,1.56));
#45 = DIRECTION('',(0.,-0.,1.));
#46 = DIRECTION('',(0.64944804833,0.7604059656,0.));
#47 = AXIS2_PLACEMENT_3D('',#48,#49,#50);
#48 = CARTESIAN_POINT('',(0.,102.,1.56));
#49 = DIRECTION('',(0.,0.,1.));
#50 = DIRECTION('',(-1.,1.224646799147E-16,0.));
#51 = AXIS2_PLACEMENT_3D('',#52,#53,#54);
#52 = CARTESIAN_POINT('',(68.436536,-58.450324,1.56));
#53 = DIRECTION('',(0.,-0.,1.));
#54 = DIRECTION('',(0.64944804833,0.7604059656,0.));
#55 = AXIS2_PLACEMENT_3D('',#56,#57,#58);
#56 = CARTESIAN_POINT('',(47.02487,76.737615,1.56));
#57 = DIRECTION('',(0.,0.,1.));
#58 = DIRECTION('',(-0.852640164354,0.522498564716,0.));
#59 = AXIS2_PLACEMENT_3D('',#60,#61,#62);
#60 = CARTESIAN_POINT('',(83.149157,34.441509,1.56));
#61 = DIRECTION('',(0.,0.,1.));
#62 = DIRECTION('',(-0.382683432365,0.923879532511,0.));
#63 = AXIS2_PLACEMENT_3D('',#64,#65,#66);
#64 = CARTESIAN_POINT('',(-47.024871,-76.737614,1.56));
#65 = DIRECTION('',(0.,0.,1.));
#66 = DIRECTION('',(-0.852640164354,0.522498564716,0.));
#67 = AXIS2_PLACEMENT_3D('',#68,#69,#70);
#68 = CARTESIAN_POINT('',(68.436536,58.450325,1.56));
#69 = DIRECTION('',(0.,0.,1.));
#70 = DIRECTION('',(-0.64944804833,0.7604059656,0.));
#71 = AXIS2_PLACEMENT_3D('',#72,#73,#74);
#72 = CARTESIAN_POINT('',(-76.737615,47.024871,1.56));
#73 = DIRECTION('',(0.,-0.,1.));
#74 = DIRECTION('',(0.522498564716,0.852640164354,0.));
#75 = AXIS2_PLACEMENT_3D('',#76,#77,#78);
#76 = CARTESIAN_POINT('',(58.450324,-68.436536,1.56));
#77 = DIRECTION('',(0.,-0.,1.));
#78 = DIRECTION('',(0.7604059656,0.64944804833,0.));
#79 = AXIS2_PLACEMENT_3D('',#80,#81,#82);
#80 = CARTESIAN_POINT('',(7.061318,89.722561,1.56));
#81 = DIRECTION('',(0.,0.,1.));
#82 = DIRECTION('',(-0.996917333733,7.845909572785E-02,0.));
#83 = AXIS2_PLACEMENT_3D('',#84,#85,#86);
#84 = CARTESIAN_POINT('',(34.441508,83.149158,1.56));
#85 = DIRECTION('',(0.,0.,1.));
#86 = DIRECTION('',(-0.923879532511,0.382683432365,0.));
#87 = AXIS2_PLACEMENT_3D('',#88,#89,#90);
#88 = CARTESIAN_POINT('',(-76.737615,-47.02487,1.56));
#89 = DIRECTION('',(0.,0.,1.));
#90 = DIRECTION('',(-0.522498564716,0.852640164354,0.));
#91 = AXIS2_PLACEMENT_3D('',#92,#93,#94);
#92 = CARTESIAN_POINT('',(-47.024871,76.737615,1.56));
#93 = DIRECTION('',(0.,-0.,1.));
#94 = DIRECTION('',(0.852640164354,0.522498564716,0.));
#95 = AXIS2_PLACEMENT_3D('',#96,#97,#98);
#96 = CARTESIAN_POINT('',(76.737614,47.024871,1.56));
#97 = DIRECTION('',(0.,0.,1.));
#98 = DIRECTION('',(-0.522498564716,0.852640164354,0.));
#99 = AXIS2_PLACEMENT_3D('',#100,#101,#102);
#100 = CARTESIAN_POINT('',(-87.513293,21.010083,1.56));
#101 = DIRECTION('',(0.,-0.,1.));
#102 = DIRECTION('',(0.233445363856,0.972369920398,0.));
#103 = AXIS2_PLACEMENT_3D('',#104,#105,#106);
#104 = CARTESIAN_POINT('',(-68.436537,-58.450324,1.56));
#105 = DIRECTION('',(0.,0.,1.));
#106 = DIRECTION('',(-0.64944804833,0.7604059656,0.));
#107 = AXIS2_PLACEMENT_3D('',#108,#109,#110);
#108 = CARTESIAN_POINT('',(7.061318,-89.72256,1.56));
#109 = DIRECTION('',(0.,-0.,1.));
#110 = DIRECTION('',(0.996917333733,7.845909572784E-02,0.));
#111 = AXIS2_PLACEMENT_3D('',#112,#113,#114);
#112 = CARTESIAN_POINT('',(-89.722561,-7.061318,1.56));
#113 = DIRECTION('',(0.,0.,1.));
#114 = DIRECTION('',(-7.845909572784E-02,0.996917333733,0.));
#115 = AXIS2_PLACEMENT_3D('',#116,#117,#118);
#116 = CARTESIAN_POINT('',(-58.450325,68.436537,1.56));
#117 = DIRECTION('',(0.,-0.,1.));
#118 = DIRECTION('',(0.7604059656,0.64944804833,0.));
#119 = AXIS2_PLACEMENT_3D('',#120,#121,#122);
#120 = CARTESIAN_POINT('',(89.72256,7.061319,1.56));
#121 = DIRECTION('',(0.,0.,1.));
#122 = DIRECTION('',(-7.845909572784E-02,0.996917333733,0.));
#123 = AXIS2_PLACEMENT_3D('',#124,#125,#126);
#124 = CARTESIAN_POINT('',(34.441508,-83.149157,1.56));
#125 = DIRECTION('',(0.,-0.,1.));
#126 = DIRECTION('',(0.923879532511,0.382683432365,0.));
#127 = AXIS2_PLACEMENT_3D('',#128,#129,#130);
#128 = CARTESIAN_POINT('',(21.010082,87.513293,1.56));
#129 = DIRECTION('',(0.,0.,1.));
#130 = DIRECTION('',(-0.972369920398,0.233445363856,0.));
#131 = AXIS2_PLACEMENT_3D('',#132,#133,#134);
#132 = CARTESIAN_POINT('',(-7.061319,-89.72256,1.56));
#133 = DIRECTION('',(0.,0.,1.));
#134 = DIRECTION('',(-0.996917333733,7.845909572785E-02,0.));
#135 = AXIS2_PLACEMENT_3D('',#136,#137,#138);
#136 = CARTESIAN_POINT('',(-7.061319,89.722561,1.56));
#137 = DIRECTION('',(0.,-0.,1.));
#138 = DIRECTION('',(0.996917333733,7.845909572784E-02,0.));
#139 = AXIS2_PLACEMENT_3D('',#140,#141,#142);
#140 = CARTESIAN_POINT('',(-34.441509,83.149158,1.56));
#141 = DIRECTION('',(0.,-0.,1.));
#142 = DIRECTION('',(0.923879532511,0.382683432365,0.));
#143 = AXIS2_PLACEMENT_3D('',#144,#145,#146);
#144 = CARTESIAN_POINT('',(76.737614,-47.02487,1.56));
#145 = DIRECTION('',(0.,-0.,1.));
#146 = DIRECTION('',(0.522498564716,0.852640164354,0.));
#147 = AXIS2_PLACEMENT_3D('',#148,#149,#150);
#148 = CARTESIAN_POINT('',(21.010082,-87.513292,1.56));
#149 = DIRECTION('',(0.,-0.,1.));
#150 = DIRECTION('',(0.972369920398,0.233445363856,0.));
#151 = AXIS2_PLACEMENT_3D('',#152,#153,#154);
#152 = CARTESIAN_POINT('',(87.513292,21.010083,1.56));
#153 = DIRECTION('',(0.,0.,1.));
#154 = DIRECTION('',(-0.233445363856,0.972369920398,0.));
#155 = AXIS2_PLACEMENT_3D('',#156,#157,#158);
#156 = CARTESIAN_POINT('',(-21.010083,87.513293,1.56));
#157 = DIRECTION('',(0.,-0.,1.));
#158 = DIRECTION('',(0.972369920398,0.233445363856,0.));
#159 = AXIS2_PLACEMENT_3D('',#160,#161,#162);
#160 = CARTESIAN_POINT('',(83.149157,-34.441508,1.56));
#161 = DIRECTION('',(0.,-0.,1.));
#162 = DIRECTION('',(0.382683432365,0.923879532511,0.));
#163 = AXIS2_PLACEMENT_3D('',#164,#165,#166);
#164 = CARTESIAN_POINT('',(-89.722561,7.061319,1.56));
#165 = DIRECTION('',(0.,-0.,1.));
#166 = DIRECTION('',(7.845909572785E-02,0.996917333733,0.));
#167 = AXIS2_PLACEMENT_3D('',#168,#169,#170);
#168 = CARTESIAN_POINT('',(-83.149158,34.441509,1.56));
#169 = DIRECTION('',(0.,-0.,1.));
#170 = DIRECTION('',(0.382683432365,0.923879532511,0.));
#171 = AXIS2_PLACEMENT_3D('',#172,#173,#174);
#172 = CARTESIAN_POINT('',(-83.149158,-34.441508,1.56));
#173 = DIRECTION('',(0.,0.,1.));
#174 = DIRECTION('',(-0.382683432365,0.923879532511,0.));
#175 = AXIS2_PLACEMENT_3D('',#176,#177,#178);
#176 = CARTESIAN_POINT('',(58.450324,68.436537,1.56));
#177 = DIRECTION('',(0.,0.,1.));
#178 = DIRECTION('',(-0.7604059656,0.64944804833,0.));
#179 = AXIS2_PLACEMENT_3D('',#180,#181,#182);
#180 = CARTESIAN_POINT('',(47.02487,-76.737614,1.56));
#181 = DIRECTION('',(0.,-0.,1.));
#182 = DIRECTION('',(0.852640164354,0.522498564716,0.));
#183 = AXIS2_PLACEMENT_3D('',#184,#185,#186);
#184 = CARTESIAN_POINT('',(0.,0.,0.));
#185 = DIRECTION('',(0.,0.,1.));
#186 = DIRECTION('',(1.,0.,-0.));
#187 = ( GEOMETRIC_REPRESENTATION_CONTEXT(3) 
GLOBAL_UNCERTAINTY_ASSIGNED_CONTEXT((#191)) GLOBAL_UNIT_ASSIGNED_CONTEXT
((#188,#189,#190)) REPRESENTATION_CONTEXT('Context #1',
  '3D Context with UNIT and UNCERTAINTY') );
#188 = ( LENGTH_UNIT() NAMED_UNIT(*) SI_UNIT(.MILLI.,.METRE.) );
#189 = ( NAMED_UNIT(*) PLANE_ANGLE_UNIT() SI_UNIT($,.RADIAN.) );
#190 = ( NAMED_UNIT(*) SI_UNIT($,.STERADIAN.) SOLID_ANGLE_UNIT() );
#191 = UNCERTAINTY_MEASURE_WITH_UNIT(LENGTH_MEASURE(1.E-07),#188,
  'distance_accuracy_value','confusion accuracy');
#192 = PRODUCT_RELATED_PRODUCT_CATEGORY('part',$,(#7));
#193 = SHAPE_DEFINITION_REPRESENTATION(#194,#200);
#194 = PRODUCT_DEFINITION_SHAPE('','',#195);
#195 = PRODUCT_DEFINITION('design','',#196,#199);
#196 = PRODUCT_DEFINITION_FORMATION('','',#197);
#197 = PRODUCT('LED_3030','LED_3030','',(#198));
#198 = PRODUCT_CONTEXT('',#2,'mechanical');
#199 = PRODUCT_DEFINITION_CONTEXT('part definition',#2,'design');
#200 = SHAPE_REPRESENTATION('',(#11,#201,#205),#209);
#201 = AXIS2_PLACEMENT_3D('',#202,#203,#204);
#202 = CARTESIAN_POINT('',(0.,0.,0.));
#203 = DIRECTION('',(0.,0.,1.));
#204 = DIRECTION('',(1.,0.,0.));
#205 = AXIS2_PLACEMENT_3D('',#206,#207,#208);
#206 = CARTESIAN_POINT('',(0.,0.,0.));
#207 = DIRECTION('',(0.,0.,1.));
#208 = DIRECTION('',(1.,0.,0.));
#209 = ( GEOMETRIC_REPRESENTATION_CONTEXT(3) 
GLOBAL_UNCERTAINTY_ASSIGNED_CONTEXT((#213)) GLOBAL_UNIT_ASSIGNED_CONTEXT
((#210,#211,#212)) REPRESENTATION_CONTEXT('Context #1',
  '3D Context with UNIT and UNCERTAINTY') );
#210 = ( LENGTH_UNIT() NAMED_UNIT(*) SI_UNIT(.MILLI.,.METRE.) );
#211 = ( NAMED_UNIT(*) PLANE_ANGLE_UNIT() SI_UNIT($,.RADIAN.) );
#212 = ( NAMED_UNIT(*) SI_UNIT($,.STERADIAN.) SOLID_ANGLE_UNIT() );
#213 = UNCERTAINTY_MEASURE_WITH_UNIT(LENGTH_MEASURE(1.E-07),#210,
  'distance_accuracy_value','confusion accuracy');
#214 = CONTEXT_DEPENDENT_SHAPE_REPRESENTATION(#215,#217);
#215 = ( REPRESENTATION_RELATIONSHIP('','',#200,#10) 
REPRESENTATION_RELATIONSHIP_WITH_TRANSFORMATION(#216) 
SHAPE_REPRESENTATION_RELATIONSHIP() );
#216 = ITEM_DEFINED_TRANSFORMATION('','',#11,#15);
#217 = PRODUCT_DEFINITION_SHAPE('Placement','Placement of an item',#218
  );
#218 = NEXT_ASSEMBLY_USAGE_OCCURRENCE('3','D12','',#5,#195,$);
#219 = PRODUCT_RELATED_PRODUCT_CATEGORY('part',$,(#197));
#220 = SHAPE_DEFINITION_REPRESENTATION(#221,#227);
#221 = PRODUCT_DEFINITION_SHAPE('','',#222);
#222 = PRODUCT_DEFINITION('design','',#223,#226);
#223 = PRODUCT_DEFINITION_FORMATION('','',#224);
#224 = PRODUCT('housing','housing','',(#225));
#225 = PRODUCT_CONTEXT('',#2,'mechanical');
#226 = PRODUCT_DEFINITION_CONTEXT('part definition',#2,'design');
#227 = ADVANCED_BREP_SHAPE_REPRESENTATION('',(#11,#228),#555);
#228 = MANIFOLD_SOLID_BREP('',#229);
#229 = CLOSED_SHELL('',(#230,#270,#344,#368,#392,#441,#458,#475,#492,
    #509,#521,#546));
#230 = ADVANCED_FACE('',(#231),#265,.F.);
#231 = FACE_BOUND('',#232,.F.);
#232 = EDGE_LOOP('',(#233,#243,#251,#259));
#233 = ORIENTED_EDGE('',*,*,#234,.F.);
#234 = EDGE_CURVE('',#235,#237,#239,.T.);
#235 = VERTEX_POINT('',#236);
#236 = CARTESIAN_POINT('',(-1.5,-1.35,0.52));
#237 = VERTEX_POINT('',#238);
#238 = CARTESIAN_POINT('',(-1.5,1.35,0.52));
#239 = LINE('',#240,#241);
#240 = CARTESIAN_POINT('',(-1.5,-1.5,0.52));
#241 = VECTOR('',#242,1.);
#242 = DIRECTION('',(0.,1.,0.));
#243 = ORIENTED_EDGE('',*,*,#244,.F.);
#244 = EDGE_CURVE('',#245,#235,#247,.T.);
#245 = VERTEX_POINT('',#246);
#246 = CARTESIAN_POINT('',(-1.5,-1.35,0.));
#247 = LINE('',#248,#249);
#248 = CARTESIAN_POINT('',(-1.5,-1.35,0.));
#249 = VECTOR('',#250,1.);
#250 = DIRECTION('',(0.,0.,1.));
#251 = ORIENTED_EDGE('',*,*,#252,.T.);
#252 = EDGE_CURVE('',#245,#253,#255,.T.);
#253 = VERTEX_POINT('',#254);
#254 = CARTESIAN_POINT('',(-1.5,1.35,0.));
#255 = LINE('',#256,#257);
#256 = CARTESIAN_POINT('',(-1.5,-1.5,0.));
#257 = VECTOR('',#258,1.);
#258 = DIRECTION('',(0.,1.,0.));
#259 = ORIENTED_EDGE('',*,*,#260,.T.);
#260 = EDGE_CURVE('',#253,#237,#261,.T.);
#261 = LINE('',#262,#263);
#262 = CARTESIAN_POINT('',(-1.5,1.35,0.));
#263 = VECTOR('',#264,1.);
#264 = DIRECTION('',(0.,0.,1.));
#265 = PLANE('',#266);
#266 = AXIS2_PLACEMENT_3D('',#267,#268,#269);
#267 = CARTESIAN_POINT('',(-1.5,-1.5,0.));
#268 = DIRECTION('',(1.,0.,0.));
#269 = DIRECTION('',(0.,0.,1.));
#270 = ADVANCED_FACE('',(#271,#328),#339,.T.);
#271 = FACE_BOUND('',#272,.T.);
#272 = EDGE_LOOP('',(#273,#274,#282,#290,#298,#306,#314,#322));
#273 = ORIENTED_EDGE('',*,*,#234,.F.);
#274 = ORIENTED_EDGE('',*,*,#275,.T.);
#275 = EDGE_CURVE('',#235,#276,#278,.T.);
#276 = VERTEX_POINT('',#277);
#277 = CARTESIAN_POINT('',(-1.35,-1.5,0.52));
#278 = LINE('',#279,#280);
#279 = CARTESIAN_POINT('',(-1.425,-1.425,0.52));
#280 = VECTOR('',#281,1.);
#281 = DIRECTION('',(0.707106781187,-0.707106781187,0.));
#282 = ORIENTED_EDGE('',*,*,#283,.T.);
#283 = EDGE_CURVE('',#276,#284,#286,.T.);
#284 = VERTEX_POINT('',#285);
#285 = CARTESIAN_POINT('',(1.35,-1.5,0.52));
#286 = LINE('',#287,#288);
#287 = CARTESIAN_POINT('',(-1.5,-1.5,0.52));
#288 = VECTOR('',#289,1.);
#289 = DIRECTION('',(1.,0.,0.));
#290 = ORIENTED_EDGE('',*,*,#291,.F.);
#291 = EDGE_CURVE('',#292,#284,#294,.T.);
#292 = VERTEX_POINT('',#293);
#293 = CARTESIAN_POINT('',(1.5,-1.35,0.52));
#294 = LINE('',#295,#296);
#295 = CARTESIAN_POINT('',(0.675,-2.175,0.52));
#296 = VECTOR('',#297,1.);
#297 = DIRECTION('',(-0.707106781187,-0.707106781187,0.));
#298 = ORIENTED_EDGE('',*,*,#299,.T.);
#299 = EDGE_CURVE('',#292,#300,#302,.T.);
#300 = VERTEX_POINT('',#301);
#301 = CARTESIAN_POINT('',(1.5,1.35,0.52));
#302 = LINE('',#303,#304);
#303 = CARTESIAN_POINT('',(1.5,-1.5,0.52));
#304 = VECTOR('',#305,1.);
#305 = DIRECTION('',(0.,1.,0.));
#306 = ORIENTED_EDGE('',*,*,#307,.T.);
#307 = EDGE_CURVE('',#300,#308,#310,.T.);
#308 = VERTEX_POINT('',#309);
#309 = CARTESIAN_POINT('',(1.35,1.5,0.52));
#310 = LINE('',#311,#312);
#311 = CARTESIAN_POINT('',(1.425,1.425,0.52));
#312 = VECTOR('',#313,1.);
#313 = DIRECTION('',(-0.707106781187,0.707106781187,0.));
#314 = ORIENTED_EDGE('',*,*,#315,.F.);
#315 = EDGE_CURVE('',#316,#308,#318,.T.);
#316 = VERTEX_POINT('',#317);
#317 = CARTESIAN_POINT('',(-1.35,1.5,0.52));
#318 = LINE('',#319,#320);
#319 = CARTESIAN_POINT('',(-1.5,1.5,0.52));
#320 = VECTOR('',#321,1.);
#321 = DIRECTION('',(1.,0.,0.));
#322 = ORIENTED_EDGE('',*,*,#323,.F.);
#323 = EDGE_CURVE('',#237,#316,#324,.T.);
#324 = LINE('',#325,#326);
#325 = CARTESIAN_POINT('',(-2.175,0.675,0.52));
#326 = VECTOR('',#327,1.);
#327 = DIRECTION('',(0.707106781187,0.707106781187,-0.));
#328 = FACE_BOUND('',#329,.T.);
#329 = EDGE_LOOP('',(#330));
#330 = ORIENTED_EDGE('',*,*,#331,.T.);
#331 = EDGE_CURVE('',#332,#332,#334,.T.);
#332 = VERTEX_POINT('',#333);
#333 = CARTESIAN_POINT('',(1.25,0.,0.52));
#334 = CIRCLE('',#335,1.25);
#335 = AXIS2_PLACEMENT_3D('',#336,#337,#338);
#336 = CARTESIAN_POINT('',(0.,0.,0.52));
#337 = DIRECTION('',(0.,0.,-1.));
#338 = DIRECTION('',(1.,0.,0.));
#339 = PLANE('',#340);
#340 = AXIS2_PLACEMENT_3D('',#341,#342,#343);
#341 = CARTESIAN_POINT('',(-1.5,-1.5,0.52));
#342 = DIRECTION('',(0.,0.,1.));
#343 = DIRECTION('',(1.,0.,-0.));
#344 = ADVANCED_FACE('',(#345),#363,.T.);
#345 = FACE_BOUND('',#346,.F.);
#346 = EDGE_LOOP('',(#347,#355,#356,#357));
#347 = ORIENTED_EDGE('',*,*,#348,.F.);
#348 = EDGE_CURVE('',#245,#349,#351,.T.);
#349 = VERTEX_POINT('',#350);
#350 = CARTESIAN_POINT('',(-1.35,-1.5,0.));
#351 = LINE('',#352,#353);
#352 = CARTESIAN_POINT('',(-1.425,-1.425,0.));
#353 = VECTOR('',#354,1.);
#354 = DIRECTION('',(0.707106781187,-0.707106781187,0.));
#355 = ORIENTED_EDGE('',*,*,#244,.T.);
#356 = ORIENTED_EDGE('',*,*,#275,.T.);
#357 = ORIENTED_EDGE('',*,*,#358,.F.);
#358 = EDGE_CURVE('',#349,#276,#359,.T.);
#359 = LINE('',#360,#361);
#360 = CARTESIAN_POINT('',(-1.35,-1.5,0.));
#361 = VECTOR('',#362,1.);
#362 = DIRECTION('',(0.,0.,1.));
#363 = PLANE('',#364);
#364 = AXIS2_PLACEMENT_3D('',#365,#366,#367);
#365 = CARTESIAN_POINT('',(-1.425,-1.425,0.));
#366 = DIRECTION('',(-0.707106781187,-0.707106781187,0.));
#367 = DIRECTION('',(-0.,0.,-1.));
#368 = ADVANCED_FACE('',(#369),#387,.F.);
#369 = FACE_BOUND('',#370,.T.);
#370 = EDGE_LOOP('',(#371,#379,#380,#381));
#371 = ORIENTED_EDGE('',*,*,#372,.F.);
#372 = EDGE_CURVE('',#253,#373,#375,.T.);
#373 = VERTEX_POINT('',#374);
#374 = CARTESIAN_POINT('',(-1.35,1.5,0.));
#375 = LINE('',#376,#377);
#376 = CARTESIAN_POINT('',(-2.175,0.675,0.));
#377 = VECTOR('',#378,1.);
#378 = DIRECTION('',(0.707106781187,0.707106781187,-0.));
#379 = ORIENTED_EDGE('',*,*,#260,.T.);
#380 = ORIENTED_EDGE('',*,*,#323,.T.);
#381 = ORIENTED_EDGE('',*,*,#382,.F.);
#382 = EDGE_CURVE('',#373,#316,#383,.T.);
#383 = LINE('',#384,#385);
#384 = CARTESIAN_POINT('',(-1.35,1.5,0.));
#385 = VECTOR('',#386,1.);
#386 = DIRECTION('',(0.,0.,1.));
#387 = PLANE('',#388);
#388 = AXIS2_PLACEMENT_3D('',#389,#390,#391);
#389 = CARTESIAN_POINT('',(-1.425,1.425,0.));
#390 = DIRECTION('',(0.707106781187,-0.707106781187,0.));
#391 = DIRECTION('',(0.,-0.,-1.));
#392 = ADVANCED_FACE('',(#393),#436,.F.);
#393 = FACE_BOUND('',#394,.F.);
#394 = EDGE_LOOP('',(#395,#396,#397,#405,#413,#421,#429,#435));
#395 = ORIENTED_EDGE('',*,*,#252,.F.);
#396 = ORIENTED_EDGE('',*,*,#348,.T.);
#397 = ORIENTED_EDGE('',*,*,#398,.T.);
#398 = EDGE_CURVE('',#349,#399,#401,.T.);
#399 = VERTEX_POINT('',#400);
#400 = CARTESIAN_POINT('',(1.35,-1.5,0.));
#401 = LINE('',#402,#403);
#402 = CARTESIAN_POINT('',(-1.5,-1.5,0.));
#403 = VECTOR('',#404,1.);
#404 = DIRECTION('',(1.,0.,0.));
#405 = ORIENTED_EDGE('',*,*,#406,.F.);
#406 = EDGE_CURVE('',#407,#399,#409,.T.);
#407 = VERTEX_POINT('',#408);
#408 = CARTESIAN_POINT('',(1.5,-1.35,0.));
#409 = LINE('',#410,#411);
#410 = CARTESIAN_POINT('',(0.675,-2.175,0.));
#411 = VECTOR('',#412,1.);
#412 = DIRECTION('',(-0.707106781187,-0.707106781187,0.));
#413 = ORIENTED_EDGE('',*,*,#414,.T.);
#414 = EDGE_CURVE('',#407,#415,#417,.T.);
#415 = VERTEX_POINT('',#416);
#416 = CARTESIAN_POINT('',(1.5,1.35,0.));
#417 = LINE('',#418,#419);
#418 = CARTESIAN_POINT('',(1.5,-1.5,0.));
#419 = VECTOR('',#420,1.);
#420 = DIRECTION('',(0.,1.,0.));
#421 = ORIENTED_EDGE('',*,*,#422,.T.);
#422 = EDGE_CURVE('',#415,#423,#425,.T.);
#423 = VERTEX_POINT('',#424);
#424 = CARTESIAN_POINT('',(1.35,1.5,0.));
#425 = LINE('',#426,#427);
#426 = CARTESIAN_POINT('',(1.425,1.425,0.));
#427 = VECTOR('',#428,1.);
#428 = DIRECTION('',(-0.707106781187,0.707106781187,0.));
#429 = ORIENTED_EDGE('',*,*,#430,.F.);
#430 = EDGE_CURVE('',#373,#423,#431,.T.);
#431 = LINE('',#432,#433);
#432 = CARTESIAN_POINT('',(-1.5,1.5,0.));
#433 = VECTOR('',#434,1.);
#434 = DIRECTION('',(1.,0.,0.));
#435 = ORIENTED_EDGE('',*,*,#372,.F.);
#436 = PLANE('',#437);
#437 = AXIS2_PLACEMENT_3D('',#438,#439,#440);
#438 = CARTESIAN_POINT('',(-1.5,-1.5,0.));
#439 = DIRECTION('',(0.,0.,1.));
#440 = DIRECTION('',(1.,0.,-0.));
#441 = ADVANCED_FACE('',(#442),#453,.F.);
#442 = FACE_BOUND('',#443,.F.);
#443 = EDGE_LOOP('',(#444,#445,#446,#447));
#444 = ORIENTED_EDGE('',*,*,#398,.F.);
#445 = ORIENTED_EDGE('',*,*,#358,.T.);
#446 = ORIENTED_EDGE('',*,*,#283,.T.);
#447 = ORIENTED_EDGE('',*,*,#448,.F.);
#448 = EDGE_CURVE('',#399,#284,#449,.T.);
#449 = LINE('',#450,#451);
#450 = CARTESIAN_POINT('',(1.35,-1.5,0.));
#451 = VECTOR('',#452,1.);
#452 = DIRECTION('',(0.,0.,1.));
#453 = PLANE('',#454);
#454 = AXIS2_PLACEMENT_3D('',#455,#456,#457);
#455 = CARTESIAN_POINT('',(-1.5,-1.5,0.));
#456 = DIRECTION('',(0.,1.,0.));
#457 = DIRECTION('',(0.,-0.,1.));
#458 = ADVANCED_FACE('',(#459),#470,.T.);
#459 = FACE_BOUND('',#460,.T.);
#460 = EDGE_LOOP('',(#461,#462,#463,#464));
#461 = ORIENTED_EDGE('',*,*,#430,.F.);
#462 = ORIENTED_EDGE('',*,*,#382,.T.);
#463 = ORIENTED_EDGE('',*,*,#315,.T.);
#464 = ORIENTED_EDGE('',*,*,#465,.F.);
#465 = EDGE_CURVE('',#423,#308,#466,.T.);
#466 = LINE('',#467,#468);
#467 = CARTESIAN_POINT('',(1.35,1.5,0.));
#468 = VECTOR('',#469,1.);
#469 = DIRECTION('',(0.,0.,1.));
#470 = PLANE('',#471);
#471 = AXIS2_PLACEMENT_3D('',#472,#473,#474);
#472 = CARTESIAN_POINT('',(-1.5,1.5,0.));
#473 = DIRECTION('',(0.,1.,0.));
#474 = DIRECTION('',(0.,-0.,1.));
#475 = ADVANCED_FACE('',(#476),#487,.F.);
#476 = FACE_BOUND('',#477,.T.);
#477 = EDGE_LOOP('',(#478,#479,#485,#486));
#478 = ORIENTED_EDGE('',*,*,#406,.F.);
#479 = ORIENTED_EDGE('',*,*,#480,.T.);
#480 = EDGE_CURVE('',#407,#292,#481,.T.);
#481 = LINE('',#482,#483);
#482 = CARTESIAN_POINT('',(1.5,-1.35,0.));
#483 = VECTOR('',#484,1.);
#484 = DIRECTION('',(0.,0.,1.));
#485 = ORIENTED_EDGE('',*,*,#291,.T.);
#486 = ORIENTED_EDGE('',*,*,#448,.F.);
#487 = PLANE('',#488);
#488 = AXIS2_PLACEMENT_3D('',#489,#490,#491);
#489 = CARTESIAN_POINT('',(1.425,-1.425,0.));
#490 = DIRECTION('',(-0.707106781187,0.707106781187,0.));
#491 = DIRECTION('',(0.,0.,-1.));
#492 = ADVANCED_FACE('',(#493),#504,.T.);
#493 = FACE_BOUND('',#494,.F.);
#494 = EDGE_LOOP('',(#495,#496,#502,#503));
#495 = ORIENTED_EDGE('',*,*,#422,.F.);
#496 = ORIENTED_EDGE('',*,*,#497,.T.);
#497 = EDGE_CURVE('',#415,#300,#498,.T.);
#498 = LINE('',#499,#500);
#499 = CARTESIAN_POINT('',(1.5,1.35,0.));
#500 = VECTOR('',#501,1.);
#501 = DIRECTION('',(0.,0.,1.));
#502 = ORIENTED_EDGE('',*,*,#307,.T.);
#503 = ORIENTED_EDGE('',*,*,#465,.F.);
#504 = PLANE('',#505);
#505 = AXIS2_PLACEMENT_3D('',#506,#507,#508);
#506 = CARTESIAN_POINT('',(1.425,1.425,0.));
#507 = DIRECTION('',(0.707106781187,0.707106781187,0.));
#508 = DIRECTION('',(0.,0.,-1.));
#509 = ADVANCED_FACE('',(#510),#516,.T.);
#510 = FACE_BOUND('',#511,.T.);
#511 = EDGE_LOOP('',(#512,#513,#514,#515));
#512 = ORIENTED_EDGE('',*,*,#299,.F.);
#513 = ORIENTED_EDGE('',*,*,#480,.F.);
#514 = ORIENTED_EDGE('',*,*,#414,.T.);
#515 = ORIENTED_EDGE('',*,*,#497,.T.);
#516 = PLANE('',#517);
#517 = AXIS2_PLACEMENT_3D('',#518,#519,#520);
#518 = CARTESIAN_POINT('',(1.5,-1.5,0.));
#519 = DIRECTION('',(1.,0.,0.));
#520 = DIRECTION('',(0.,0.,1.));
#521 = ADVANCED_FACE('',(#522),#541,.F.);
#522 = FACE_BOUND('',#523,.F.);
#523 = EDGE_LOOP('',(#524,#532,#533,#534));
#524 = ORIENTED_EDGE('',*,*,#525,.T.);
#525 = EDGE_CURVE('',#526,#332,#528,.T.);
#526 = VERTEX_POINT('',#527);
#527 = CARTESIAN_POINT('',(1.25,0.,0.12));
#528 = LINE('',#529,#530);
#529 = CARTESIAN_POINT('',(1.25,0.,0.12));
#530 = VECTOR('',#531,1.);
#531 = DIRECTION('',(0.,0.,1.));
#532 = ORIENTED_EDGE('',*,*,#331,.T.);
#533 = ORIENTED_EDGE('',*,*,#525,.F.);
#534 = ORIENTED_EDGE('',*,*,#535,.T.);
#535 = EDGE_CURVE('',#526,#526,#536,.T.);
#536 = CIRCLE('',#537,1.25);
#537 = AXIS2_PLACEMENT_3D('',#538,#539,#540);
#538 = CARTESIAN_POINT('',(0.,0.,0.12));
#539 = DIRECTION('',(0.,0.,1.));
#540 = DIRECTION('',(1.,0.,-0.));
#541 = CYLINDRICAL_SURFACE('',#542,1.25);
#542 = AXIS2_PLACEMENT_3D('',#543,#544,#545);
#543 = CARTESIAN_POINT('',(0.,0.,0.12));
#544 = DIRECTION('',(-0.,-0.,-1.));
#545 = DIRECTION('',(1.,0.,0.));
#546 = ADVANCED_FACE('',(#547),#550,.T.);
#547 = FACE_BOUND('',#548,.T.);
#548 = EDGE_LOOP('',(#549));
#549 = ORIENTED_EDGE('',*,*,#535,.T.);
#550 = PLANE('',#551);
#551 = AXIS2_PLACEMENT_3D('',#552,#553,#554);
#552 = CARTESIAN_POINT('',(-6.837200662697E-17,8.571706328947E-17,0.12)
  );
#553 = DIRECTION('',(0.,0.,1.));
#554 = DIRECTION('',(1.,0.,-0.));
#555 = ( GEOMETRIC_REPRESENTATION_CONTEXT(3) 
GLOBAL_UNCERTAINTY_ASSIGNED_CONTEXT((#559)) GLOBAL_UNIT_ASSIGNED_CONTEXT
((#556,#557,#558)) REPRESENTATION_CONTEXT('Context #1',
  '3D Context with UNIT and UNCERTAINTY') );
#556 = ( LENGTH_UNIT() NAMED_UNIT(*) SI_UNIT(.MILLI.,.METRE.) );
#557 = ( NAMED_UNIT(*) PLANE_ANGLE_UNIT() SI_UNIT($,.RADIAN.) );
#558 = ( NAMED_UNIT(*) SI_UNIT($,.STERADIAN.) SOLID_ANGLE_UNIT() );
#559 = UNCERTAINTY_MEASURE_WITH_UNIT(LENGTH_MEASURE(1.E-07),#556,
  'distance_accuracy_value','confusion accuracy');
#560 = CONTEXT_DEPENDENT_SHAPE_REPRESENTATION(#561,#563);
#561 = ( REPRESENTATION_RELATIONSHIP('','',#227,#200) 
REPRESENTATION_RELATIONSHIP_WITH_TRANSFORMATION(#562) 
SHAPE_REPRESENTATION_RELATIONSHIP() );
#562 = ITEM_DEFINED_TRANSFORMATION('','',#11,#201);
#563 = PRODUCT_DEFINITION_SHAPE('Placement','Placement of an item',#564
  );
#564 = NEXT_ASSEMBLY_USAGE_OCCURRENCE('1','housing','',#195,#222,$);
#565 = PRODUCT_RELATED_PRODUCT_CATEGORY('part',$,(#224));
#566 = SHAPE_DEFINITION_REPRESENTATION(#567,#573);
#567 = PRODUCT_DEFINITION_SHAPE('','',#568);
#568 = PRODUCT_DEFINITION('design','',#569,#572);
#569 = PRODUCT_DEFINITION_FORMATION('','',#570);
#570 = PRODUCT('phosphor','phosphor','',(#571));
#571 = PRODUCT_CONTEXT('',#2,'mechanical');
#572 = PRODUCT_DEFINITION_CONTEXT('part definition',#2,'design');
#573 = ADVANCED_BREP_SHAPE_REPRESENTATION('',(#11,#574),#627);
#574 = MANIFOLD_SOLID_BREP('',#575);
#575 = CLOSED_SHELL('',(#576,#609,#618));
#576 = ADVANCED_FACE('',(#577),#604,.T.);
#577 = FACE_BOUND('',#578,.T.);
#578 = EDGE_LOOP('',(#579,#588,#596,#603));
#579 = ORIENTED_EDGE('',*,*,#580,.T.);
#580 = EDGE_CURVE('',#581,#581,#583,.T.);
#581 = VERTEX_POINT('',#582);
#582 = CARTESIAN_POINT('',(1.25,0.,0.12));
#583 = CIRCLE('',#584,1.25);
#584 = AXIS2_PLACEMENT_3D('',#585,#586,#587);
#585 = CARTESIAN_POINT('',(0.,0.,0.12));
#586 = DIRECTION('',(0.,0.,1.));
#587 = DIRECTION('',(1.,0.,-0.));
#588 = ORIENTED_EDGE('',*,*,#589,.T.);
#589 = EDGE_CURVE('',#581,#590,#592,.T.);
#590 = VERTEX_POINT('',#591);
#591 = CARTESIAN_POINT('',(1.25,0.,0.48));
#592 = LINE('',#593,#594);
#593 = CARTESIAN_POINT('',(1.25,0.,0.12));
#594 = VECTOR('',#595,1.);
#595 = DIRECTION('',(0.,0.,1.));
#596 = ORIENTED_EDGE('',*,*,#597,.F.);
#597 = EDGE_CURVE('',#590,#590,#598,.T.);
#598 = CIRCLE('',#599,1.25);
#599 = AXIS2_PLACEMENT_3D('',#600,#601,#602);
#600 = CARTESIAN_POINT('',(0.,0.,0.48));
#601 = DIRECTION('',(0.,0.,1.));
#602 = DIRECTION('',(1.,0.,-0.));
#603 = ORIENTED_EDGE('',*,*,#589,.F.);
#604 = CYLINDRICAL_SURFACE('',#605,1.25);
#605 = AXIS2_PLACEMENT_3D('',#606,#607,#608);
#606 = CARTESIAN_POINT('',(0.,0.,0.12));
#607 = DIRECTION('',(-0.,-0.,-1.));
#608 = DIRECTION('',(1.,0.,0.));
#609 = ADVANCED_FACE('',(#610),#613,.F.);
#610 = FACE_BOUND('',#611,.F.);
#611 = EDGE_LOOP('',(#612));
#612 = ORIENTED_EDGE('',*,*,#580,.T.);
#613 = PLANE('',#614);
#614 = AXIS2_PLACEMENT_3D('',#615,#616,#617);
#615 = CARTESIAN_POINT('',(-6.837200662697E-17,8.571706328947E-17,0.12)
  );
#616 = DIRECTION('',(0.,0.,1.));
#617 = DIRECTION('',(1.,0.,-0.));
#618 = ADVANCED_FACE('',(#619),#622,.T.);
#619 = FACE_BOUND('',#620,.T.);
#620 = EDGE_LOOP('',(#621));
#621 = ORIENTED_EDGE('',*,*,#597,.T.);
#622 = PLANE('',#623);
#623 = AXIS2_PLACEMENT_3D('',#624,#625,#626);
#624 = CARTESIAN_POINT('',(-6.837200662697E-17,8.571706328947E-17,0.48)
  );
#625 = DIRECTION('',(0.,0.,1.));
#626 = DIRECTION('',(1.,0.,-0.));
#627 = ( GEOMETRIC_REPRESENTATION_CONTEXT(3) 
GLOBAL_UNCERTAINTY_ASSIGNED_CONTEXT((#631)) GLOBAL_UNIT_ASSIGNED_CONTEXT
((#628,#629,#630)) REPRESENTATION_CONTEXT('Context #1',
  '3D Context with UNIT and UNCERTAINTY') );
#628 = ( LENGTH_UNIT() NAMED_UNIT(*) SI_UNIT(.MILLI.,.METRE.) );
#629 = ( NAMED_UNIT(*) PLANE_ANGLE_UNIT() SI_UNIT($,.RADIAN.) );
#630 = ( NAMED_UNIT(*) SI_UNIT($,.STERADIAN.) SOLID_ANGLE_UNIT() );
#631 = UNCERTAINTY_MEASURE_WITH_UNIT(LENGTH_MEASURE(1.E-07),#628,
  'distance_accuracy_value','confusion accuracy');
#632 = CONTEXT_DEPENDENT_SHAPE_REPRESENTATION(#633,#635);
#633 = ( REPRESENTATION_RELATIONSHIP('','',#573,#200) 
REPRESENTATION_RELATIONSHIP_WITH_TRANSFORMATION(#634) 
SHAPE_REPRESENTATION_RELATIONSHIP() );
#634 = ITEM_DEFINED_TRANSFORMATION('','',#11,#205);
#635 = PRODUCT_DEFINITION_SHAPE('Placement','Placement of an item',#636
  );
#636 = NEXT_ASSEMBLY_USAGE_OCCURRENCE('2','phosphor','',#195,#568,$);
#637 = PRODUCT_RELATED_PRODUCT_CATEGORY('part',$,(#570));
#638 = CONTEXT_DEPENDENT_SHAPE_REPRESENTATION(#639,#641);
#639 = ( REPRESENTATION_RELATIONSHIP('','',#200,#10) 
REPRESENTATION_RELATIONSHIP_WITH_TRANSFORMATION(#640) 
SHAPE_REPRESENTATION_RELATIONSHIP() );
#640 = ITEM_DEFINED_TRANSFORMATION('','',#11,#19);
#641 = PRODUCT_DEFINITION_SHAPE('Placement','Placement of an item',#642
  );
#642 = NEXT_ASSEMBLY_USAGE_OCCURRENCE('4','D22','',#5,#195,$);
#643 = CONTEXT_DEPENDENT_SHAPE_REPRESENTATION(#644,#646);
#644 = ( REPRESENTATION_RELATIONSHIP('','',#200,#10) 
REPRESENTATION_RELATIONSHIP_WITH_TRANSFORMATION(#645) 
SHAPE_REPRESENTATION_RELATIONSHIP() );
#645 = ITEM_DEFINED_TRANSFORMATION('','',#11,#23);
#646 = PRODUCT_DEFINITION_SHAPE('Placement','Placement of an item',#647
  );
#647 = NEXT_ASSEMBLY_USAGE_OCCURRENCE('5','D25','',#5,#195,$);
#648 = CONTEXT_DEPENDENT_SHAPE_REPRESENTATION(#649,#651);
#649 = ( REPRESENTATION_RELATIONSHIP('','',#200,#10) 
REPRESENTATION_RELATIONSHIP_WITH_TRANSFORMATION(#650) 
SHAPE_REPRESENTATION_RELATIONSHIP() );
#650 = ITEM_DEFINED_TRANSFORMATION('','',#11,#27);
#651 = PRODUCT_DEFINITION_SHAPE('Placement','Placement of an item',#652
  );
#652 = NEXT_ASSEMBLY_USAGE_OCCURRENCE('6','D11','',#5,#195,$);
#653 = CONTEXT_DEPENDENT_SHAPE_REPRESENTATION(#654,#656);
#654 = ( REPRESENTATION_RELATIONSHIP('','',#200,#10) 
REPRESENTATION_RELATIONSHIP_WITH_TRANSFORMATION(#655) 
SHAPE_REPRESENTATION_RELATIONSHIP() );
#655 = ITEM_DEFINED_TRANSFORMATION('','',#11,#31);
#656 = PRODUCT_DEFINITION_SHAPE('Placement','Placement of an item',#657
  );
#657 = NEXT_ASSEMBLY_USAGE_OCCURRENCE('7','D29','',#5,#195,$);
#658 = SHAPE_DEFINITION_REPRESENTATION(#659,#665);
#659 = PRODUCT_DEFINITION_SHAPE('','',#660);
#660 = PRODUCT_DEFINITION('design','',#661,#664);
#661 = PRODUCT_DEFINITION_FORMATION('','',#662);
#662 = PRODUCT('R_0603_1608Metric','R_0603_1608Metric','',(#663));
#663 = PRODUCT_CONTEXT('',#2,'mechanical');
#664 = PRODUCT_DEFINITION_CONTEXT('part definition',#2,'design');
#665 = ADVANCED_BREP_SHAPE_REPRESENTATION('',(#11,#666),#1456);
#666 = MANIFOLD_SOLID_BREP('',#667);
#667 = CLOSED_SHELL('',(#668,#708,#791,#816,#841,#908,#925,#942,#991,
    #1008,#1025,#1074,#1091,#1160,#1191,#1215,#1284,#1308,#1325,#1342,
    #1359,#1376,#1393,#1410,#1427,#1444));
#668 = ADVANCED_FACE('',(#669),#703,.F.);
#669 = FACE_BOUND('',#670,.F.);
#670 = EDGE_LOOP('',(#671,#681,#689,#697));
#671 = ORIENTED_EDGE('',*,*,#672,.F.);
#672 = EDGE_CURVE('',#673,#675,#677,.T.);
#673 = VERTEX_POINT('',#674);
#674 = CARTESIAN_POINT('',(-0.8,-0.4,4.5E-02));
#675 = VERTEX_POINT('',#676);
#676 = CARTESIAN_POINT('',(-0.8,-0.4,0.405));
#677 = LINE('',#678,#679);
#678 = CARTESIAN_POINT('',(-0.8,-0.4,0.));
#679 = VECTOR('',#680,1.);
#680 = DIRECTION('',(0.,0.,1.));
#681 = ORIENTED_EDGE('',*,*,#682,.T.);
#682 = EDGE_CURVE('',#673,#683,#685,.T.);
#683 = VERTEX_POINT('',#684);
#684 = CARTESIAN_POINT('',(-0.8,0.4,4.5E-02));
#685 = LINE('',#686,#687);
#686 = CARTESIAN_POINT('',(-0.8,-0.4,4.5E-02));
#687 = VECTOR('',#688,1.);
#688 = DIRECTION('',(0.,1.,0.));
#689 = ORIENTED_EDGE('',*,*,#690,.T.);
#690 = EDGE_CURVE('',#683,#691,#693,.T.);
#691 = VERTEX_POINT('',#692);
#692 = CARTESIAN_POINT('',(-0.8,0.4,0.405));
#693 = LINE('',#694,#695);
#694 = CARTESIAN_POINT('',(-0.8,0.4,0.));
#695 = VECTOR('',#696,1.);
#696 = DIRECTION('',(0.,0.,1.));
#697 = ORIENTED_EDGE('',*,*,#698,.F.);
#698 = EDGE_CURVE('',#675,#691,#699,.T.);
#699 = LINE('',#700,#701);
#700 = CARTESIAN_POINT('',(-0.8,-0.4,0.405));
#701 = VECTOR('',#702,1.);
#702 = DIRECTION('',(0.,1.,0.));
#703 = PLANE('',#704);
#704 = AXIS2_PLACEMENT_3D('',#705,#706,#707);
#705 = CARTESIAN_POINT('',(-0.8,-0.4,0.));
#706 = DIRECTION('',(1.,0.,0.));
#707 = DIRECTION('',(0.,0.,1.));
#708 = ADVANCED_FACE('',(#709),#786,.F.);
#709 = FACE_BOUND('',#710,.F.);
#710 = EDGE_LOOP('',(#711,#721,#728,#729,#738,#746,#755,#763,#771,#779)
  );
#711 = ORIENTED_EDGE('',*,*,#712,.F.);
#712 = EDGE_CURVE('',#713,#715,#717,.T.);
#713 = VERTEX_POINT('',#714);
#714 = CARTESIAN_POINT('',(-0.755,-0.4,-2.775557561563E-17));
#715 = VERTEX_POINT('',#716);
#716 = CARTESIAN_POINT('',(-0.545,-0.4,-2.775557561563E-17));
#717 = LINE('',#718,#719);
#718 = CARTESIAN_POINT('',(-0.8,-0.4,0.));
#719 = VECTOR('',#720,1.);
#720 = DIRECTION('',(1.,0.,0.));
#721 = ORIENTED_EDGE('',*,*,#722,.F.);
#722 = EDGE_CURVE('',#673,#713,#723,.T.);
#723 = CIRCLE('',#724,4.5E-02);
#724 = AXIS2_PLACEMENT_3D('',#725,#726,#727);
#725 = CARTESIAN_POINT('',(-0.755,-0.4,4.5E-02));
#726 = DIRECTION('',(0.,-1.,0.));
#727 = DIRECTION('',(0.,0.,1.));
#728 = ORIENTED_EDGE('',*,*,#672,.T.);
#729 = ORIENTED_EDGE('',*,*,#730,.T.);
#730 = EDGE_CURVE('',#675,#731,#733,.T.);
#731 = VERTEX_POINT('',#732);
#732 = CARTESIAN_POINT('',(-0.755,-0.4,0.45));
#733 = CIRCLE('',#734,4.5E-02);
#734 = AXIS2_PLACEMENT_3D('',#735,#736,#737);
#735 = CARTESIAN_POINT('',(-0.755,-0.4,0.405));
#736 = DIRECTION('',(0.,1.,0.));
#737 = DIRECTION('',(0.,-0.,1.));
#738 = ORIENTED_EDGE('',*,*,#739,.T.);
#739 = EDGE_CURVE('',#731,#740,#742,.T.);
#740 = VERTEX_POINT('',#741);
#741 = CARTESIAN_POINT('',(-0.545,-0.4,0.45));
#742 = LINE('',#743,#744);
#743 = CARTESIAN_POINT('',(-0.8,-0.4,0.45));
#744 = VECTOR('',#745,1.);
#745 = DIRECTION('',(1.,0.,0.));
#746 = ORIENTED_EDGE('',*,*,#747,.F.);
#747 = EDGE_CURVE('',#748,#740,#750,.T.);
#748 = VERTEX_POINT('',#749);
#749 = CARTESIAN_POINT('',(-0.5,-0.4,0.405));
#750 = CIRCLE('',#751,4.5E-02);
#751 = AXIS2_PLACEMENT_3D('',#752,#753,#754);
#752 = CARTESIAN_POINT('',(-0.545,-0.4,0.405));
#753 = DIRECTION('',(0.,-1.,0.));
#754 = DIRECTION('',(0.,0.,1.));
#755 = ORIENTED_EDGE('',*,*,#756,.F.);
#756 = EDGE_CURVE('',#757,#748,#759,.T.);
#757 = VERTEX_POINT('',#758);
#758 = CARTESIAN_POINT('',(-0.755,-0.4,0.405));
#759 = LINE('',#760,#761);
#760 = CARTESIAN_POINT('',(-0.755,-0.4,0.405));
#761 = VECTOR('',#762,1.);
#762 = DIRECTION('',(1.,0.,0.));
#763 = ORIENTED_EDGE('',*,*,#764,.F.);
#764 = EDGE_CURVE('',#765,#757,#767,.T.);
#765 = VERTEX_POINT('',#766);
#766 = CARTESIAN_POINT('',(-0.755,-0.4,4.5E-02));
#767 = LINE('',#768,#769);
#768 = CARTESIAN_POINT('',(-0.755,-0.4,4.5E-02));
#769 = VECTOR('',#770,1.);
#770 = DIRECTION('',(0.,0.,1.));
#771 = ORIENTED_EDGE('',*,*,#772,.T.);
#772 = EDGE_CURVE('',#765,#773,#775,.T.);
#773 = VERTEX_POINT('',#774);
#774 = CARTESIAN_POINT('',(-0.5,-0.4,4.5E-02));
#775 = LINE('',#776,#777);
#776 = CARTESIAN_POINT('',(-0.755,-0.4,4.5E-02));
#777 = VECTOR('',#778,1.);
#778 = DIRECTION('',(1.,0.,0.));
#779 = ORIENTED_EDGE('',*,*,#780,.T.);
#780 = EDGE_CURVE('',#773,#715,#781,.T.);
#781 = CIRCLE('',#782,4.5E-02);
#782 = AXIS2_PLACEMENT_3D('',#783,#784,#785);
#783 = CARTESIAN_POINT('',(-0.545,-0.4,4.5E-02));
#784 = DIRECTION('',(0.,1.,0.));
#785 = DIRECTION('',(0.,-0.,1.));
#786 = PLANE('',#787);
#787 = AXIS2_PLACEMENT_3D('',#788,#789,#790);
#788 = CARTESIAN_POINT('',(-0.8,-0.4,0.));
#789 = DIRECTION('',(0.,1.,0.));
#790 = DIRECTION('',(0.,-0.,1.));
#791 = ADVANCED_FACE('',(#792),#811,.T.);
#792 = FACE_BOUND('',#793,.T.);
#793 = EDGE_LOOP('',(#794,#795,#804,#810));
#794 = ORIENTED_EDGE('',*,*,#682,.T.);
#795 = ORIENTED_EDGE('',*,*,#796,.T.);
#796 = EDGE_CURVE('',#683,#797,#799,.T.);
#797 = VERTEX_POINT('',#798);
#798 = CARTESIAN_POINT('',(-0.755,0.4,-2.775557561563E-17));
#799 = CIRCLE('',#800,4.5E-02);
#800 = AXIS2_PLACEMENT_3D('',#801,#802,#803);
#801 = CARTESIAN_POINT('',(-0.755,0.4,4.5E-02));
#802 = DIRECTION('',(0.,-1.,0.));
#803 = DIRECTION('',(0.,0.,1.));
#804 = ORIENTED_EDGE('',*,*,#805,.F.);
#805 = EDGE_CURVE('',#713,#797,#806,.T.);
#806 = LINE('',#807,#808);
#807 = CARTESIAN_POINT('',(-0.755,-0.4,-2.775557561563E-17));
#808 = VECTOR('',#809,1.);
#809 = DIRECTION('',(0.,1.,0.));
#810 = ORIENTED_EDGE('',*,*,#722,.F.);
#811 = CYLINDRICAL_SURFACE('',#812,4.5E-02);
#812 = AXIS2_PLACEMENT_3D('',#813,#814,#815);
#813 = CARTESIAN_POINT('',(-0.755,-0.4,4.5E-02));
#814 = DIRECTION('',(0.,1.,0.));
#815 = DIRECTION('',(-1.,0.,0.));
#816 = ADVANCED_FACE('',(#817),#836,.T.);
#817 = FACE_BOUND('',#818,.T.);
#818 = EDGE_LOOP('',(#819,#820,#828,#835));
#819 = ORIENTED_EDGE('',*,*,#730,.T.);
#820 = ORIENTED_EDGE('',*,*,#821,.T.);
#821 = EDGE_CURVE('',#731,#822,#824,.T.);
#822 = VERTEX_POINT('',#823);
#823 = CARTESIAN_POINT('',(-0.755,0.4,0.45));
#824 = LINE('',#825,#826);
#825 = CARTESIAN_POINT('',(-0.755,-0.4,0.45));
#826 = VECTOR('',#827,1.);
#827 = DIRECTION('',(0.,1.,0.));
#828 = ORIENTED_EDGE('',*,*,#829,.F.);
#829 = EDGE_CURVE('',#691,#822,#830,.T.);
#830 = CIRCLE('',#831,4.5E-02);
#831 = AXIS2_PLACEMENT_3D('',#832,#833,#834);
#832 = CARTESIAN_POINT('',(-0.755,0.4,0.405));
#833 = DIRECTION('',(0.,1.,0.));
#834 = DIRECTION('',(0.,-0.,1.));
#835 = ORIENTED_EDGE('',*,*,#698,.F.);
#836 = CYLINDRICAL_SURFACE('',#837,4.5E-02);
#837 = AXIS2_PLACEMENT_3D('',#838,#839,#840);
#838 = CARTESIAN_POINT('',(-0.755,-0.4,0.405));
#839 = DIRECTION('',(0.,1.,0.));
#840 = DIRECTION('',(-1.,0.,0.));
#841 = ADVANCED_FACE('',(#842),#903,.T.);
#842 = FACE_BOUND('',#843,.T.);
#843 = EDGE_LOOP('',(#844,#852,#853,#854,#855,#863,#872,#880,#888,#896)
  );
#844 = ORIENTED_EDGE('',*,*,#845,.F.);
#845 = EDGE_CURVE('',#797,#846,#848,.T.);
#846 = VERTEX_POINT('',#847);
#847 = CARTESIAN_POINT('',(-0.545,0.4,-2.775557561563E-17));
#848 = LINE('',#849,#850);
#849 = CARTESIAN_POINT('',(-0.8,0.4,0.));
#850 = VECTOR('',#851,1.);
#851 = DIRECTION('',(1.,0.,0.));
#852 = ORIENTED_EDGE('',*,*,#796,.F.);
#853 = ORIENTED_EDGE('',*,*,#690,.T.);
#854 = ORIENTED_EDGE('',*,*,#829,.T.);
#855 = ORIENTED_EDGE('',*,*,#856,.T.);
#856 = EDGE_CURVE('',#822,#857,#859,.T.);
#857 = VERTEX_POINT('',#858);
#858 = CARTESIAN_POINT('',(-0.545,0.4,0.45));
#859 = LINE('',#860,#861);
#860 = CARTESIAN_POINT('',(-0.8,0.4,0.45));
#861 = VECTOR('',#862,1.);
#862 = DIRECTION('',(1.,0.,0.));
#863 = ORIENTED_EDGE('',*,*,#864,.F.);
#864 = EDGE_CURVE('',#865,#857,#867,.T.);
#865 = VERTEX_POINT('',#866);
#866 = CARTESIAN_POINT('',(-0.5,0.4,0.405));
#867 = CIRCLE('',#868,4.5E-02);
#868 = AXIS2_PLACEMENT_3D('',#869,#870,#871);
#869 = CARTESIAN_POINT('',(-0.545,0.4,0.405));
#870 = DIRECTION('',(0.,-1.,0.));
#871 = DIRECTION('',(0.,0.,1.));
#872 = ORIENTED_EDGE('',*,*,#873,.F.);
#873 = EDGE_CURVE('',#874,#865,#876,.T.);
#874 = VERTEX_POINT('',#875);
#875 = CARTESIAN_POINT('',(-0.755,0.4,0.405));
#876 = LINE('',#877,#878);
#877 = CARTESIAN_POINT('',(-0.755,0.4,0.405));
#878 = VECTOR('',#879,1.);
#879 = DIRECTION('',(1.,0.,0.));
#880 = ORIENTED_EDGE('',*,*,#881,.F.);
#881 = EDGE_CURVE('',#882,#874,#884,.T.);
#882 = VERTEX_POINT('',#883);
#883 = CARTESIAN_POINT('',(-0.755,0.4,4.5E-02));
#884 = LINE('',#885,#886);
#885 = CARTESIAN_POINT('',(-0.755,0.4,4.5E-02));
#886 = VECTOR('',#887,1.);
#887 = DIRECTION('',(0.,0.,1.));
#888 = ORIENTED_EDGE('',*,*,#889,.T.);
#889 = EDGE_CURVE('',#882,#890,#892,.T.);
#890 = VERTEX_POINT('',#891);
#891 = CARTESIAN_POINT('',(-0.5,0.4,4.5E-02));
#892 = LINE('',#893,#894);
#893 = CARTESIAN_POINT('',(-0.755,0.4,4.5E-02));
#894 = VECTOR('',#895,1.);
#895 = DIRECTION('',(1.,0.,0.));
#896 = ORIENTED_EDGE('',*,*,#897,.T.);
#897 = EDGE_CURVE('',#890,#846,#898,.T.);
#898 = CIRCLE('',#899,4.5E-02);
#899 = AXIS2_PLACEMENT_3D('',#900,#901,#902);
#900 = CARTESIAN_POINT('',(-0.545,0.4,4.5E-02));
#901 = DIRECTION('',(0.,1.,0.));
#902 = DIRECTION('',(0.,-0.,1.));
#903 = PLANE('',#904);
#904 = AXIS2_PLACEMENT_3D('',#905,#906,#907);
#905 = CARTESIAN_POINT('',(-0.8,0.4,0.));
#906 = DIRECTION('',(0.,1.,0.));
#907 = DIRECTION('',(0.,-0.,1.));
#908 = ADVANCED_FACE('',(#909),#920,.F.);
#909 = FACE_BOUND('',#910,.F.);
#910 = EDGE_LOOP('',(#911,#912,#913,#914));
#911 = ORIENTED_EDGE('',*,*,#845,.F.);
#912 = ORIENTED_EDGE('',*,*,#805,.F.);
#913 = ORIENTED_EDGE('',*,*,#712,.T.);
#914 = ORIENTED_EDGE('',*,*,#915,.T.);
#915 = EDGE_CURVE('',#715,#846,#916,.T.);
#916 = LINE('',#917,#918);
#917 = CARTESIAN_POINT('',(-0.545,-0.4,-2.775557561563E-17));
#918 = VECTOR('',#919,1.);
#919 = DIRECTION('',(0.,1.,0.));
#920 = PLANE('',#921);
#921 = AXIS2_PLACEMENT_3D('',#922,#923,#924);
#922 = CARTESIAN_POINT('',(-0.8,-0.4,0.));
#923 = DIRECTION('',(0.,0.,1.));
#924 = DIRECTION('',(1.,0.,-0.));
#925 = ADVANCED_FACE('',(#926),#937,.T.);
#926 = FACE_BOUND('',#927,.T.);
#927 = EDGE_LOOP('',(#928,#929,#930,#931));
#928 = ORIENTED_EDGE('',*,*,#780,.T.);
#929 = ORIENTED_EDGE('',*,*,#915,.T.);
#930 = ORIENTED_EDGE('',*,*,#897,.F.);
#931 = ORIENTED_EDGE('',*,*,#932,.F.);
#932 = EDGE_CURVE('',#773,#890,#933,.T.);
#933 = LINE('',#934,#935);
#934 = CARTESIAN_POINT('',(-0.5,-0.4,4.5E-02));
#935 = VECTOR('',#936,1.);
#936 = DIRECTION('',(0.,1.,0.));
#937 = CYLINDRICAL_SURFACE('',#938,4.5E-02);
#938 = AXIS2_PLACEMENT_3D('',#939,#940,#941);
#939 = CARTESIAN_POINT('',(-0.545,-0.4,4.5E-02));
#940 = DIRECTION('',(0.,1.,0.));
#941 = DIRECTION('',(1.,0.,0.));
#942 = ADVANCED_FACE('',(#943),#986,.F.);
#943 = FACE_BOUND('',#944,.F.);
#944 = EDGE_LOOP('',(#945,#946,#947,#948,#956,#964,#972,#980));
#945 = ORIENTED_EDGE('',*,*,#772,.F.);
#946 = ORIENTED_EDGE('',*,*,#764,.T.);
#947 = ORIENTED_EDGE('',*,*,#756,.T.);
#948 = ORIENTED_EDGE('',*,*,#949,.T.);
#949 = EDGE_CURVE('',#748,#950,#952,.T.);
#950 = VERTEX_POINT('',#951);
#951 = CARTESIAN_POINT('',(0.5,-0.4,0.405));
#952 = LINE('',#953,#954);
#953 = CARTESIAN_POINT('',(-0.5,-0.4,0.405));
#954 = VECTOR('',#955,1.);
#955 = DIRECTION('',(1.,0.,0.));
#956 = ORIENTED_EDGE('',*,*,#957,.T.);
#957 = EDGE_CURVE('',#950,#958,#960,.T.);
#958 = VERTEX_POINT('',#959);
#959 = CARTESIAN_POINT('',(0.755,-0.4,0.405));
#960 = LINE('',#961,#962);
#961 = CARTESIAN_POINT('',(-0.755,-0.4,0.405));
#962 = VECTOR('',#963,1.);
#963 = DIRECTION('',(1.,0.,0.));
#964 = ORIENTED_EDGE('',*,*,#965,.F.);
#965 = EDGE_CURVE('',#966,#958,#968,.T.);
#966 = VERTEX_POINT('',#967);
#967 = CARTESIAN_POINT('',(0.755,-0.4,4.5E-02));
#968 = LINE('',#969,#970);
#969 = CARTESIAN_POINT('',(0.755,-0.4,4.5E-02));
#970 = VECTOR('',#971,1.);
#971 = DIRECTION('',(0.,0.,1.));
#972 = ORIENTED_EDGE('',*,*,#973,.F.);
#973 = EDGE_CURVE('',#974,#966,#976,.T.);
#974 = VERTEX_POINT('',#975);
#975 = CARTESIAN_POINT('',(0.5,-0.4,4.5E-02));
#976 = LINE('',#977,#978);
#977 = CARTESIAN_POINT('',(-0.755,-0.4,4.5E-02));
#978 = VECTOR('',#979,1.);
#979 = DIRECTION('',(1.,0.,0.));
#980 = ORIENTED_EDGE('',*,*,#981,.F.);
#981 = EDGE_CURVE('',#773,#974,#982,.T.);
#982 = LINE('',#983,#984);
#983 = CARTESIAN_POINT('',(-0.755,-0.4,4.5E-02));
#984 = VECTOR('',#985,1.);
#985 = DIRECTION('',(1.,0.,0.));
#986 = PLANE('',#987);
#987 = AXIS2_PLACEMENT_3D('',#988,#989,#990);
#988 = CARTESIAN_POINT('',(-0.755,-0.4,4.5E-02));
#989 = DIRECTION('',(0.,1.,0.));
#990 = DIRECTION('',(0.,-0.,1.));
#991 = ADVANCED_FACE('',(#992),#1003,.T.);
#992 = FACE_BOUND('',#993,.T.);
#993 = EDGE_LOOP('',(#994,#995,#996,#997));
#994 = ORIENTED_EDGE('',*,*,#856,.F.);
#995 = ORIENTED_EDGE('',*,*,#821,.F.);
#996 = ORIENTED_EDGE('',*,*,#739,.T.);
#997 = ORIENTED_EDGE('',*,*,#998,.T.);
#998 = EDGE_CURVE('',#740,#857,#999,.T.);
#999 = LINE('',#1000,#1001);
#1000 = CARTESIAN_POINT('',(-0.545,-0.4,0.45));
#1001 = VECTOR('',#1002,1.);
#1002 = DIRECTION('',(0.,1.,0.));
#1003 = PLANE('',#1004);
#1004 = AXIS2_PLACEMENT_3D('',#1005,#1006,#1007);
#1005 = CARTESIAN_POINT('',(-0.8,-0.4,0.45));
#1006 = DIRECTION('',(0.,0.,1.));
#1007 = DIRECTION('',(1.,0.,-0.));
#1008 = ADVANCED_FACE('',(#1009),#1020,.T.);
#1009 = FACE_BOUND('',#1010,.T.);
#1010 = EDGE_LOOP('',(#1011,#1017,#1018,#1019));
#1011 = ORIENTED_EDGE('',*,*,#1012,.T.);
#1012 = EDGE_CURVE('',#748,#865,#1013,.T.);
#1013 = LINE('',#1014,#1015);
#1014 = CARTESIAN_POINT('',(-0.5,-0.4,0.405));
#1015 = VECTOR('',#1016,1.);
#1016 = DIRECTION('',(0.,1.,0.));
#1017 = ORIENTED_EDGE('',*,*,#864,.T.);
#1018 = ORIENTED_EDGE('',*,*,#998,.F.);
#1019 = ORIENTED_EDGE('',*,*,#747,.F.);
#1020 = CYLINDRICAL_SURFACE('',#1021,4.5E-02);
#1021 = AXIS2_PLACEMENT_3D('',#1022,#1023,#1024);
#1022 = CARTESIAN_POINT('',(-0.545,-0.4,0.405));
#1023 = DIRECTION('',(0.,1.,0.));
#1024 = DIRECTION('',(1.,0.,0.));
#1025 = ADVANCED_FACE('',(#1026),#1069,.T.);
#1026 = FACE_BOUND('',#1027,.T.);
#1027 = EDGE_LOOP('',(#1028,#1029,#1030,#1031,#1039,#1047,#1055,#1063));
#1028 = ORIENTED_EDGE('',*,*,#889,.F.);
#1029 = ORIENTED_EDGE('',*,*,#881,.T.);
#1030 = ORIENTED_EDGE('',*,*,#873,.T.);
#1031 = ORIENTED_EDGE('',*,*,#1032,.T.);
#1032 = EDGE_CURVE('',#865,#1033,#1035,.T.);
#1033 = VERTEX_POINT('',#1034);
#1034 = CARTESIAN_POINT('',(0.5,0.4,0.405));
#1035 = LINE('',#1036,#1037);
#1036 = CARTESIAN_POINT('',(-0.5,0.4,0.405));
#1037 = VECTOR('',#1038,1.);
#1038 = DIRECTION('',(1.,0.,0.));
#1039 = ORIENTED_EDGE('',*,*,#1040,.T.);
#1040 = EDGE_CURVE('',#1033,#1041,#1043,.T.);
#1041 = VERTEX_POINT('',#1042);
#1042 = CARTESIAN_POINT('',(0.755,0.4,0.405));
#1043 = LINE('',#1044,#1045);
#1044 = CARTESIAN_POINT('',(-0.755,0.4,0.405));
#1045 = VECTOR('',#1046,1.);
#1046 = DIRECTION('',(1.,0.,0.));
#1047 = ORIENTED_EDGE('',*,*,#1048,.F.);
#1048 = EDGE_CURVE('',#1049,#1041,#1051,.T.);
#1049 = VERTEX_POINT('',#1050);
#1050 = CARTESIAN_POINT('',(0.755,0.4,4.5E-02));
#1051 = LINE('',#1052,#1053);
#1052 = CARTESIAN_POINT('',(0.755,0.4,4.5E-02));
#1053 = VECTOR('',#1054,1.);
#1054 = DIRECTION('',(0.,0.,1.));
#1055 = ORIENTED_EDGE('',*,*,#1056,.F.);
#1056 = EDGE_CURVE('',#1057,#1049,#1059,.T.);
#1057 = VERTEX_POINT('',#1058);
#1058 = CARTESIAN_POINT('',(0.5,0.4,4.5E-02));
#1059 = LINE('',#1060,#1061);
#1060 = CARTESIAN_POINT('',(-0.755,0.4,4.5E-02));
#1061 = VECTOR('',#1062,1.);
#1062 = DIRECTION('',(1.,0.,0.));
#1063 = ORIENTED_EDGE('',*,*,#1064,.F.);
#1064 = EDGE_CURVE('',#890,#1057,#1065,.T.);
#1065 = LINE('',#1066,#1067);
#1066 = CARTESIAN_POINT('',(-0.755,0.4,4.5E-02));
#1067 = VECTOR('',#1068,1.);
#1068 = DIRECTION('',(1.,0.,0.));
#1069 = PLANE('',#1070);
#1070 = AXIS2_PLACEMENT_3D('',#1071,#1072,#1073);
#1071 = CARTESIAN_POINT('',(-0.755,0.4,4.5E-02));
#1072 = DIRECTION('',(0.,1.,0.));
#1073 = DIRECTION('',(0.,-0.,1.));
#1074 = ADVANCED_FACE('',(#1075),#1086,.F.);
#1075 = FACE_BOUND('',#1076,.F.);
#1076 = EDGE_LOOP('',(#1077,#1078,#1079,#1085));
#1077 = ORIENTED_EDGE('',*,*,#932,.F.);
#1078 = ORIENTED_EDGE('',*,*,#981,.T.);
#1079 = ORIENTED_EDGE('',*,*,#1080,.T.);
#1080 = EDGE_CURVE('',#974,#1057,#1081,.T.);
#1081 = LINE('',#1082,#1083);
#1082 = CARTESIAN_POINT('',(0.5,-0.4,4.5E-02));
#1083 = VECTOR('',#1084,1.);
#1084 = DIRECTION('',(0.,1.,0.));
#1085 = ORIENTED_EDGE('',*,*,#1064,.F.);
#1086 = PLANE('',#1087);
#1087 = AXIS2_PLACEMENT_3D('',#1088,#1089,#1090);
#1088 = CARTESIAN_POINT('',(-0.755,-0.4,4.5E-02));
#1089 = DIRECTION('',(0.,0.,1.));
#1090 = DIRECTION('',(1.,0.,-0.));
#1091 = ADVANCED_FACE('',(#1092),#1155,.F.);
#1092 = FACE_BOUND('',#1093,.F.);
#1093 = EDGE_LOOP('',(#1094,#1104,#1111,#1112,#1113,#1114,#1123,#1131,
    #1140,#1148));
#1094 = ORIENTED_EDGE('',*,*,#1095,.F.);
#1095 = EDGE_CURVE('',#1096,#1098,#1100,.T.);
#1096 = VERTEX_POINT('',#1097);
#1097 = CARTESIAN_POINT('',(0.545,-0.4,-2.775557561563E-17));
#1098 = VERTEX_POINT('',#1099);
#1099 = CARTESIAN_POINT('',(0.755,-0.4,-2.775557561563E-17));
#1100 = LINE('',#1101,#1102);
#1101 = CARTESIAN_POINT('',(0.5,-0.4,0.));
#1102 = VECTOR('',#1103,1.);
#1103 = DIRECTION('',(1.,0.,0.));
#1104 = ORIENTED_EDGE('',*,*,#1105,.F.);
#1105 = EDGE_CURVE('',#974,#1096,#1106,.T.);
#1106 = CIRCLE('',#1107,4.5E-02);
#1107 = AXIS2_PLACEMENT_3D('',#1108,#1109,#1110);
#1108 = CARTESIAN_POINT('',(0.545,-0.4,4.5E-02));
#1109 = DIRECTION('',(0.,-1.,0.));
#1110 = DIRECTION('',(0.,0.,1.));
#1111 = ORIENTED_EDGE('',*,*,#973,.T.);
#1112 = ORIENTED_EDGE('',*,*,#965,.T.);
#1113 = ORIENTED_EDGE('',*,*,#957,.F.);
#1114 = ORIENTED_EDGE('',*,*,#1115,.T.);
#1115 = EDGE_CURVE('',#950,#1116,#1118,.T.);
#1116 = VERTEX_POINT('',#1117);
#1117 = CARTESIAN_POINT('',(0.545,-0.4,0.45));
#1118 = CIRCLE('',#1119,4.5E-02);
#1119 = AXIS2_PLACEMENT_3D('',#1120,#1121,#1122);
#1120 = CARTESIAN_POINT('',(0.545,-0.4,0.405));
#1121 = DIRECTION('',(0.,1.,0.));
#1122 = DIRECTION('',(0.,-0.,1.));
#1123 = ORIENTED_EDGE('',*,*,#1124,.T.);
#1124 = EDGE_CURVE('',#1116,#1125,#1127,.T.);
#1125 = VERTEX_POINT('',#1126);
#1126 = CARTESIAN_POINT('',(0.755,-0.4,0.45));
#1127 = LINE('',#1128,#1129);
#1128 = CARTESIAN_POINT('',(0.5,-0.4,0.45));
#1129 = VECTOR('',#1130,1.);
#1130 = DIRECTION('',(1.,0.,0.));
#1131 = ORIENTED_EDGE('',*,*,#1132,.F.);
#1132 = EDGE_CURVE('',#1133,#1125,#1135,.T.);
#1133 = VERTEX_POINT('',#1134);
#1134 = CARTESIAN_POINT('',(0.8,-0.4,0.405));
#1135 = CIRCLE('',#1136,4.5E-02);
#1136 = AXIS2_PLACEMENT_3D('',#1137,#1138,#1139);
#1137 = CARTESIAN_POINT('',(0.755,-0.4,0.405));
#1138 = DIRECTION('',(0.,-1.,0.));
#1139 = DIRECTION('',(0.,0.,1.));
#1140 = ORIENTED_EDGE('',*,*,#1141,.F.);
#1141 = EDGE_CURVE('',#1142,#1133,#1144,.T.);
#1142 = VERTEX_POINT('',#1143);
#1143 = CARTESIAN_POINT('',(0.8,-0.4,4.5E-02));
#1144 = LINE('',#1145,#1146);
#1145 = CARTESIAN_POINT('',(0.8,-0.4,0.));
#1146 = VECTOR('',#1147,1.);
#1147 = DIRECTION('',(0.,0.,1.));
#1148 = ORIENTED_EDGE('',*,*,#1149,.T.);
#1149 = EDGE_CURVE('',#1142,#1098,#1150,.T.);
#1150 = CIRCLE('',#1151,4.5E-02);
#1151 = AXIS2_PLACEMENT_3D('',#1152,#1153,#1154);
#1152 = CARTESIAN_POINT('',(0.755,-0.4,4.5E-02));
#1153 = DIRECTION('',(0.,1.,0.));
#1154 = DIRECTION('',(0.,-0.,1.));
#1155 = PLANE('',#1156);
#1156 = AXIS2_PLACEMENT_3D('',#1157,#1158,#1159);
#1157 = CARTESIAN_POINT('',(0.5,-0.4,0.));
#1158 = DIRECTION('',(0.,1.,0.));
#1159 = DIRECTION('',(0.,-0.,1.));
#1160 = ADVANCED_FACE('',(#1161),#1186,.F.);
#1161 = FACE_BOUND('',#1162,.F.);
#1162 = EDGE_LOOP('',(#1163,#1164,#1172,#1180));
#1163 = ORIENTED_EDGE('',*,*,#949,.F.);
#1164 = ORIENTED_EDGE('',*,*,#1165,.T.);
#1165 = EDGE_CURVE('',#748,#1166,#1168,.T.);
#1166 = VERTEX_POINT('',#1167);
#1167 = CARTESIAN_POINT('',(-0.5,-0.4,0.45));
#1168 = LINE('',#1169,#1170);
#1169 = CARTESIAN_POINT('',(-0.5,-0.4,0.405));
#1170 = VECTOR('',#1171,1.);
#1171 = DIRECTION('',(0.,0.,1.));
#1172 = ORIENTED_EDGE('',*,*,#1173,.T.);
#1173 = EDGE_CURVE('',#1166,#1174,#1176,.T.);
#1174 = VERTEX_POINT('',#1175);
#1175 = CARTESIAN_POINT('',(0.5,-0.4,0.45));
#1176 = LINE('',#1177,#1178);
#1177 = CARTESIAN_POINT('',(-0.5,-0.4,0.45));
#1178 = VECTOR('',#1179,1.);
#1179 = DIRECTION('',(1.,0.,0.));
#1180 = ORIENTED_EDGE('',*,*,#1181,.F.);
#1181 = EDGE_CURVE('',#950,#1174,#1182,.T.);
#1182 = LINE('',#1183,#1184);
#1183 = CARTESIAN_POINT('',(0.5,-0.4,0.405));
#1184 = VECTOR('',#1185,1.);
#1185 = DIRECTION('',(0.,0.,1.));
#1186 = PLANE('',#1187);
#1187 = AXIS2_PLACEMENT_3D('',#1188,#1189,#1190);
#1188 = CARTESIAN_POINT('',(-0.5,-0.4,0.405));
#1189 = DIRECTION('',(0.,1.,0.));
#1190 = DIRECTION('',(0.,-0.,1.));
#1191 = ADVANCED_FACE('',(#1192),#1210,.F.);
#1192 = FACE_BOUND('',#1193,.F.);
#1193 = EDGE_LOOP('',(#1194,#1195,#1196,#1204));
#1194 = ORIENTED_EDGE('',*,*,#1165,.F.);
#1195 = ORIENTED_EDGE('',*,*,#1012,.T.);
#1196 = ORIENTED_EDGE('',*,*,#1197,.T.);
#1197 = EDGE_CURVE('',#865,#1198,#1200,.T.);
#1198 = VERTEX_POINT('',#1199);
#1199 = CARTESIAN_POINT('',(-0.5,0.4,0.45));
#1200 = LINE('',#1201,#1202);
#1201 = CARTESIAN_POINT('',(-0.5,0.4,0.405));
#1202 = VECTOR('',#1203,1.);
#1203 = DIRECTION('',(0.,0.,1.));
#1204 = ORIENTED_EDGE('',*,*,#1205,.F.);
#1205 = EDGE_CURVE('',#1166,#1198,#1206,.T.);
#1206 = LINE('',#1207,#1208);
#1207 = CARTESIAN_POINT('',(-0.5,-0.4,0.45));
#1208 = VECTOR('',#1209,1.);
#1209 = DIRECTION('',(0.,1.,0.));
#1210 = PLANE('',#1211);
#1211 = AXIS2_PLACEMENT_3D('',#1212,#1213,#1214);
#1212 = CARTESIAN_POINT('',(-0.5,-0.4,0.405));
#1213 = DIRECTION('',(1.,0.,0.));
#1214 = DIRECTION('',(0.,0.,1.));
#1215 = ADVANCED_FACE('',(#1216),#1279,.T.);
#1216 = FACE_BOUND('',#1217,.T.);
#1217 = EDGE_LOOP('',(#1218,#1228,#1235,#1236,#1237,#1238,#1247,#1255,
    #1264,#1272));
#1218 = ORIENTED_EDGE('',*,*,#1219,.F.);
#1219 = EDGE_CURVE('',#1220,#1222,#1224,.T.);
#1220 = VERTEX_POINT('',#1221);
#1221 = CARTESIAN_POINT('',(0.545,0.4,-2.775557561563E-17));
#1222 = VERTEX_POINT('',#1223);
#1223 = CARTESIAN_POINT('',(0.755,0.4,-2.775557561563E-17));
#1224 = LINE('',#1225,#1226);
#1225 = CARTESIAN_POINT('',(0.5,0.4,0.));
#1226 = VECTOR('',#1227,1.);
#1227 = DIRECTION('',(1.,0.,0.));
#1228 = ORIENTED_EDGE('',*,*,#1229,.F.);
#1229 = EDGE_CURVE('',#1057,#1220,#1230,.T.);
#1230 = CIRCLE('',#1231,4.5E-02);
#1231 = AXIS2_PLACEMENT_3D('',#1232,#1233,#1234);
#1232 = CARTESIAN_POINT('',(0.545,0.4,4.5E-02));
#1233 = DIRECTION('',(0.,-1.,0.));
#1234 = DIRECTION('',(0.,0.,1.));
#1235 = ORIENTED_EDGE('',*,*,#1056,.T.);
#1236 = ORIENTED_EDGE('',*,*,#1048,.T.);
#1237 = ORIENTED_EDGE('',*,*,#1040,.F.);
#1238 = ORIENTED_EDGE('',*,*,#1239,.T.);
#1239 = EDGE_CURVE('',#1033,#1240,#1242,.T.);
#1240 = VERTEX_POINT('',#1241);
#1241 = CARTESIAN_POINT('',(0.545,0.4,0.45));
#1242 = CIRCLE('',#1243,4.5E-02);
#1243 = AXIS2_PLACEMENT_3D('',#1244,#1245,#1246);
#1244 = CARTESIAN_POINT('',(0.545,0.4,0.405));
#1245 = DIRECTION('',(0.,1.,0.));
#1246 = DIRECTION('',(0.,-0.,1.));
#1247 = ORIENTED_EDGE('',*,*,#1248,.T.);
#1248 = EDGE_CURVE('',#1240,#1249,#1251,.T.);
#1249 = VERTEX_POINT('',#1250);
#1250 = CARTESIAN_POINT('',(0.755,0.4,0.45));
#1251 = LINE('',#1252,#1253);
#1252 = CARTESIAN_POINT('',(0.5,0.4,0.45));
#1253 = VECTOR('',#1254,1.);
#1254 = DIRECTION('',(1.,0.,0.));
#1255 = ORIENTED_EDGE('',*,*,#1256,.F.);
#1256 = EDGE_CURVE('',#1257,#1249,#1259,.T.);
#1257 = VERTEX_POINT('',#1258);
#1258 = CARTESIAN_POINT('',(0.8,0.4,0.405));
#1259 = CIRCLE('',#1260,4.5E-02);
#1260 = AXIS2_PLACEMENT_3D('',#1261,#1262,#1263);
#1261 = CARTESIAN_POINT('',(0.755,0.4,0.405));
#1262 = DIRECTION('',(0.,-1.,0.));
#1263 = DIRECTION('',(0.,0.,1.));
#1264 = ORIENTED_EDGE('',*,*,#1265,.F.);
#1265 = EDGE_CURVE('',#1266,#1257,#1268,.T.);
#1266 = VERTEX_POINT('',#1267);
#1267 = CARTESIAN_POINT('',(0.8,0.4,4.5E-02));
#1268 = LINE('',#1269,#1270);
#1269 = CARTESIAN_POINT('',(0.8,0.4,0.));
#1270 = VECTOR('',#1271,1.);
#1271 = DIRECTION('',(0.,0.,1.));
#1272 = ORIENTED_EDGE('',*,*,#1273,.T.);
#1273 = EDGE_CURVE('',#1266,#1222,#1274,.T.);
#1274 = CIRCLE('',#1275,4.5E-02);
#1275 = AXIS2_PLACEMENT_3D('',#1276,#1277,#1278);
#1276 = CARTESIAN_POINT('',(0.755,0.4,4.5E-02));
#1277 = DIRECTION('',(0.,1.,0.));
#1278 = DIRECTION('',(0.,-0.,1.));
#1279 = PLANE('',#1280);
#1280 = AXIS2_PLACEMENT_3D('',#1281,#1282,#1283);
#1281 = CARTESIAN_POINT('',(0.5,0.4,0.));
#1282 = DIRECTION('',(0.,1.,0.));
#1283 = DIRECTION('',(0.,-0.,1.));
#1284 = ADVANCED_FACE('',(#1285),#1303,.T.);
#1285 = FACE_BOUND('',#1286,.T.);
#1286 = EDGE_LOOP('',(#1287,#1288,#1289,#1297));
#1287 = ORIENTED_EDGE('',*,*,#1032,.F.);
#1288 = ORIENTED_EDGE('',*,*,#1197,.T.);
#1289 = ORIENTED_EDGE('',*,*,#1290,.T.);
#1290 = EDGE_CURVE('',#1198,#1291,#1293,.T.);
#1291 = VERTEX_POINT('',#1292);
#1292 = CARTESIAN_POINT('',(0.5,0.4,0.45));
#1293 = LINE('',#1294,#1295);
#1294 = CARTESIAN_POINT('',(-0.5,0.4,0.45));
#1295 = VECTOR('',#1296,1.);
#1296 = DIRECTION('',(1.,0.,0.));
#1297 = ORIENTED_EDGE('',*,*,#1298,.F.);
#1298 = EDGE_CURVE('',#1033,#1291,#1299,.T.);
#1299 = LINE('',#1300,#1301);
#1300 = CARTESIAN_POINT('',(0.5,0.4,0.405));
#1301 = VECTOR('',#1302,1.);
#1302 = DIRECTION('',(0.,0.,1.));
#1303 = PLANE('',#1304);
#1304 = AXIS2_PLACEMENT_3D('',#1305,#1306,#1307);
#1305 = CARTESIAN_POINT('',(-0.5,0.4,0.405));
#1306 = DIRECTION('',(0.,1.,0.));
#1307 = DIRECTION('',(0.,-0.,1.));
#1308 = ADVANCED_FACE('',(#1309),#1320,.T.);
#1309 = FACE_BOUND('',#1310,.T.);
#1310 = EDGE_LOOP('',(#1311,#1312,#1313,#1319));
#1311 = ORIENTED_EDGE('',*,*,#1080,.T.);
#1312 = ORIENTED_EDGE('',*,*,#1229,.T.);
#1313 = ORIENTED_EDGE('',*,*,#1314,.F.);
#1314 = EDGE_CURVE('',#1096,#1220,#1315,.T.);
#1315 = LINE('',#1316,#1317);
#1316 = CARTESIAN_POINT('',(0.545,-0.4,-2.775557561563E-17));
#1317 = VECTOR('',#1318,1.);
#1318 = DIRECTION('',(0.,1.,0.));
#1319 = ORIENTED_EDGE('',*,*,#1105,.F.);
#1320 = CYLINDRICAL_SURFACE('',#1321,4.5E-02);
#1321 = AXIS2_PLACEMENT_3D('',#1322,#1323,#1324);
#1322 = CARTESIAN_POINT('',(0.545,-0.4,4.5E-02));
#1323 = DIRECTION('',(0.,1.,0.));
#1324 = DIRECTION('',(-1.,0.,0.));
#1325 = ADVANCED_FACE('',(#1326),#1337,.F.);
#1326 = FACE_BOUND('',#1327,.F.);
#1327 = EDGE_LOOP('',(#1328,#1329,#1330,#1331));
#1328 = ORIENTED_EDGE('',*,*,#1219,.F.);
#1329 = ORIENTED_EDGE('',*,*,#1314,.F.);
#1330 = ORIENTED_EDGE('',*,*,#1095,.T.);
#1331 = ORIENTED_EDGE('',*,*,#1332,.T.);
#1332 = EDGE_CURVE('',#1098,#1222,#1333,.T.);
#1333 = LINE('',#1334,#1335);
#1334 = CARTESIAN_POINT('',(0.755,-0.4,-2.775557561563E-17));
#1335 = VECTOR('',#1336,1.);
#1336 = DIRECTION('',(0.,1.,0.));
#1337 = PLANE('',#1338);
#1338 = AXIS2_PLACEMENT_3D('',#1339,#1340,#1341);
#1339 = CARTESIAN_POINT('',(0.5,-0.4,0.));
#1340 = DIRECTION('',(0.,0.,1.));
#1341 = DIRECTION('',(1.,0.,-0.));
#1342 = ADVANCED_FACE('',(#1343),#1354,.T.);
#1343 = FACE_BOUND('',#1344,.T.);
#1344 = EDGE_LOOP('',(#1345,#1346,#1347,#1348));
#1345 = ORIENTED_EDGE('',*,*,#1149,.T.);
#1346 = ORIENTED_EDGE('',*,*,#1332,.T.);
#1347 = ORIENTED_EDGE('',*,*,#1273,.F.);
#1348 = ORIENTED_EDGE('',*,*,#1349,.F.);
#1349 = EDGE_CURVE('',#1142,#1266,#1350,.T.);
#1350 = LINE('',#1351,#1352);
#1351 = CARTESIAN_POINT('',(0.8,-0.4,4.5E-02));
#1352 = VECTOR('',#1353,1.);
#1353 = DIRECTION('',(0.,1.,0.));
#1354 = CYLINDRICAL_SURFACE('',#1355,4.5E-02);
#1355 = AXIS2_PLACEMENT_3D('',#1356,#1357,#1358);
#1356 = CARTESIAN_POINT('',(0.755,-0.4,4.5E-02));
#1357 = DIRECTION('',(0.,1.,0.));
#1358 = DIRECTION('',(1.,0.,0.));
#1359 = ADVANCED_FACE('',(#1360),#1371,.T.);
#1360 = FACE_BOUND('',#1361,.T.);
#1361 = EDGE_LOOP('',(#1362,#1363,#1364,#1365));
#1362 = ORIENTED_EDGE('',*,*,#1141,.F.);
#1363 = ORIENTED_EDGE('',*,*,#1349,.T.);
#1364 = ORIENTED_EDGE('',*,*,#1265,.T.);
#1365 = ORIENTED_EDGE('',*,*,#1366,.F.);
#1366 = EDGE_CURVE('',#1133,#1257,#1367,.T.);
#1367 = LINE('',#1368,#1369);
#1368 = CARTESIAN_POINT('',(0.8,-0.4,0.405));
#1369 = VECTOR('',#1370,1.);
#1370 = DIRECTION('',(0.,1.,0.));
#1371 = PLANE('',#1372);
#1372 = AXIS2_PLACEMENT_3D('',#1373,#1374,#1375);
#1373 = CARTESIAN_POINT('',(0.8,-0.4,0.));
#1374 = DIRECTION('',(1.,0.,0.));
#1375 = DIRECTION('',(0.,0.,1.));
#1376 = ADVANCED_FACE('',(#1377),#1388,.T.);
#1377 = FACE_BOUND('',#1378,.T.);
#1378 = EDGE_LOOP('',(#1379,#1380,#1381,#1387));
#1379 = ORIENTED_EDGE('',*,*,#1366,.T.);
#1380 = ORIENTED_EDGE('',*,*,#1256,.T.);
#1381 = ORIENTED_EDGE('',*,*,#1382,.F.);
#1382 = EDGE_CURVE('',#1125,#1249,#1383,.T.);
#1383 = LINE('',#1384,#1385);
#1384 = CARTESIAN_POINT('',(0.755,-0.4,0.45));
#1385 = VECTOR('',#1386,1.);
#1386 = DIRECTION('',(0.,1.,0.));
#1387 = ORIENTED_EDGE('',*,*,#1132,.F.);
#1388 = CYLINDRICAL_SURFACE('',#1389,4.5E-02);
#1389 = AXIS2_PLACEMENT_3D('',#1390,#1391,#1392);
#1390 = CARTESIAN_POINT('',(0.755,-0.4,0.405));
#1391 = DIRECTION('',(0.,1.,0.));
#1392 = DIRECTION('',(1.,0.,0.));
#1393 = ADVANCED_FACE('',(#1394),#1405,.T.);
#1394 = FACE_BOUND('',#1395,.T.);
#1395 = EDGE_LOOP('',(#1396,#1397,#1403,#1404));
#1396 = ORIENTED_EDGE('',*,*,#1248,.F.);
#1397 = ORIENTED_EDGE('',*,*,#1398,.F.);
#1398 = EDGE_CURVE('',#1116,#1240,#1399,.T.);
#1399 = LINE('',#1400,#1401);
#1400 = CARTESIAN_POINT('',(0.545,-0.4,0.45));
#1401 = VECTOR('',#1402,1.);
#1402 = DIRECTION('',(0.,1.,0.));
#1403 = ORIENTED_EDGE('',*,*,#1124,.T.);
#1404 = ORIENTED_EDGE('',*,*,#1382,.T.);
#1405 = PLANE('',#1406);
#1406 = AXIS2_PLACEMENT_3D('',#1407,#1408,#1409);
#1407 = CARTESIAN_POINT('',(0.5,-0.4,0.45));
#1408 = DIRECTION('',(0.,0.,1.));
#1409 = DIRECTION('',(1.,0.,-0.));
#1410 = ADVANCED_FACE('',(#1411),#1422,.T.);
#1411 = FACE_BOUND('',#1412,.T.);
#1412 = EDGE_LOOP('',(#1413,#1414,#1415,#1416));
#1413 = ORIENTED_EDGE('',*,*,#1115,.T.);
#1414 = ORIENTED_EDGE('',*,*,#1398,.T.);
#1415 = ORIENTED_EDGE('',*,*,#1239,.F.);
#1416 = ORIENTED_EDGE('',*,*,#1417,.F.);
#1417 = EDGE_CURVE('',#950,#1033,#1418,.T.);
#1418 = LINE('',#1419,#1420);
#1419 = CARTESIAN_POINT('',(0.5,-0.4,0.405));
#1420 = VECTOR('',#1421,1.);
#1421 = DIRECTION('',(0.,1.,0.));
#1422 = CYLINDRICAL_SURFACE('',#1423,4.5E-02);
#1423 = AXIS2_PLACEMENT_3D('',#1424,#1425,#1426);
#1424 = CARTESIAN_POINT('',(0.545,-0.4,0.405));
#1425 = DIRECTION('',(0.,1.,0.));
#1426 = DIRECTION('',(-1.,0.,0.));
#1427 = ADVANCED_FACE('',(#1428),#1439,.T.);
#1428 = FACE_BOUND('',#1429,.T.);
#1429 = EDGE_LOOP('',(#1430,#1431,#1432,#1433));
#1430 = ORIENTED_EDGE('',*,*,#1181,.F.);
#1431 = ORIENTED_EDGE('',*,*,#1417,.T.);
#1432 = ORIENTED_EDGE('',*,*,#1298,.T.);
#1433 = ORIENTED_EDGE('',*,*,#1434,.F.);
#1434 = EDGE_CURVE('',#1174,#1291,#1435,.T.);
#1435 = LINE('',#1436,#1437);
#1436 = CARTESIAN_POINT('',(0.5,-0.4,0.45));
#1437 = VECTOR('',#1438,1.);
#1438 = DIRECTION('',(0.,1.,0.));
#1439 = PLANE('',#1440);
#1440 = AXIS2_PLACEMENT_3D('',#1441,#1442,#1443);
#1441 = CARTESIAN_POINT('',(0.5,-0.4,0.405));
#1442 = DIRECTION('',(1.,0.,0.));
#1443 = DIRECTION('',(0.,0.,1.));
#1444 = ADVANCED_FACE('',(#1445),#1451,.T.);
#1445 = FACE_BOUND('',#1446,.T.);
#1446 = EDGE_LOOP('',(#1447,#1448,#1449,#1450));
#1447 = ORIENTED_EDGE('',*,*,#1205,.F.);
#1448 = ORIENTED_EDGE('',*,*,#1173,.T.);
#1449 = ORIENTED_EDGE('',*,*,#1434,.T.);
#1450 = ORIENTED_EDGE('',*,*,#1290,.F.);
#1451 = PLANE('',#1452);
#1452 = AXIS2_PLACEMENT_3D('',#1453,#1454,#1455);
#1453 = CARTESIAN_POINT('',(-0.5,-0.4,0.45));
#1454 = DIRECTION('',(0.,0.,1.));
#1455 = DIRECTION('',(1.,0.,-0.));
#1456 = ( GEOMETRIC_REPRESENTATION_CONTEXT(3) 
GLOBAL_UNCERTAINTY_ASSIGNED_CONTEXT((#1460)) 
GLOBAL_UNIT_ASSIGNED_CONTEXT((#1457,#1458,#1459)) REPRESENTATION_CONTEXT
('Context #1','3D Context with UNIT and UNCERTAINTY') );
#1457 = ( LENGTH_UNIT() NAMED_UNIT(*) SI_UNIT(.MILLI.,.METRE.) );
#1458 = ( NAMED_UNIT(*) PLANE_ANGLE_UNIT() SI_UNIT($,.RADIAN.) );
#1459 = ( NAMED_UNIT(*) SI_UNIT($,.STERADIAN.) SOLID_ANGLE_UNIT() );
#1460 = UNCERTAINTY_MEASURE_WITH_UNIT(LENGTH_MEASURE(1.E-07),#1457,
  'distance_accuracy_value','confusion accuracy');
#1461 = CONTEXT_DEPENDENT_SHAPE_REPRESENTATION(#1462,#1464);
#1462 = ( REPRESENTATION_RELATIONSHIP('','',#665,#10) 
REPRESENTATION_RELATIONSHIP_WITH_TRANSFORMATION(#1463) 
SHAPE_REPRESENTATION_RELATIONSHIP() );
#1463 = ITEM_DEFINED_TRANSFORMATION('','',#11,#35);
#1464 = PRODUCT_DEFINITION_SHAPE('Placement','Placement of an item',
  #1465);
#1465 = NEXT_ASSEMBLY_USAGE_OCCURRENCE('8','TH1','',#5,#660,$);
#1466 = PRODUCT_RELATED_PRODUCT_CATEGORY('part',$,(#662));
#1467 = CONTEXT_DEPENDENT_SHAPE_REPRESENTATION(#1468,#1470);
#1468 = ( REPRESENTATION_RELATIONSHIP('','',#200,#10) 
REPRESENTATION_RELATIONSHIP_WITH_TRANSFORMATION(#1469) 
SHAPE_REPRESENTATION_RELATIONSHIP() );
#1469 = ITEM_DEFINED_TRANSFORMATION('','',#11,#39);
#1470 = PRODUCT_DEFINITION_SHAPE('Placement','Placement of an item',
  #1471);
#1471 = NEXT_ASSEMBLY_USAGE_OCCURRENCE('9','D23','',#5,#195,$);
#1472 = CONTEXT_DEPENDENT_SHAPE_REPRESENTATION(#1473,#1475);
#1473 = ( REPRESENTATION_RELATIONSHIP('','',#200,#10) 
REPRESENTATION_RELATIONSHIP_WITH_TRANSFORMATION(#1474) 
SHAPE_REPRESENTATION_RELATIONSHIP() );
#1474 = ITEM_DEFINED_TRANSFORMATION('','',#11,#43);
#1475 = PRODUCT_DEFINITION_SHAPE('Placement','Placement of an item',
  #1476);
#1476 = NEXT_ASSEMBLY_USAGE_OCCURRENCE('10','D35','',#5,#195,$);
#1477 = SHAPE_DEFINITION_REPRESENTATION(#1478,#1484);
#1478 = PRODUCT_DEFINITION_SHAPE('','',#1479);
#1479 = PRODUCT_DEFINITION('design','',#1480,#1483);
#1480 = PRODUCT_DEFINITION_FORMATION('','',#1481);
#1481 = PRODUCT('JST_PH_S10B-PH-SM4-TB','JST_PH_S10B-PH-SM4-TB','',(
    #1482));
#1482 = PRODUCT_CONTEXT('',#2,'mechanical');
#1483 = PRODUCT_DEFINITION_CONTEXT('part definition',#2,'design');
#1484 = SHAPE_REPRESENTATION('',(#11,#1485,#1489),#1493);
#1485 = AXIS2_PLACEMENT_3D('',#1486,#1487,#1488);
#1486 = CARTESIAN_POINT('',(0.,0.,0.));
#1487 = DIRECTION('',(0.,0.,1.));
#1488 = DIRECTION('',(1.,0.,0.));
#1489 = AXIS2_PLACEMENT_3D('',#1490,#1491,#1492);
#1490 = CARTESIAN_POINT('',(0.,0.,0.));
#1491 = DIRECTION('',(0.,0.,1.));
#1492 = DIRECTION('',(1.,0.,0.));
#1493 = ( GEOMETRIC_REPRESENTATION_CONTEXT(3) 
GLOBAL_UNCERTAINTY_ASSIGNED_CONTEXT((#1497)) 
GLOBAL_UNIT_ASSIGNED_CONTEXT((#1494,#1495,#1496)) REPRESENTATION_CONTEXT
('Context #1','3D Context with UNIT and UNCERTAINTY') );
#1494 = ( LENGTH_UNIT() NAMED_UNIT(*) SI_UNIT(.MILLI.,.METRE.) );
#1495 = ( NAMED_UNIT(*) PLANE_ANGLE_UNIT() SI_UNIT($,.RADIAN.) );
#1496 = ( NAMED_UNIT(*) SI_UNIT($,.STERADIAN.) SOLID_ANGLE_UNIT() );
#1497 = UNCERTAINTY_MEASURE_WITH_UNIT(LENGTH_MEASURE(1.E-07),#1494,
  'distance_accuracy_value','confusion accuracy');
#1498 = CONTEXT_DEPENDENT_SHAPE_REPRESENTATION(#1499,#1501);
#1499 = ( REPRESENTATION_RELATIONSHIP('','',#1484,#10) 
REPRESENTATION_RELATIONSHIP_WITH_TRANSFORMATION(#1500) 
SHAPE_REPRESENTATION_RELATIONSHIP() );
#1500 = ITEM_DEFINED_TRANSFORMATION('','',#11,#47);
#1501 = PRODUCT_DEFINITION_SHAPE('Placement','Placement of an item',
  #1502);
#1502 = NEXT_ASSEMBLY_USAGE_OCCURRENCE('13','J1','',#5,#1479,$);
#1503 = PRODUCT_RELATED_PRODUCT_CATEGORY('part',$,(#1481));
#1504 = SHAPE_DEFINITION_REPRESENTATION(#1505,#1511);
#1505 = PRODUCT_DEFINITION_SHAPE('','',#1506);
#1506 = PRODUCT_DEFINITION('design','',#1507,#1510);
#1507 = PRODUCT_DEFINITION_FORMATION('','',#1508);
#1508 = PRODUCT('housing','housing','',(#1509));
#1509 = PRODUCT_CONTEXT('',#2,'mechanical');
#1510 = PRODUCT_DEFINITION_CONTEXT('part definition',#2,'design');
#1511 = ADVANCED_BREP_SHAPE_REPRESENTATION('',(#11,#1512),#1794);
#1512 = MANIFOLD_SOLID_BREP('',#1513);
#1513 = CLOSED_SHELL('',(#1514,#1554,#1585,#1609,#1665,#1705,#1717,#1741
    ,#1765,#1782));
#1514 = ADVANCED_FACE('',(#1515),#1549,.F.);
#1515 = FACE_BOUND('',#1516,.F.);
#1516 = EDGE_LOOP('',(#1517,#1527,#1535,#1543));
#1517 = ORIENTED_EDGE('',*,*,#1518,.F.);
#1518 = EDGE_CURVE('',#1519,#1521,#1523,.T.);
#1519 = VERTEX_POINT('',#1520);
#1520 = CARTESIAN_POINT('',(-12.,-1.6,0.));
#1521 = VERTEX_POINT('',#1522);
#1522 = CARTESIAN_POINT('',(-12.,-1.6,6.));
#1523 = LINE('',#1524,#1525);
#1524 = CARTESIAN_POINT('',(-12.,-1.6,0.));
#1525 = VECTOR('',#1526,1.);
#1526 = DIRECTION('',(0.,0.,1.));
#1527 = ORIENTED_EDGE('',*,*,#1528,.T.);
#1528 = EDGE_CURVE('',#1519,#1529,#1531,.T.);
#1529 = VERTEX_POINT('',#1530);
#1530 = CARTESIAN_POINT('',(-12.,5.,0.));
#1531 = LINE('',#1532,#1533);
#1532 = CARTESIAN_POINT('',(-12.,-1.6,0.));
#1533 = VECTOR('',#1534,1.);
#1534 = DIRECTION('',(0.,1.,0.));
#1535 = ORIENTED_EDGE('',*,*,#1536,.T.);
#1536 = EDGE_CURVE('',#1529,#1537,#1539,.T.);
#1537 = VERTEX_POINT('',#1538);
#1538 = CARTESIAN_POINT('',(-12.,5.,6.));
#1539 = LINE('',#1540,#1541);
#1540 = CARTESIAN_POINT('',(-12.,5.,0.));
#1541 = VECTOR('',#1542,1.);
#1542 = DIRECTION('',(0.,0.,1.));
#1543 = ORIENTED_EDGE('',*,*,#1544,.F.);
#1544 = EDGE_CURVE('',#1521,#1537,#1545,.T.);
#1545 = LINE('',#1546,#1547);
#1546 = CARTESIAN_POINT('',(-12.,-1.6,6.));
#1547 = VECTOR('',#1548,1.);
#1548 = DIRECTION('',(0.,1.,0.));
#1549 = PLANE('',#1550);
#1550 = AXIS2_PLACEMENT_3D('',#1551,#1552,#1553);
#1551 = CARTESIAN_POINT('',(-12.,-1.6,0.));
#1552 = DIRECTION('',(1.,0.,0.));
#1553 = DIRECTION('',(0.,0.,1.));
#1554 = ADVANCED_FACE('',(#1555),#1580,.F.);
#1555 = FACE_BOUND('',#1556,.F.);
#1556 = EDGE_LOOP('',(#1557,#1565,#1566,#1574));
#1557 = ORIENTED_EDGE('',*,*,#1558,.F.);
#1558 = EDGE_CURVE('',#1519,#1559,#1561,.T.);
#1559 = VERTEX_POINT('',#1560);
#1560 = CARTESIAN_POINT('',(12.,-1.6,0.));
#1561 = LINE('',#1562,#1563);
#1562 = CARTESIAN_POINT('',(-12.,-1.6,0.));
#1563 = VECTOR('',#1564,1.);
#1564 = DIRECTION('',(1.,0.,0.));
#1565 = ORIENTED_EDGE('',*,*,#1518,.T.);
#1566 = ORIENTED_EDGE('',*,*,#1567,.T.);
#1567 = EDGE_CURVE('',#1521,#1568,#1570,.T.);
#1568 = VERTEX_POINT('',#1569);
#1569 = CARTESIAN_POINT('',(12.,-1.6,6.));
#1570 = LINE('',#1571,#1572);
#1571 = CARTESIAN_POINT('',(-12.,-1.6,6.));
#1572 = VECTOR('',#1573,1.);
#1573 = DIRECTION('',(1.,0.,0.));
#1574 = ORIENTED_EDGE('',*,*,#1575,.F.);
#1575 = EDGE_CURVE('',#1559,#1568,#1576,.T.);
#1576 = LINE('',#1577,#1578);
#1577 = CARTESIAN_POINT('',(12.,-1.6,0.));
#1578 = VECTOR('',#1579,1.);
#1579 = DIRECTION('',(0.,0.,1.));
#1580 = PLANE('',#1581);
#1581 = AXIS2_PLACEMENT_3D('',#1582,#1583,#1584);
#1582 = CARTESIAN_POINT('',(-12.,-1.6,0.));
#1583 = DIRECTION('',(0.,1.,0.));
#1584 = DIRECTION('',(0.,-0.,1.));
#1585 = ADVANCED_FACE('',(#1586),#1604,.T.);
#1586 = FACE_BOUND('',#1587,.T.);
#1587 = EDGE_LOOP('',(#1588,#1589,#1590,#1598));
#1588 = ORIENTED_EDGE('',*,*,#1544,.F.);
#1589 = ORIENTED_EDGE('',*,*,#1567,.T.);
#1590 = ORIENTED_EDGE('',*,*,#1591,.T.);
#1591 = EDGE_CURVE('',#1568,#1592,#1594,.T.);
#1592 = VERTEX_POINT('',#1593);
#1593 = CARTESIAN_POINT('',(12.,5.,6.));
#1594 = LINE('',#1595,#1596);
#1595 = CARTESIAN_POINT('',(12.,-1.6,6.));
#1596 = VECTOR('',#1597,1.);
#1597 = DIRECTION('',(0.,1.,0.));
#1598 = ORIENTED_EDGE('',*,*,#1599,.F.);
#1599 = EDGE_CURVE('',#1537,#1592,#1600,.T.);
#1600 = LINE('',#1601,#1602);
#1601 = CARTESIAN_POINT('',(-12.,5.,6.));
#1602 = VECTOR('',#1603,1.);
#1603 = DIRECTION('',(1.,0.,0.));
#1604 = PLANE('',#1605);
#1605 = AXIS2_PLACEMENT_3D('',#1606,#1607,#1608);
#1606 = CARTESIAN_POINT('',(-12.,-1.6,6.));
#1607 = DIRECTION('',(0.,0.,1.));
#1608 = DIRECTION('',(1.,0.,-0.));
#1609 = ADVANCED_FACE('',(#1610),#1660,.T.);
#1610 = FACE_BOUND('',#1611,.T.);
#1611 = EDGE_LOOP('',(#1612,#1620,#1621,#1622,#1630,#1638,#1646,#1654));
#1612 = ORIENTED_EDGE('',*,*,#1613,.F.);
#1613 = EDGE_CURVE('',#1529,#1614,#1616,.T.);
#1614 = VERTEX_POINT('',#1615);
#1615 = CARTESIAN_POINT('',(-10.5,5.,0.));
#1616 = LINE('',#1617,#1618);
#1617 = CARTESIAN_POINT('',(-12.,5.,0.));
#1618 = VECTOR('',#1619,1.);
#1619 = DIRECTION('',(1.,0.,0.));
#1620 = ORIENTED_EDGE('',*,*,#1536,.T.);
#1621 = ORIENTED_EDGE('',*,*,#1599,.T.);
#1622 = ORIENTED_EDGE('',*,*,#1623,.F.);
#1623 = EDGE_CURVE('',#1624,#1592,#1626,.T.);
#1624 = VERTEX_POINT('',#1625);
#1625 = CARTESIAN_POINT('',(12.,5.,0.));
#1626 = LINE('',#1627,#1628);
#1627 = CARTESIAN_POINT('',(12.,5.,0.));
#1628 = VECTOR('',#1629,1.);
#1629 = DIRECTION('',(0.,0.,1.));
#1630 = ORIENTED_EDGE('',*,*,#1631,.F.);
#1631 = EDGE_CURVE('',#1632,#1624,#1634,.T.);
#1632 = VERTEX_POINT('',#1633);
#1633 = CARTESIAN_POINT('',(10.5,5.,0.));
#1634 = LINE('',#1635,#1636);
#1635 = CARTESIAN_POINT('',(-12.,5.,0.));
#1636 = VECTOR('',#1637,1.);
#1637 = DIRECTION('',(1.,0.,0.));
#1638 = ORIENTED_EDGE('',*,*,#1639,.F.);
#1639 = EDGE_CURVE('',#1640,#1632,#1642,.T.);
#1640 = VERTEX_POINT('',#1641);
#1641 = CARTESIAN_POINT('',(10.5,5.,2.));
#1642 = LINE('',#1643,#1644);
#1643 = CARTESIAN_POINT('',(10.5,5.,2.));
#1644 = VECTOR('',#1645,1.);
#1645 = DIRECTION('',(0.,0.,-1.));
#1646 = ORIENTED_EDGE('',*,*,#1647,.F.);
#1647 = EDGE_CURVE('',#1648,#1640,#1650,.T.);
#1648 = VERTEX_POINT('',#1649);
#1649 = CARTESIAN_POINT('',(-10.5,5.,2.));
#1650 = LINE('',#1651,#1652);
#1651 = CARTESIAN_POINT('',(-10.5,5.,2.));
#1652 = VECTOR('',#1653,1.);
#1653 = DIRECTION('',(1.,0.,0.));
#1654 = ORIENTED_EDGE('',*,*,#1655,.F.);
#1655 = EDGE_CURVE('',#1614,#1648,#1656,.T.);
#1656 = LINE('',#1657,#1658);
#1657 = CARTESIAN_POINT('',(-10.5,5.,-2.));
#1658 = VECTOR('',#1659,1.);
#1659 = DIRECTION('',(0.,0.,1.));
#1660 = PLANE('',#1661);
#1661 = AXIS2_PLACEMENT_3D('',#1662,#1663,#1664);
#1662 = CARTESIAN_POINT('',(-12.,5.,0.));
#1663 = DIRECTION('',(0.,1.,0.));
#1664 = DIRECTION('',(0.,-0.,1.));
#1665 = ADVANCED_FACE('',(#1666),#1700,.F.);
#1666 = FACE_BOUND('',#1667,.F.);
#1667 = EDGE_LOOP('',(#1668,#1669,#1670,#1671,#1677,#1678,#1686,#1694));
#1668 = ORIENTED_EDGE('',*,*,#1613,.F.);
#1669 = ORIENTED_EDGE('',*,*,#1528,.F.);
#1670 = ORIENTED_EDGE('',*,*,#1558,.T.);
#1671 = ORIENTED_EDGE('',*,*,#1672,.T.);
#1672 = EDGE_CURVE('',#1559,#1624,#1673,.T.);
#1673 = LINE('',#1674,#1675);
#1674 = CARTESIAN_POINT('',(12.,-1.6,0.));
#1675 = VECTOR('',#1676,1.);
#1676 = DIRECTION('',(0.,1.,0.));
#1677 = ORIENTED_EDGE('',*,*,#1631,.F.);
#1678 = ORIENTED_EDGE('',*,*,#1679,.F.);
#1679 = EDGE_CURVE('',#1680,#1632,#1682,.T.);
#1680 = VERTEX_POINT('',#1681);
#1681 = CARTESIAN_POINT('',(10.5,0.,0.));
#1682 = LINE('',#1683,#1684);
#1683 = CARTESIAN_POINT('',(10.5,1.7,0.));
#1684 = VECTOR('',#1685,1.);
#1685 = DIRECTION('',(0.,1.,-0.));
#1686 = ORIENTED_EDGE('',*,*,#1687,.T.);
#1687 = EDGE_CURVE('',#1680,#1688,#1690,.T.);
#1688 = VERTEX_POINT('',#1689);
#1689 = CARTESIAN_POINT('',(-10.5,0.,0.));
#1690 = LINE('',#1691,#1692);
#1691 = CARTESIAN_POINT('',(-6.,0.,0.));
#1692 = VECTOR('',#1693,1.);
#1693 = DIRECTION('',(-1.,0.,0.));
#1694 = ORIENTED_EDGE('',*,*,#1695,.F.);
#1695 = EDGE_CURVE('',#1614,#1688,#1696,.T.);
#1696 = LINE('',#1697,#1698);
#1697 = CARTESIAN_POINT('',(-10.5,1.7,0.));
#1698 = VECTOR('',#1699,1.);
#1699 = DIRECTION('',(0.,-1.,0.));
#1700 = PLANE('',#1701);
#1701 = AXIS2_PLACEMENT_3D('',#1702,#1703,#1704);
#1702 = CARTESIAN_POINT('',(-12.,-1.6,0.));
#1703 = DIRECTION('',(0.,0.,1.));
#1704 = DIRECTION('',(1.,0.,-0.));
#1705 = ADVANCED_FACE('',(#1706),#1712,.T.);
#1706 = FACE_BOUND('',#1707,.T.);
#1707 = EDGE_LOOP('',(#1708,#1709,#1710,#1711));
#1708 = ORIENTED_EDGE('',*,*,#1575,.F.);
#1709 = ORIENTED_EDGE('',*,*,#1672,.T.);
#1710 = ORIENTED_EDGE('',*,*,#1623,.T.);
#1711 = ORIENTED_EDGE('',*,*,#1591,.F.);
#1712 = PLANE('',#1713);
#1713 = AXIS2_PLACEMENT_3D('',#1714,#1715,#1716);
#1714 = CARTESIAN_POINT('',(12.,-1.6,0.));
#1715 = DIRECTION('',(1.,0.,0.));
#1716 = DIRECTION('',(0.,0.,1.));
#1717 = ADVANCED_FACE('',(#1718),#1736,.F.);
#1718 = FACE_BOUND('',#1719,.F.);
#1719 = EDGE_LOOP('',(#1720,#1721,#1722,#1730));
#1720 = ORIENTED_EDGE('',*,*,#1655,.F.);
#1721 = ORIENTED_EDGE('',*,*,#1695,.T.);
#1722 = ORIENTED_EDGE('',*,*,#1723,.T.);
#1723 = EDGE_CURVE('',#1688,#1724,#1726,.T.);
#1724 = VERTEX_POINT('',#1725);
#1725 = CARTESIAN_POINT('',(-10.5,0.,2.));
#1726 = LINE('',#1727,#1728);
#1727 = CARTESIAN_POINT('',(-10.5,0.,-2.));
#1728 = VECTOR('',#1729,1.);
#1729 = DIRECTION('',(0.,0.,1.));
#1730 = ORIENTED_EDGE('',*,*,#1731,.F.);
#1731 = EDGE_CURVE('',#1648,#1724,#1732,.T.);
#1732 = LINE('',#1733,#1734);
#1733 = CARTESIAN_POINT('',(-10.5,5.,2.));
#1734 = VECTOR('',#1735,1.);
#1735 = DIRECTION('',(-0.,-1.,-0.));
#1736 = PLANE('',#1737);
#1737 = AXIS2_PLACEMENT_3D('',#1738,#1739,#1740);
#1738 = CARTESIAN_POINT('',(-10.5,5.,-2.));
#1739 = DIRECTION('',(-1.,0.,0.));
#1740 = DIRECTION('',(0.,0.,1.));
#1741 = ADVANCED_FACE('',(#1742),#1760,.F.);
#1742 = FACE_BOUND('',#1743,.F.);
#1743 = EDGE_LOOP('',(#1744,#1745,#1753,#1759));
#1744 = ORIENTED_EDGE('',*,*,#1731,.T.);
#1745 = ORIENTED_EDGE('',*,*,#1746,.T.);
#1746 = EDGE_CURVE('',#1724,#1747,#1749,.T.);
#1747 = VERTEX_POINT('',#1748);
#1748 = CARTESIAN_POINT('',(10.5,0.,2.));
#1749 = LINE('',#1750,#1751);
#1750 = CARTESIAN_POINT('',(-10.5,0.,2.));
#1751 = VECTOR('',#1752,1.);
#1752 = DIRECTION('',(1.,0.,0.));
#1753 = ORIENTED_EDGE('',*,*,#1754,.F.);
#1754 = EDGE_CURVE('',#1640,#1747,#1755,.T.);
#1755 = LINE('',#1756,#1757);
#1756 = CARTESIAN_POINT('',(10.5,5.,2.));
#1757 = VECTOR('',#1758,1.);
#1758 = DIRECTION('',(-0.,-1.,-0.));
#1759 = ORIENTED_EDGE('',*,*,#1647,.F.);
#1760 = PLANE('',#1761);
#1761 = AXIS2_PLACEMENT_3D('',#1762,#1763,#1764);
#1762 = CARTESIAN_POINT('',(-10.5,5.,2.));
#1763 = DIRECTION('',(0.,0.,1.));
#1764 = DIRECTION('',(1.,0.,-0.));
#1765 = ADVANCED_FACE('',(#1766),#1777,.F.);
#1766 = FACE_BOUND('',#1767,.F.);
#1767 = EDGE_LOOP('',(#1768,#1769,#1770,#1776));
#1768 = ORIENTED_EDGE('',*,*,#1639,.F.);
#1769 = ORIENTED_EDGE('',*,*,#1754,.T.);
#1770 = ORIENTED_EDGE('',*,*,#1771,.T.);
#1771 = EDGE_CURVE('',#1747,#1680,#1772,.T.);
#1772 = LINE('',#1773,#1774);
#1773 = CARTESIAN_POINT('',(10.5,0.,2.));
#1774 = VECTOR('',#1775,1.);
#1775 = DIRECTION('',(0.,0.,-1.));
#1776 = ORIENTED_EDGE('',*,*,#1679,.T.);
#1777 = PLANE('',#1778);
#1778 = AXIS2_PLACEMENT_3D('',#1779,#1780,#1781);
#1779 = CARTESIAN_POINT('',(10.5,5.,2.));
#1780 = DIRECTION('',(1.,-0.,0.));
#1781 = DIRECTION('',(0.,0.,-1.));
#1782 = ADVANCED_FACE('',(#1783),#1789,.T.);
#1783 = FACE_BOUND('',#1784,.T.);
#1784 = EDGE_LOOP('',(#1785,#1786,#1787,#1788));
#1785 = ORIENTED_EDGE('',*,*,#1771,.T.);
#1786 = ORIENTED_EDGE('',*,*,#1687,.T.);
#1787 = ORIENTED_EDGE('',*,*,#1723,.T.);
#1788 = ORIENTED_EDGE('',*,*,#1746,.T.);
#1789 = PLANE('',#1790);
#1790 = AXIS2_PLACEMENT_3D('',#1791,#1792,#1793);
#1791 = CARTESIAN_POINT('',(0.,0.,0.));
#1792 = DIRECTION('',(0.,1.,0.));
#1793 = DIRECTION('',(0.,-0.,1.));
#1794 = ( GEOMETRIC_REPRESENTATION_CONTEXT(3) 
GLOBAL_UNCERTAINTY_ASSIGNED_CONTEXT((#1798)) 
GLOBAL_UNIT_ASSIGNED_CONTEXT((#1795,#1796,#1797)) REPRESENTATION_CONTEXT
('Context #1','3D Context with UNIT and UNCERTAINTY') );
#1795 = ( LENGTH_UNIT() NAMED_UNIT(*) SI_UNIT(.MILLI.,.METRE.) );
#1796 = ( NAMED_UNIT(*) PLANE_ANGLE_UNIT() SI_UNIT($,.RADIAN.) );
#1797 = ( NAMED_UNIT(*) SI_UNIT($,.STERADIAN.) SOLID_ANGLE_UNIT() );
#1798 = UNCERTAINTY_MEASURE_WITH_UNIT(LENGTH_MEASURE(1.E-07),#1795,
  'distance_accuracy_value','confusion accuracy');
#1799 = CONTEXT_DEPENDENT_SHAPE_REPRESENTATION(#1800,#1802);
#1800 = ( REPRESENTATION_RELATIONSHIP('','',#1511,#1484) 
REPRESENTATION_RELATIONSHIP_WITH_TRANSFORMATION(#1801) 
SHAPE_REPRESENTATION_RELATIONSHIP() );
#1801 = ITEM_DEFINED_TRANSFORMATION('','',#11,#1485);
#1802 = PRODUCT_DEFINITION_SHAPE('Placement','Placement of an item',
  #1803);
#1803 = NEXT_ASSEMBLY_USAGE_OCCURRENCE('11','housing','',#1479,#1506,$);
#1804 = PRODUCT_RELATED_PRODUCT_CATEGORY('part',$,(#1508));
#1805 = SHAPE_DEFINITION_REPRESENTATION(#1806,#1812);
#1806 = PRODUCT_DEFINITION_SHAPE('','',#1807);
#1807 = PRODUCT_DEFINITION('design','',#1808,#1811);
#1808 = PRODUCT_DEFINITION_FORMATION('','',#1809);
#1809 = PRODUCT('pins','pins','',(#1810));
#1810 = PRODUCT_CONTEXT('',#2,'mechanical');
#1811 = PRODUCT_DEFINITION_CONTEXT('part definition',#2,'design');
#1812 = SHAPE_REPRESENTATION('',(#11,#1813,#1963,#2113,#2263,#2413,#2563
    ,#2713,#2863,#3013,#3163),#3313);
#1813 = MANIFOLD_SOLID_BREP('',#1814);
#1814 = CLOSED_SHELL('',(#1815,#1855,#1895,#1917,#1939,#1951));
#1815 = ADVANCED_FACE('',(#1816),#1850,.F.);
#1816 = FACE_BOUND('',#1817,.F.);
#1817 = EDGE_LOOP('',(#1818,#1828,#1836,#1844));
#1818 = ORIENTED_EDGE('',*,*,#1819,.F.);
#1819 = EDGE_CURVE('',#1820,#1822,#1824,.T.);
#1820 = VERTEX_POINT('',#1821);
#1821 = CARTESIAN_POINT('',(-9.32,-4.4,0.));
#1822 = VERTEX_POINT('',#1823);
#1823 = CARTESIAN_POINT('',(-9.32,-4.4,0.3));
#1824 = LINE('',#1825,#1826);
#1825 = CARTESIAN_POINT('',(-9.32,-4.4,0.));
#1826 = VECTOR('',#1827,1.);
#1827 = DIRECTION('',(0.,0.,1.));
#1828 = ORIENTED_EDGE('',*,*,#1829,.T.);
#1829 = EDGE_CURVE('',#1820,#1830,#1832,.T.);
#1830 = VERTEX_POINT('',#1831);
#1831 = CARTESIAN_POINT('',(-9.32,-1.4,0.));
#1832 = LINE('',#1833,#1834);
#1833 = CARTESIAN_POINT('',(-9.32,-4.4,0.));
#1834 = VECTOR('',#1835,1.);
#1835 = DIRECTION('',(0.,1.,0.));
#1836 = ORIENTED_EDGE('',*,*,#1837,.T.);
#1837 = EDGE_CURVE('',#1830,#1838,#1840,.T.);
#1838 = VERTEX_POINT('',#1839);
#1839 = CARTESIAN_POINT('',(-9.32,-1.4,0.3));
#1840 = LINE('',#1841,#1842);
#1841 = CARTESIAN_POINT('',(-9.32,-1.4,0.));
#1842 = VECTOR('',#1843,1.);
#1843 = DIRECTION('',(0.,0.,1.));
#1844 = ORIENTED_EDGE('',*,*,#1845,.F.);
#1845 = EDGE_CURVE('',#1822,#1838,#1846,.T.);
#1846 = LINE('',#1847,#1848);
#1847 = CARTESIAN_POINT('',(-9.32,-4.4,0.3));
#1848 = VECTOR('',#1849,1.);
#1849 = DIRECTION('',(0.,1.,0.));
#1850 = PLANE('',#1851);
#1851 = AXIS2_PLACEMENT_3D('',#1852,#1853,#1854);
#1852 = CARTESIAN_POINT('',(-9.32,-4.4,0.));
#1853 = DIRECTION('',(1.,0.,0.));
#1854 = DIRECTION('',(0.,0.,1.));
#1855 = ADVANCED_FACE('',(#1856),#1890,.T.);
#1856 = FACE_BOUND('',#1857,.T.);
#1857 = EDGE_LOOP('',(#1858,#1868,#1876,#1884));
#1858 = ORIENTED_EDGE('',*,*,#1859,.F.);
#1859 = EDGE_CURVE('',#1860,#1862,#1864,.T.);
#1860 = VERTEX_POINT('',#1861);
#1861 = CARTESIAN_POINT('',(-8.68,-4.4,0.));
#1862 = VERTEX_POINT('',#1863);
#1863 = CARTESIAN_POINT('',(-8.68,-4.4,0.3));
#1864 = LINE('',#1865,#1866);
#1865 = CARTESIAN_POINT('',(-8.68,-4.4,0.));
#1866 = VECTOR('',#1867,1.);
#1867 = DIRECTION('',(0.,0.,1.));
#1868 = ORIENTED_EDGE('',*,*,#1869,.T.);
#1869 = EDGE_CURVE('',#1860,#1870,#1872,.T.);
#1870 = VERTEX_POINT('',#1871);
#1871 = CARTESIAN_POINT('',(-8.68,-1.4,0.));
#1872 = LINE('',#1873,#1874);
#1873 = CARTESIAN_POINT('',(-8.68,-4.4,0.));
#1874 = VECTOR('',#1875,1.);
#1875 = DIRECTION('',(0.,1.,0.));
#1876 = ORIENTED_EDGE('',*,*,#1877,.T.);
#1877 = EDGE_CURVE('',#1870,#1878,#1880,.T.);
#1878 = VERTEX_POINT('',#1879);
#1879 = CARTESIAN_POINT('',(-8.68,-1.4,0.3));
#1880 = LINE('',#1881,#1882);
#1881 = CARTESIAN_POINT('',(-8.68,-1.4,0.));
#1882 = VECTOR('',#1883,1.);
#1883 = DIRECTION('',(0.,0.,1.));
#1884 = ORIENTED_EDGE('',*,*,#1885,.F.);
#1885 = EDGE_CURVE('',#1862,#1878,#1886,.T.);
#1886 = LINE('',#1887,#1888);
#1887 = CARTESIAN_POINT('',(-8.68,-4.4,0.3));
#1888 = VECTOR('',#1889,1.);
#1889 = DIRECTION('',(0.,1.,0.));
#1890 = PLANE('',#1891);
#1891 = AXIS2_PLACEMENT_3D('',#1892,#1893,#1894);
#1892 = CARTESIAN_POINT('',(-8.68,-4.4,0.));
#1893 = DIRECTION('',(1.,0.,0.));
#1894 = DIRECTION('',(0.,0.,1.));
#1895 = ADVANCED_FACE('',(#1896),#1912,.F.);
#1896 = FACE_BOUND('',#1897,.F.);
#1897 = EDGE_LOOP('',(#1898,#1904,#1905,#1911));
#1898 = ORIENTED_EDGE('',*,*,#1899,.F.);
#1899 = EDGE_CURVE('',#1820,#1860,#1900,.T.);
#1900 = LINE('',#1901,#1902);
#1901 = CARTESIAN_POINT('',(-9.32,-4.4,0.));
#1902 = VECTOR('',#1903,1.);
#1903 = DIRECTION('',(1.,0.,0.));
#1904 = ORIENTED_EDGE('',*,*,#1819,.T.);
#1905 = ORIENTED_EDGE('',*,*,#1906,.T.);
#1906 = EDGE_CURVE('',#1822,#1862,#1907,.T.);
#1907 = LINE('',#1908,#1909);
#1908 = CARTESIAN_POINT('',(-9.32,-4.4,0.3));
#1909 = VECTOR('',#1910,1.);
#1910 = DIRECTION('',(1.,0.,0.));
#1911 = ORIENTED_EDGE('',*,*,#1859,.F.);
#1912 = PLANE('',#1913);
#1913 = AXIS2_PLACEMENT_3D('',#1914,#1915,#1916);
#1914 = CARTESIAN_POINT('',(-9.32,-4.4,0.));
#1915 = DIRECTION('',(0.,1.,0.));
#1916 = DIRECTION('',(0.,-0.,1.));
#1917 = ADVANCED_FACE('',(#1918),#1934,.T.);
#1918 = FACE_BOUND('',#1919,.T.);
#1919 = EDGE_LOOP('',(#1920,#1926,#1927,#1933));
#1920 = ORIENTED_EDGE('',*,*,#1921,.F.);
#1921 = EDGE_CURVE('',#1830,#1870,#1922,.T.);
#1922 = LINE('',#1923,#1924);
#1923 = CARTESIAN_POINT('',(-9.32,-1.4,0.));
#1924 = VECTOR('',#1925,1.);
#1925 = DIRECTION('',(1.,0.,0.));
#1926 = ORIENTED_EDGE('',*,*,#1837,.T.);
#1927 = ORIENTED_EDGE('',*,*,#1928,.T.);
#1928 = EDGE_CURVE('',#1838,#1878,#1929,.T.);
#1929 = LINE('',#1930,#1931);
#1930 = CARTESIAN_POINT('',(-9.32,-1.4,0.3));
#1931 = VECTOR('',#1932,1.);
#1932 = DIRECTION('',(1.,0.,0.));
#1933 = ORIENTED_EDGE('',*,*,#1877,.F.);
#1934 = PLANE('',#1935);
#1935 = AXIS2_PLACEMENT_3D('',#1936,#1937,#1938);
#1936 = CARTESIAN_POINT('',(-9.32,-1.4,0.));
#1937 = DIRECTION('',(0.,1.,0.));
#1938 = DIRECTION('',(0.,-0.,1.));
#1939 = ADVANCED_FACE('',(#1940),#1946,.F.);
#1940 = FACE_BOUND('',#1941,.F.);
#1941 = EDGE_LOOP('',(#1942,#1943,#1944,#1945));
#1942 = ORIENTED_EDGE('',*,*,#1829,.F.);
#1943 = ORIENTED_EDGE('',*,*,#1899,.T.);
#1944 = ORIENTED_EDGE('',*,*,#1869,.T.);
#1945 = ORIENTED_EDGE('',*,*,#1921,.F.);
#1946 = PLANE('',#1947);
#1947 = AXIS2_PLACEMENT_3D('',#1948,#1949,#1950);
#1948 = CARTESIAN_POINT('',(-9.32,-4.4,0.));
#1949 = DIRECTION('',(0.,0.,1.));
#1950 = DIRECTION('',(1.,0.,-0.));
#1951 = ADVANCED_FACE('',(#1952),#1958,.T.);
#1952 = FACE_BOUND('',#1953,.T.);
#1953 = EDGE_LOOP('',(#1954,#1955,#1956,#1957));
#1954 = ORIENTED_EDGE('',*,*,#1845,.F.);
#1955 = ORIENTED_EDGE('',*,*,#1906,.T.);
#1956 = ORIENTED_EDGE('',*,*,#1885,.T.);
#1957 = ORIENTED_EDGE('',*,*,#1928,.F.);
#1958 = PLANE('',#1959);
#1959 = AXIS2_PLACEMENT_3D('',#1960,#1961,#1962);
#1960 = CARTESIAN_POINT('',(-9.32,-4.4,0.3));
#1961 = DIRECTION('',(0.,0.,1.));
#1962 = DIRECTION('',(1.,0.,-0.));
#1963 = MANIFOLD_SOLID_BREP('',#1964);
#1964 = CLOSED_SHELL('',(#1965,#2005,#2045,#2067,#2089,#2101));
#1965 = ADVANCED_FACE('',(#1966),#2000,.F.);
#1966 = FACE_BOUND('',#1967,.F.);
#1967 = EDGE_LOOP('',(#1968,#1978,#1986,#1994));
#1968 = ORIENTED_EDGE('',*,*,#1969,.F.);
#1969 = EDGE_CURVE('',#1970,#1972,#1974,.T.);
#1970 = VERTEX_POINT('',#1971);
#1971 = CARTESIAN_POINT('',(-7.32,-4.4,0.));
#1972 = VERTEX_POINT('',#1973);
#1973 = CARTESIAN_POINT('',(-7.32,-4.4,0.3));
#1974 = LINE('',#1975,#1976);
#1975 = CARTESIAN_POINT('',(-7.32,-4.4,0.));
#1976 = VECTOR('',#1977,1.);
#1977 = DIRECTION('',(0.,0.,1.));
#1978 = ORIENTED_EDGE('',*,*,#1979,.T.);
#1979 = EDGE_CURVE('',#1970,#1980,#1982,.T.);
#1980 = VERTEX_POINT('',#1981);
#1981 = CARTESIAN_POINT('',(-7.32,-1.4,0.));
#1982 = LINE('',#1983,#1984);
#1983 = CARTESIAN_POINT('',(-7.32,-4.4,0.));
#1984 = VECTOR('',#1985,1.);
#1985 = DIRECTION('',(0.,1.,0.));
#1986 = ORIENTED_EDGE('',*,*,#1987,.T.);
#1987 = EDGE_CURVE('',#1980,#1988,#1990,.T.);
#1988 = VERTEX_POINT('',#1989);
#1989 = CARTESIAN_POINT('',(-7.32,-1.4,0.3));
#1990 = LINE('',#1991,#1992);
#1991 = CARTESIAN_POINT('',(-7.32,-1.4,0.));
#1992 = VECTOR('',#1993,1.);
#1993 = DIRECTION('',(0.,0.,1.));
#1994 = ORIENTED_EDGE('',*,*,#1995,.F.);
#1995 = EDGE_CURVE('',#1972,#1988,#1996,.T.);
#1996 = LINE('',#1997,#1998);
#1997 = CARTESIAN_POINT('',(-7.32,-4.4,0.3));
#1998 = VECTOR('',#1999,1.);
#1999 = DIRECTION('',(0.,1.,0.));
#2000 = PLANE('',#2001);
#2001 = AXIS2_PLACEMENT_3D('',#2002,#2003,#2004);
#2002 = CARTESIAN_POINT('',(-7.32,-4.4,0.));
#2003 = DIRECTION('',(1.,0.,0.));
#2004 = DIRECTION('',(0.,0.,1.));
#2005 = ADVANCED_FACE('',(#2006),#2040,.T.);
#2006 = FACE_BOUND('',#2007,.T.);
#2007 = EDGE_LOOP('',(#2008,#2018,#2026,#2034));
#2008 = ORIENTED_EDGE('',*,*,#2009,.F.);
#2009 = EDGE_CURVE('',#2010,#2012,#2014,.T.);
#2010 = VERTEX_POINT('',#2011);
#2011 = CARTESIAN_POINT('',(-6.68,-4.4,0.));
#2012 = VERTEX_POINT('',#2013);
#2013 = CARTESIAN_POINT('',(-6.68,-4.4,0.3));
#2014 = LINE('',#2015,#2016);
#2015 = CARTESIAN_POINT('',(-6.68,-4.4,0.));
#2016 = VECTOR('',#2017,1.);
#2017 = DIRECTION('',(0.,0.,1.));
#2018 = ORIENTED_EDGE('',*,*,#2019,.T.);
#2019 = EDGE_CURVE('',#2010,#2020,#2022,.T.);
#2020 = VERTEX_POINT('',#2021);
#2021 = CARTESIAN_POINT('',(-6.68,-1.4,0.));
#2022 = LINE('',#2023,#2024);
#2023 = CARTESIAN_POINT('',(-6.68,-4.4,0.));
#2024 = VECTOR('',#2025,1.);
#2025 = DIRECTION('',(0.,1.,0.));
#2026 = ORIENTED_EDGE('',*,*,#2027,.T.);
#2027 = EDGE_CURVE('',#2020,#2028,#2030,.T.);
#2028 = VERTEX_POINT('',#2029);
#2029 = CARTESIAN_POINT('',(-6.68,-1.4,0.3));
#2030 = LINE('',#2031,#2032);
#2031 = CARTESIAN_POINT('',(-6.68,-1.4,0.));
#2032 = VECTOR('',#2033,1.);
#2033 = DIRECTION('',(0.,0.,1.));
#2034 = ORIENTED_EDGE('',*,*,#2035,.F.);
#2035 = EDGE_CURVE('',#2012,#2028,#2036,.T.);
#2036 = LINE('',#2037,#2038);
#2037 = CARTESIAN_POINT('',(-6.68,-4.4,0.3));
#2038 = VECTOR('',#2039,1.);
#2039 = DIRECTION('',(0.,1.,0.));
#2040 = PLANE('',#2041);
#2041 = AXIS2_PLACEMENT_3D('',#2042,#2043,#2044);
#2042 = CARTESIAN_POINT('',(-6.68,-4.4,0.));
#2043 = DIRECTION('',(1.,0.,0.));
#2044 = DIRECTION('',(0.,0.,1.));
#2045 = ADVANCED_FACE('',(#2046),#2062,.F.);
#2046 = FACE_BOUND('',#2047,.F.);
#2047 = EDGE_LOOP('',(#2048,#2054,#2055,#2061));
#2048 = ORIENTED_EDGE('',*,*,#2049,.F.);
#2049 = EDGE_CURVE('',#1970,#2010,#2050,.T.);
#2050 = LINE('',#2051,#2052);
#2051 = CARTESIAN_POINT('',(-7.32,-4.4,0.));
#2052 = VECTOR('',#2053,1.);
#2053 = DIRECTION('',(1.,0.,0.));
#2054 = ORIENTED_EDGE('',*,*,#1969,.T.);
#2055 = ORIENTED_EDGE('',*,*,#2056,.T.);
#2056 = EDGE_CURVE('',#1972,#2012,#2057,.T.);
#2057 = LINE('',#2058,#2059);
#2058 = CARTESIAN_POINT('',(-7.32,-4.4,0.3));
#2059 = VECTOR('',#2060,1.);
#2060 = DIRECTION('',(1.,0.,0.));
#2061 = ORIENTED_EDGE('',*,*,#2009,.F.);
#2062 = PLANE('',#2063);
#2063 = AXIS2_PLACEMENT_3D('',#2064,#2065,#2066);
#2064 = CARTESIAN_POINT('',(-7.32,-4.4,0.));
#2065 = DIRECTION('',(0.,1.,0.));
#2066 = DIRECTION('',(0.,-0.,1.));
#2067 = ADVANCED_FACE('',(#2068),#2084,.T.);
#2068 = FACE_BOUND('',#2069,.T.);
#2069 = EDGE_LOOP('',(#2070,#2076,#2077,#2083));
#2070 = ORIENTED_EDGE('',*,*,#2071,.F.);
#2071 = EDGE_CURVE('',#1980,#2020,#2072,.T.);
#2072 = LINE('',#2073,#2074);
#2073 = CARTESIAN_POINT('',(-7.32,-1.4,0.));
#2074 = VECTOR('',#2075,1.);
#2075 = DIRECTION('',(1.,0.,0.));
#2076 = ORIENTED_EDGE('',*,*,#1987,.T.);
#2077 = ORIENTED_EDGE('',*,*,#2078,.T.);
#2078 = EDGE_CURVE('',#1988,#2028,#2079,.T.);
#2079 = LINE('',#2080,#2081);
#2080 = CARTESIAN_POINT('',(-7.32,-1.4,0.3));
#2081 = VECTOR('',#2082,1.);
#2082 = DIRECTION('',(1.,0.,0.));
#2083 = ORIENTED_EDGE('',*,*,#2027,.F.);
#2084 = PLANE('',#2085);
#2085 = AXIS2_PLACEMENT_3D('',#2086,#2087,#2088);
#2086 = CARTESIAN_POINT('',(-7.32,-1.4,0.));
#2087 = DIRECTION('',(0.,1.,0.));
#2088 = DIRECTION('',(0.,-0.,1.));
#2089 = ADVANCED_FACE('',(#2090),#2096,.F.);
#2090 = FACE_BOUND('',#2091,.F.);
#2091 = EDGE_LOOP('',(#2092,#2093,#2094,#2095));
#2092 = ORIENTED_EDGE('',*,*,#1979,.F.);
#2093 = ORIENTED_EDGE('',*,*,#2049,.T.);
#2094 = ORIENTED_EDGE('',*,*,#2019,.T.);
#2095 = ORIENTED_EDGE('',*,*,#2071,.F.);
#2096 = PLANE('',#2097);
#2097 = AXIS2_PLACEMENT_3D('',#2098,#2099,#2100);
#2098 = CARTESIAN_POINT('',(-7.32,-4.4,0.));
#2099 = DIRECTION('',(0.,0.,1.));
#2100 = DIRECTION('',(1.,0.,-0.));
#2101 = ADVANCED_FACE('',(#2102),#2108,.T.);
#2102 = FACE_BOUND('',#2103,.T.);
#2103 = EDGE_LOOP('',(#2104,#2105,#2106,#2107));
#2104 = ORIENTED_EDGE('',*,*,#1995,.F.);
#2105 = ORIENTED_EDGE('',*,*,#2056,.T.);
#2106 = ORIENTED_EDGE('',*,*,#2035,.T.);
#2107 = ORIENTED_EDGE('',*,*,#2078,.F.);
#2108 = PLANE('',#2109);
#2109 = AXIS2_PLACEMENT_3D('',#2110,#2111,#2112);
#2110 = CARTESIAN_POINT('',(-7.32,-4.4,0.3));
#2111 = DIRECTION('',(0.,0.,1.));
#2112 = DIRECTION('',(1.,0.,-0.));
#2113 = MANIFOLD_SOLID_BREP('',#2114);
#2114 = CLOSED_SHELL('',(#2115,#2155,#2195,#2217,#2239,#2251));
#2115 = ADVANCED_FACE('',(#2116),#2150,.F.);
#2116 = FACE_BOUND('',#2117,.F.);
#2117 = EDGE_LOOP('',(#2118,#2128,#2136,#2144));
#2118 = ORIENTED_EDGE('',*,*,#2119,.F.);
#2119 = EDGE_CURVE('',#2120,#2122,#2124,.T.);
#2120 = VERTEX_POINT('',#2121);
#2121 = CARTESIAN_POINT('',(-5.32,-4.4,0.));
#2122 = VERTEX_POINT('',#2123);
#2123 = CARTESIAN_POINT('',(-5.32,-4.4,0.3));
#2124 = LINE('',#2125,#2126);
#2125 = CARTESIAN_POINT('',(-5.32,-4.4,0.));
#2126 = VECTOR('',#2127,1.);
#2127 = DIRECTION('',(0.,0.,1.));
#2128 = ORIENTED_EDGE('',*,*,#2129,.T.);
#2129 = EDGE_CURVE('',#2120,#2130,#2132,.T.);
#2130 = VERTEX_POINT('',#2131);
#2131 = CARTESIAN_POINT('',(-5.32,-1.4,0.));
#2132 = LINE('',#2133,#2134);
#2133 = CARTESIAN_POINT('',(-5.32,-4.4,0.));
#2134 = VECTOR('',#2135,1.);
#2135 = DIRECTION('',(0.,1.,0.));
#2136 = ORIENTED_EDGE('',*,*,#2137,.T.);
#2137 = EDGE_CURVE('',#2130,#2138,#2140,.T.);
#2138 = VERTEX_POINT('',#2139);
#2139 = CARTESIAN_POINT('',(-5.32,-1.4,0.3));
#2140 = LINE('',#2141,#2142);
#2141 = CARTESIAN_POINT('',(-5.32,-1.4,0.));
#2142 = VECTOR('',#2143,1.);
#2143 = DIRECTION('',(0.,0.,1.));
#2144 = ORIENTED_EDGE('',*,*,#2145,.F.);
#2145 = EDGE_CURVE('',#2122,#2138,#2146,.T.);
#2146 = LINE('',#2147,#2148);
#2147 = CARTESIAN_POINT('',(-5.32,-4.4,0.3));
#2148 = VECTOR('',#2149,1.);
#2149 = DIRECTION('',(0.,1.,0.));
#2150 = PLANE('',#2151);
#2151 = AXIS2_PLACEMENT_3D('',#2152,#2153,#2154);
#2152 = CARTESIAN_POINT('',(-5.32,-4.4,0.));
#2153 = DIRECTION('',(1.,0.,0.));
#2154 = DIRECTION('',(0.,0.,1.));
#2155 = ADVANCED_FACE('',(#2156),#2190,.T.);
#2156 = FACE_BOUND('',#2157,.T.);
#2157 = EDGE_LOOP('',(#2158,#2168,#2176,#2184));
#2158 = ORIENTED_EDGE('',*,*,#2159,.F.);
#2159 = EDGE_CURVE('',#2160,#2162,#2164,.T.);
#2160 = VERTEX_POINT('',#2161);
#2161 = CARTESIAN_POINT('',(-4.68,-4.4,0.));
#2162 = VERTEX_POINT('',#2163);
#2163 = CARTESIAN_POINT('',(-4.68,-4.4,0.3));
#2164 = LINE('',#2165,#2166);
#2165 = CARTESIAN_POINT('',(-4.68,-4.4,0.));
#2166 = VECTOR('',#2167,1.);
#2167 = DIRECTION('',(0.,0.,1.));
#2168 = ORIENTED_EDGE('',*,*,#2169,.T.);
#2169 = EDGE_CURVE('',#2160,#2170,#2172,.T.);
#2170 = VERTEX_POINT('',#2171);
#2171 = CARTESIAN_POINT('',(-4.68,-1.4,0.));
#2172 = LINE('',#2173,#2174);
#2173 = CARTESIAN_POINT('',(-4.68,-4.4,0.));
#2174 = VECTOR('',#2175,1.);
#2175 = DIRECTION('',(0.,1.,0.));
#2176 = ORIENTED_EDGE('',*,*,#2177,.T.);
#2177 = EDGE_CURVE('',#2170,#2178,#2180,.T.);
#2178 = VERTEX_POINT('',#2179);
#2179 = CARTESIAN_POINT('',(-4.68,-1.4,0.3));
#2180 = LINE('',#2181,#2182);
#2181 = CARTESIAN_POINT('',(-4.68,-1.4,0.));
#2182 = VECTOR('',#2183,1.);
#2183 = DIRECTION('',(0.,0.,1.));
#2184 = ORIENTED_EDGE('',*,*,#2185,.F.);
#2185 = EDGE_CURVE('',#2162,#2178,#2186,.T.);
#2186 = LINE('',#2187,#2188);
#2187 = CARTESIAN_POINT('',(-4.68,-4.4,0.3));
#2188 = VECTOR('',#2189,1.);
#2189 = DIRECTION('',(0.,1.,0.));
#2190 = PLANE('',#2191);
#2191 = AXIS2_PLACEMENT_3D('',#2192,#2193,#2194);
#2192 = CARTESIAN_POINT('',(-4.68,-4.4,0.));
#2193 = DIRECTION('',(1.,0.,0.));
#2194 = DIRECTION('',(0.,0.,1.));
#2195 = ADVANCED_FACE('',(#2196),#2212,.F.);
#2196 = FACE_BOUND('',#2197,.F.);
#2197 = EDGE_LOOP('',(#2198,#2204,#2205,#2211));
#2198 = ORIENTED_EDGE('',*,*,#2199,.F.);
#2199 = EDGE_CURVE('',#2120,#2160,#2200,.T.);
#2200 = LINE('',#2201,#2202);
#2201 = CARTESIAN_POINT('',(-5.32,-4.4,0.));
#2202 = VECTOR('',#2203,1.);
#2203 = DIRECTION('',(1.,0.,0.));
#2204 = ORIENTED_EDGE('',*,*,#2119,.T.);
#2205 = ORIENTED_EDGE('',*,*,#2206,.T.);
#2206 = EDGE_CURVE('',#2122,#2162,#2207,.T.);
#2207 = LINE('',#2208,#2209);
#2208 = CARTESIAN_POINT('',(-5.32,-4.4,0.3));
#2209 = VECTOR('',#2210,1.);
#2210 = DIRECTION('',(1.,0.,0.));
#2211 = ORIENTED_EDGE('',*,*,#2159,.F.);
#2212 = PLANE('',#2213);
#2213 = AXIS2_PLACEMENT_3D('',#2214,#2215,#2216);
#2214 = CARTESIAN_POINT('',(-5.32,-4.4,0.));
#2215 = DIRECTION('',(0.,1.,0.));
#2216 = DIRECTION('',(0.,-0.,1.));
#2217 = ADVANCED_FACE('',(#2218),#2234,.T.);
#2218 = FACE_BOUND('',#2219,.T.);
#2219 = EDGE_LOOP('',(#2220,#2226,#2227,#2233));
#2220 = ORIENTED_EDGE('',*,*,#2221,.F.);
#2221 = EDGE_CURVE('',#2130,#2170,#2222,.T.);
#2222 = LINE('',#2223,#2224);
#2223 = CARTESIAN_POINT('',(-5.32,-1.4,0.));
#2224 = VECTOR('',#2225,1.);
#2225 = DIRECTION('',(1.,0.,0.));
#2226 = ORIENTED_EDGE('',*,*,#2137,.T.);
#2227 = ORIENTED_EDGE('',*,*,#2228,.T.);
#2228 = EDGE_CURVE('',#2138,#2178,#2229,.T.);
#2229 = LINE('',#2230,#2231);
#2230 = CARTESIAN_POINT('',(-5.32,-1.4,0.3));
#2231 = VECTOR('',#2232,1.);
#2232 = DIRECTION('',(1.,0.,0.));
#2233 = ORIENTED_EDGE('',*,*,#2177,.F.);
#2234 = PLANE('',#2235);
#2235 = AXIS2_PLACEMENT_3D('',#2236,#2237,#2238);
#2236 = CARTESIAN_POINT('',(-5.32,-1.4,0.));
#2237 = DIRECTION('',(0.,1.,0.));
#2238 = DIRECTION('',(0.,-0.,1.));
#2239 = ADVANCED_FACE('',(#2240),#2246,.F.);
#2240 = FACE_BOUND('',#2241,.F.);
#2241 = EDGE_LOOP('',(#2242,#2243,#2244,#2245));
#2242 = ORIENTED_EDGE('',*,*,#2129,.F.);
#2243 = ORIENTED_EDGE('',*,*,#2199,.T.);
#2244 = ORIENTED_EDGE('',*,*,#2169,.T.);
#2245 = ORIENTED_EDGE('',*,*,#2221,.F.);
#2246 = PLANE('',#2247);
#2247 = AXIS2_PLACEMENT_3D('',#2248,#2249,#2250);
#2248 = CARTESIAN_POINT('',(-5.32,-4.4,0.));
#2249 = DIRECTION('',(0.,0.,1.));
#2250 = DIRECTION('',(1.,0.,-0.));
#2251 = ADVANCED_FACE('',(#2252),#2258,.T.);
#2252 = FACE_BOUND('',#2253,.T.);
#2253 = EDGE_LOOP('',(#2254,#2255,#2256,#2257));
#2254 = ORIENTED_EDGE('',*,*,#2145,.F.);
#2255 = ORIENTED_EDGE('',*,*,#2206,.T.);
#2256 = ORIENTED_EDGE('',*,*,#2185,.T.);
#2257 = ORIENTED_EDGE('',*,*,#2228,.F.);
#2258 = PLANE('',#2259);
#2259 = AXIS2_PLACEMENT_3D('',#2260,#2261,#2262);
#2260 = CARTESIAN_POINT('',(-5.32,-4.4,0.3));
#2261 = DIRECTION('',(0.,0.,1.));
#2262 = DIRECTION('',(1.,0.,-0.));
#2263 = MANIFOLD_SOLID_BREP('',#2264);
#2264 = CLOSED_SHELL('',(#2265,#2305,#2345,#2367,#2389,#2401));
#2265 = ADVANCED_FACE('',(#2266),#2300,.F.);
#2266 = FACE_BOUND('',#2267,.F.);
#2267 = EDGE_LOOP('',(#2268,#2278,#2286,#2294));
#2268 = ORIENTED_EDGE('',*,*,#2269,.F.);
#2269 = EDGE_CURVE('',#2270,#2272,#2274,.T.);
#2270 = VERTEX_POINT('',#2271);
#2271 = CARTESIAN_POINT('',(-3.32,-4.4,0.));
#2272 = VERTEX_POINT('',#2273);
#2273 = CARTESIAN_POINT('',(-3.32,-4.4,0.3));
#2274 = LINE('',#2275,#2276);
#2275 = CARTESIAN_POINT('',(-3.32,-4.4,0.));
#2276 = VECTOR('',#2277,1.);
#2277 = DIRECTION('',(0.,0.,1.));
#2278 = ORIENTED_EDGE('',*,*,#2279,.T.);
#2279 = EDGE_CURVE('',#2270,#2280,#2282,.T.);
#2280 = VERTEX_POINT('',#2281);
#2281 = CARTESIAN_POINT('',(-3.32,-1.4,0.));
#2282 = LINE('',#2283,#2284);
#2283 = CARTESIAN_POINT('',(-3.32,-4.4,0.));
#2284 = VECTOR('',#2285,1.);
#2285 = DIRECTION('',(0.,1.,0.));
#2286 = ORIENTED_EDGE('',*,*,#2287,.T.);
#2287 = EDGE_CURVE('',#2280,#2288,#2290,.T.);
#2288 = VERTEX_POINT('',#2289);
#2289 = CARTESIAN_POINT('',(-3.32,-1.4,0.3));
#2290 = LINE('',#2291,#2292);
#2291 = CARTESIAN_POINT('',(-3.32,-1.4,0.));
#2292 = VECTOR('',#2293,1.);
#2293 = DIRECTION('',(0.,0.,1.));
#2294 = ORIENTED_EDGE('',*,*,#2295,.F.);
#2295 = EDGE_CURVE('',#2272,#2288,#2296,.T.);
#2296 = LINE('',#2297,#2298);
#2297 = CARTESIAN_POINT('',(-3.32,-4.4,0.3));
#2298 = VECTOR('',#2299,1.);
#2299 = DIRECTION('',(0.,1.,0.));
#2300 = PLANE('',#2301);
#2301 = AXIS2_PLACEMENT_3D('',#2302,#2303,#2304);
#2302 = CARTESIAN_POINT('',(-3.32,-4.4,0.));
#2303 = DIRECTION('',(1.,0.,0.));
#2304 = DIRECTION('',(0.,0.,1.));
#2305 = ADVANCED_FACE('',(#2306),#2340,.T.);
#2306 = FACE_BOUND('',#2307,.T.);
#2307 = EDGE_LOOP('',(#2308,#2318,#2326,#2334));
#2308 = ORIENTED_EDGE('',*,*,#2309,.F.);
#2309 = EDGE_CURVE('',#2310,#2312,#2314,.T.);
#2310 = VERTEX_POINT('',#2311);
#2311 = CARTESIAN_POINT('',(-2.68,-4.4,0.));
#2312 = VERTEX_POINT('',#2313);
#2313 = CARTESIAN_POINT('',(-2.68,-4.4,0.3));
#2314 = LINE('',#2315,#2316);
#2315 = CARTESIAN_POINT('',(-2.68,-4.4,0.));
#2316 = VECTOR('',#2317,1.);
#2317 = DIRECTION('',(0.,0.,1.));
#2318 = ORIENTED_EDGE('',*,*,#2319,.T.);
#2319 = EDGE_CURVE('',#2310,#2320,#2322,.T.);
#2320 = VERTEX_POINT('',#2321);
#2321 = CARTESIAN_POINT('',(-2.68,-1.4,0.));
#2322 = LINE('',#2323,#2324);
#2323 = CARTESIAN_POINT('',(-2.68,-4.4,0.));
#2324 = VECTOR('',#2325,1.);
#2325 = DIRECTION('',(0.,1.,0.));
#2326 = ORIENTED_EDGE('',*,*,#2327,.T.);
#2327 = EDGE_CURVE('',#2320,#2328,#2330,.T.);
#2328 = VERTEX_POINT('',#2329);
#2329 = CARTESIAN_POINT('',(-2.68,-1.4,0.3));
#2330 = LINE('',#2331,#2332);
#2331 = CARTESIAN_POINT('',(-2.68,-1.4,0.));
#2332 = VECTOR('',#2333,1.);
#2333 = DIRECTION('',(0.,0.,1.));
#2334 = ORIENTED_EDGE('',*,*,#2335,.F.);
#2335 = EDGE_CURVE('',#2312,#2328,#2336,.T.);
#2336 = LINE('',#2337,#2338);
#2337 = CARTESIAN_POINT('',(-2.68,-4.4,0.3));
#2338 = VECTOR('',#2339,1.);
#2339 = DIRECTION('',(0.,1.,0.));
#2340 = PLANE('',#2341);
#2341 = AXIS2_PLACEMENT_3D('',#2342,#2343,#2344);
#2342 = CARTESIAN_POINT('',(-2.68,-4.4,0.));
#2343 = DIRECTION('',(1.,0.,0.));
#2344 = DIRECTION('',(0.,0.,1.));
#2345 = ADVANCED_FACE('',(#2346),#2362,.F.);
#2346 = FACE_BOUND('',#2347,.F.);
#2347 = EDGE_LOOP('',(#2348,#2354,#2355,#2361));
#2348 = ORIENTED_EDGE('',*,*,#2349,.F.);
#2349 = EDGE_CURVE('',#2270,#2310,#2350,.T.);
#2350 = LINE('',#2351,#2352);
#2351 = CARTESIAN_POINT('',(-3.32,-4.4,0.));
#2352 = VECTOR('',#2353,1.);
#2353 = DIRECTION('',(1.,0.,0.));
#2354 = ORIENTED_EDGE('',*,*,#2269,.T.);
#2355 = ORIENTED_EDGE('',*,*,#2356,.T.);
#2356 = EDGE_CURVE('',#2272,#2312,#2357,.T.);
#2357 = LINE('',#2358,#2359);
#2358 = CARTESIAN_POINT('',(-3.32,-4.4,0.3));
#2359 = VECTOR('',#2360,1.);
#2360 = DIRECTION('',(1.,0.,0.));
#2361 = ORIENTED_EDGE('',*,*,#2309,.F.);
#2362 = PLANE('',#2363);
#2363 = AXIS2_PLACEMENT_3D('',#2364,#2365,#2366);
#2364 = CARTESIAN_POINT('',(-3.32,-4.4,0.));
#2365 = DIRECTION('',(0.,1.,0.));
#2366 = DIRECTION('',(0.,-0.,1.));
#2367 = ADVANCED_FACE('',(#2368),#2384,.T.);
#2368 = FACE_BOUND('',#2369,.T.);
#2369 = EDGE_LOOP('',(#2370,#2376,#2377,#2383));
#2370 = ORIENTED_EDGE('',*,*,#2371,.F.);
#2371 = EDGE_CURVE('',#2280,#2320,#2372,.T.);
#2372 = LINE('',#2373,#2374);
#2373 = CARTESIAN_POINT('',(-3.32,-1.4,0.));
#2374 = VECTOR('',#2375,1.);
#2375 = DIRECTION('',(1.,0.,0.));
#2376 = ORIENTED_EDGE('',*,*,#2287,.T.);
#2377 = ORIENTED_EDGE('',*,*,#2378,.T.);
#2378 = EDGE_CURVE('',#2288,#2328,#2379,.T.);
#2379 = LINE('',#2380,#2381);
#2380 = CARTESIAN_POINT('',(-3.32,-1.4,0.3));
#2381 = VECTOR('',#2382,1.);
#2382 = DIRECTION('',(1.,0.,0.));
#2383 = ORIENTED_EDGE('',*,*,#2327,.F.);
#2384 = PLANE('',#2385);
#2385 = AXIS2_PLACEMENT_3D('',#2386,#2387,#2388);
#2386 = CARTESIAN_POINT('',(-3.32,-1.4,0.));
#2387 = DIRECTION('',(0.,1.,0.));
#2388 = DIRECTION('',(0.,-0.,1.));
#2389 = ADVANCED_FACE('',(#2390),#2396,.F.);
#2390 = FACE_BOUND('',#2391,.F.);
#2391 = EDGE_LOOP('',(#2392,#2393,#2394,#2395));
#2392 = ORIENTED_EDGE('',*,*,#2279,.F.);
#2393 = ORIENTED_EDGE('',*,*,#2349,.T.);
#2394 = ORIENTED_EDGE('',*,*,#2319,.T.);
#2395 = ORIENTED_EDGE('',*,*,#2371,.F.);
#2396 = PLANE('',#2397);
#2397 = AXIS2_PLACEMENT_3D('',#2398,#2399,#2400);
#2398 = CARTESIAN_POINT('',(-3.32,-4.4,0.));
#2399 = DIRECTION('',(0.,0.,1.));
#2400 = DIRECTION('',(1.,0.,-0.));
#2401 = ADVANCED_FACE('',(#2402),#2408,.T.);
#2402 = FACE_BOUND('',#2403,.T.);
#2403 = EDGE_LOOP('',(#2404,#2405,#2406,#2407));
#2404 = ORIENTED_EDGE('',*,*,#2295,.F.);
#2405 = ORIENTED_EDGE('',*,*,#2356,.T.);
#2406 = ORIENTED_EDGE('',*,*,#2335,.T.);
#2407 = ORIENTED_EDGE('',*,*,#2378,.F.);
#2408 = PLANE('',#2409);
#2409 = AXIS2_PLACEMENT_3D('',#2410,#2411,#2412);
#2410 = CARTESIAN_POINT('',(-3.32,-4.4,0.3));
#2411 = DIRECTION('',(0.,0.,1.));
#2412 = DIRECTION('',(1.,0.,-0.));
#2413 = MANIFOLD_SOLID_BREP('',#2414);
#2414 = CLOSED_SHELL('',(#2415,#2455,#2495,#2517,#2539,#2551));
#2415 = ADVANCED_FACE('',(#2416),#2450,.F.);
#2416 = FACE_BOUND('',#2417,.F.);
#2417 = EDGE_LOOP('',(#2418,#2428,#2436,#2444));
#2418 = ORIENTED_EDGE('',*,*,#2419,.F.);
#2419 = EDGE_CURVE('',#2420,#2422,#2424,.T.);
#2420 = VERTEX_POINT('',#2421);
#2421 = CARTESIAN_POINT('',(-1.32,-4.4,0.));
#2422 = VERTEX_POINT('',#2423);
#2423 = CARTESIAN_POINT('',(-1.32,-4.4,0.3));
#2424 = LINE('',#2425,#2426);
#2425 = CARTESIAN_POINT('',(-1.32,-4.4,0.));
#2426 = VECTOR('',#2427,1.);
#2427 = DIRECTION('',(0.,0.,1.));
#2428 = ORIENTED_EDGE('',*,*,#2429,.T.);
#2429 = EDGE_CURVE('',#2420,#2430,#2432,.T.);
#2430 = VERTEX_POINT('',#2431);
#2431 = CARTESIAN_POINT('',(-1.32,-1.4,0.));
#2432 = LINE('',#2433,#2434);
#2433 = CARTESIAN_POINT('',(-1.32,-4.4,0.));
#2434 = VECTOR('',#2435,1.);
#2435 = DIRECTION('',(0.,1.,0.));
#2436 = ORIENTED_EDGE('',*,*,#2437,.T.);
#2437 = EDGE_CURVE('',#2430,#2438,#2440,.T.);
#2438 = VERTEX_POINT('',#2439);
#2439 = CARTESIAN_POINT('',(-1.32,-1.4,0.3));
#2440 = LINE('',#2441,#2442);
#2441 = CARTESIAN_POINT('',(-1.32,-1.4,0.));
#2442 = VECTOR('',#2443,1.);
#2443 = DIRECTION('',(0.,0.,1.));
#2444 = ORIENTED_EDGE('',*,*,#2445,.F.);
#2445 = EDGE_CURVE('',#2422,#2438,#2446,.T.);
#2446 = LINE('',#2447,#2448);
#2447 = CARTESIAN_POINT('',(-1.32,-4.4,0.3));
#2448 = VECTOR('',#2449,1.);
#2449 = DIRECTION('',(0.,1.,0.));
#2450 = PLANE('',#2451);
#2451 = AXIS2_PLACEMENT_3D('',#2452,#2453,#2454);
#2452 = CARTESIAN_POINT('',(-1.32,-4.4,0.));
#2453 = DIRECTION('',(1.,0.,0.));
#2454 = DIRECTION('',(0.,0.,1.));
#2455 = ADVANCED_FACE('',(#2456),#2490,.T.);
#2456 = FACE_BOUND('',#2457,.T.);
#2457 = EDGE_LOOP('',(#2458,#2468,#2476,#2484));
#2458 = ORIENTED_EDGE('',*,*,#2459,.F.);
#2459 = EDGE_CURVE('',#2460,#2462,#2464,.T.);
#2460 = VERTEX_POINT('',#2461);
#2461 = CARTESIAN_POINT('',(-0.68,-4.4,0.));
#2462 = VERTEX_POINT('',#2463);
#2463 = CARTESIAN_POINT('',(-0.68,-4.4,0.3));
#2464 = LINE('',#2465,#2466);
#2465 = CARTESIAN_POINT('',(-0.68,-4.4,0.));
#2466 = VECTOR('',#2467,1.);
#2467 = DIRECTION('',(0.,0.,1.));
#2468 = ORIENTED_EDGE('',*,*,#2469,.T.);
#2469 = EDGE_CURVE('',#2460,#2470,#2472,.T.);
#2470 = VERTEX_POINT('',#2471);
#2471 = CARTESIAN_POINT('',(-0.68,-1.4,0.));
#2472 = LINE('',#2473,#2474);
#2473 = CARTESIAN_POINT('',(-0.68,-4.4,0.));
#2474 = VECTOR('',#2475,1.);
#2475 = DIRECTION('',(0.,1.,0.));
#2476 = ORIENTED_EDGE('',*,*,#2477,.T.);
#2477 = EDGE_CURVE('',#2470,#2478,#2480,.T.);
#2478 = VERTEX_POINT('',#2479);
#2479 = CARTESIAN_POINT('',(-0.68,-1.4,0.3));
#2480 = LINE('',#2481,#2482);
#2481 = CARTESIAN_POINT('',(-0.68,-1.4,0.));
#2482 = VECTOR('',#2483,1.);
#2483 = DIRECTION('',(0.,0.,1.));
#2484 = ORIENTED_EDGE('',*,*,#2485,.F.);
#2485 = EDGE_CURVE('',#2462,#2478,#2486,.T.);
#2486 = LINE('',#2487,#2488);
#2487 = CARTESIAN_POINT('',(-0.68,-4.4,0.3));
#2488 = VECTOR('',#2489,1.);
#2489 = DIRECTION('',(0.,1.,0.));
#2490 = PLANE('',#2491);
#2491 = AXIS2_PLACEMENT_3D('',#2492,#2493,#2494);
#2492 = CARTESIAN_POINT('',(-0.68,-4.4,0.));
#2493 = DIRECTION('',(1.,0.,0.));
#2494 = DIRECTION('',(0.,0.,1.));
#2495 = ADVANCED_FACE('',(#2496),#2512,.F.);
#2496 = FACE_BOUND('',#2497,.F.);
#2497 = EDGE_LOOP('',(#2498,#2504,#2505,#2511));
#2498 = ORIENTED_EDGE('',*,*,#2499,.F.);
#2499 = EDGE_CURVE('',#2420,#2460,#2500,.T.);
#2500 = LINE('',#2501,#2502);
#2501 = CARTESIAN_POINT('',(-1.32,-4.4,0.));
#2502 = VECTOR('',#2503,1.);
#2503 = DIRECTION('',(1.,0.,0.));
#2504 = ORIENTED_EDGE('',*,*,#2419,.T.);
#2505 = ORIENTED_EDGE('',*,*,#2506,.T.);
#2506 = EDGE_CURVE('',#2422,#2462,#2507,.T.);
#2507 = LINE('',#2508,#2509);
#2508 = CARTESIAN_POINT('',(-1.32,-4.4,0.3));
#2509 = VECTOR('',#2510,1.);
#2510 = DIRECTION('',(1.,0.,0.));
#2511 = ORIENTED_EDGE('',*,*,#2459,.F.);
#2512 = PLANE('',#2513);
#2513 = AXIS2_PLACEMENT_3D('',#2514,#2515,#2516);
#2514 = CARTESIAN_POINT('',(-1.32,-4.4,0.));
#2515 = DIRECTION('',(0.,1.,0.));
#2516 = DIRECTION('',(0.,-0.,1.));
#2517 = ADVANCED_FACE('',(#2518),#2534,.T.);
#2518 = FACE_BOUND('',#2519,.T.);
#2519 = EDGE_LOOP('',(#2520,#2526,#2527,#2533));
#2520 = ORIENTED_EDGE('',*,*,#2521,.F.);
#2521 = EDGE_CURVE('',#2430,#2470,#2522,.T.);
#2522 = LINE('',#2523,#2524);
#2523 = CARTESIAN_POINT('',(-1.32,-1.4,0.));
#2524 = VECTOR('',#2525,1.);
#2525 = DIRECTION('',(1.,0.,0.));
#2526 = ORIENTED_EDGE('',*,*,#2437,.T.);
#2527 = ORIENTED_EDGE('',*,*,#2528,.T.);
#2528 = EDGE_CURVE('',#2438,#2478,#2529,.T.);
#2529 = LINE('',#2530,#2531);
#2530 = CARTESIAN_POINT('',(-1.32,-1.4,0.3));
#2531 = VECTOR('',#2532,1.);
#2532 = DIRECTION('',(1.,0.,0.));
#2533 = ORIENTED_EDGE('',*,*,#2477,.F.);
#2534 = PLANE('',#2535);
#2535 = AXIS2_PLACEMENT_3D('',#2536,#2537,#2538);
#2536 = CARTESIAN_POINT('',(-1.32,-1.4,0.));
#2537 = DIRECTION('',(0.,1.,0.));
#2538 = DIRECTION('',(0.,-0.,1.));
#2539 = ADVANCED_FACE('',(#2540),#2546,.F.);
#2540 = FACE_BOUND('',#2541,.F.);
#2541 = EDGE_LOOP('',(#2542,#2543,#2544,#2545));
#2542 = ORIENTED_EDGE('',*,*,#2429,.F.);
#2543 = ORIENTED_EDGE('',*,*,#2499,.T.);
#2544 = ORIENTED_EDGE('',*,*,#2469,.T.);
#2545 = ORIENTED_EDGE('',*,*,#2521,.F.);
#2546 = PLANE('',#2547);
#2547 = AXIS2_PLACEMENT_3D('',#2548,#2549,#2550);
#2548 = CARTESIAN_POINT('',(-1.32,-4.4,0.));
#2549 = DIRECTION('',(0.,0.,1.));
#2550 = DIRECTION('',(1.,0.,-0.));
#2551 = ADVANCED_FACE('',(#2552),#2558,.T.);
#2552 = FACE_BOUND('',#2553,.T.);
#2553 = EDGE_LOOP('',(#2554,#2555,#2556,#2557));
#2554 = ORIENTED_EDGE('',*,*,#2445,.F.);
#2555 = ORIENTED_EDGE('',*,*,#2506,.T.);
#2556 = ORIENTED_EDGE('',*,*,#2485,.T.);
#2557 = ORIENTED_EDGE('',*,*,#2528,.F.);
#2558 = PLANE('',#2559);
#2559 = AXIS2_PLACEMENT_3D('',#2560,#2561,#2562);
#2560 = CARTESIAN_POINT('',(-1.32,-4.4,0.3));
#2561 = DIRECTION('',(0.,0.,1.));
#2562 = DIRECTION('',(1.,0.,-0.));
#2563 = MANIFOLD_SOLID_BREP('',#2564);
#2564 = CLOSED_SHELL('',(#2565,#2605,#2645,#2667,#2689,#2701));
#2565 = ADVANCED_FACE('',(#2566),#2600,.F.);
#2566 = FACE_BOUND('',#2567,.F.);
#2567 = EDGE_LOOP('',(#2568,#2578,#2586,#2594));
#2568 = ORIENTED_EDGE('',*,*,#2569,.F.);
#2569 = EDGE_CURVE('',#2570,#2572,#2574,.T.);
#2570 = VERTEX_POINT('',#2571);
#2571 = CARTESIAN_POINT('',(0.68,-4.4,0.));
#2572 = VERTEX_POINT('',#2573);
#2573 = CARTESIAN_POINT('',(0.68,-4.4,0.3));
#2574 = LINE('',#2575,#2576);
#2575 = CARTESIAN_POINT('',(0.68,-4.4,0.));
#2576 = VECTOR('',#2577,1.);
#2577 = DIRECTION('',(0.,0.,1.));
#2578 = ORIENTED_EDGE('',*,*,#2579,.T.);
#2579 = EDGE_CURVE('',#2570,#2580,#2582,.T.);
#2580 = VERTEX_POINT('',#2581);
#2581 = CARTESIAN_POINT('',(0.68,-1.4,0.));
#2582 = LINE('',#2583,#2584);
#2583 = CARTESIAN_POINT('',(0.68,-4.4,0.));
#2584 = VECTOR('',#2585,1.);
#2585 = DIRECTION('',(0.,1.,0.));
#2586 = ORIENTED_EDGE('',*,*,#2587,.T.);
#2587 = EDGE_CURVE('',#2580,#2588,#2590,.T.);
#2588 = VERTEX_POINT('',#2589);
#2589 = CARTESIAN_POINT('',(0.68,-1.4,0.3));
#2590 = LINE('',#2591,#2592);
#2591 = CARTESIAN_POINT('',(0.68,-1.4,0.));
#2592 = VECTOR('',#2593,1.);
#2593 = DIRECTION('',(0.,0.,1.));
#2594 = ORIENTED_EDGE('',*,*,#2595,.F.);
#2595 = EDGE_CURVE('',#2572,#2588,#2596,.T.);
#2596 = LINE('',#2597,#2598);
#2597 = CARTESIAN_POINT('',(0.68,-4.4,0.3));
#2598 = VECTOR('',#2599,1.);
#2599 = DIRECTION('',(0.,1.,0.));
#2600 = PLANE('',#2601);
#2601 = AXIS2_PLACEMENT_3D('',#2602,#2603,#2604);
#2602 = CARTESIAN_POINT('',(0.68,-4.4,0.));
#2603 = DIRECTION('',(1.,0.,0.));
#2604 = DIRECTION('',(0.,0.,1.));
#2605 = ADVANCED_FACE('',(#2606),#2640,.T.);
#2606 = FACE_BOUND('',#2607,.T.);
#2607 = EDGE_LOOP('',(#2608,#2618,#2626,#2634));
#2608 = ORIENTED_EDGE('',*,*,#2609,.F.);
#2609 = EDGE_CURVE('',#2610,#2612,#2614,.T.);
#2610 = VERTEX_POINT('',#2611);
#2611 = CARTESIAN_POINT('',(1.32,-4.4,0.));
#2612 = VERTEX_POINT('',#2613);
#2613 = CARTESIAN_POINT('',(1.32,-4.4,0.3));
#2614 = LINE('',#2615,#2616);
#2615 = CARTESIAN_POINT('',(1.32,-4.4,0.));
#2616 = VECTOR('',#2617,1.);
#2617 = DIRECTION('',(0.,0.,1.));
#2618 = ORIENTED_EDGE('',*,*,#2619,.T.);
#2619 = EDGE_CURVE('',#2610,#2620,#2622,.T.);
#2620 = VERTEX_POINT('',#2621);
#2621 = CARTESIAN_POINT('',(1.32,-1.4,0.));
#2622 = LINE('',#2623,#2624);
#2623 = CARTESIAN_POINT('',(1.32,-4.4,0.));
#2624 = VECTOR('',#2625,1.);
#2625 = DIRECTION('',(0.,1.,0.));
#2626 = ORIENTED_EDGE('',*,*,#2627,.T.);
#2627 = EDGE_CURVE('',#2620,#2628,#2630,.T.);
#2628 = VERTEX_POINT('',#2629);
#2629 = CARTESIAN_POINT('',(1.32,-1.4,0.3));
#2630 = LINE('',#2631,#2632);
#2631 = CARTESIAN_POINT('',(1.32,-1.4,0.));
#2632 = VECTOR('',#2633,1.);
#2633 = DIRECTION('',(0.,0.,1.));
#2634 = ORIENTED_EDGE('',*,*,#2635,.F.);
#2635 = EDGE_CURVE('',#2612,#2628,#2636,.T.);
#2636 = LINE('',#2637,#2638);
#2637 = CARTESIAN_POINT('',(1.32,-4.4,0.3));
#2638 = VECTOR('',#2639,1.);
#2639 = DIRECTION('',(0.,1.,0.));
#2640 = PLANE('',#2641);
#2641 = AXIS2_PLACEMENT_3D('',#2642,#2643,#2644);
#2642 = CARTESIAN_POINT('',(1.32,-4.4,0.));
#2643 = DIRECTION('',(1.,0.,0.));
#2644 = DIRECTION('',(0.,0.,1.));
#2645 = ADVANCED_FACE('',(#2646),#2662,.F.);
#2646 = FACE_BOUND('',#2647,.F.);
#2647 = EDGE_LOOP('',(#2648,#2654,#2655,#2661));
#2648 = ORIENTED_EDGE('',*,*,#2649,.F.);
#2649 = EDGE_CURVE('',#2570,#2610,#2650,.T.);
#2650 = LINE('',#2651,#2652);
#2651 = CARTESIAN_POINT('',(0.68,-4.4,0.));
#2652 = VECTOR('',#2653,1.);
#2653 = DIRECTION('',(1.,0.,0.));
#2654 = ORIENTED_EDGE('',*,*,#2569,.T.);
#2655 = ORIENTED_EDGE('',*,*,#2656,.T.);
#2656 = EDGE_CURVE('',#2572,#2612,#2657,.T.);
#2657 = LINE('',#2658,#2659);
#2658 = CARTESIAN_POINT('',(0.68,-4.4,0.3));
#2659 = VECTOR('',#2660,1.);
#2660 = DIRECTION('',(1.,0.,0.));
#2661 = ORIENTED_EDGE('',*,*,#2609,.F.);
#2662 = PLANE('',#2663);
#2663 = AXIS2_PLACEMENT_3D('',#2664,#2665,#2666);
#2664 = CARTESIAN_POINT('',(0.68,-4.4,0.));
#2665 = DIRECTION('',(0.,1.,0.));
#2666 = DIRECTION('',(0.,-0.,1.));
#2667 = ADVANCED_FACE('',(#2668),#2684,.T.);
#2668 = FACE_BOUND('',#2669,.T.);
#2669 = EDGE_LOOP('',(#2670,#2676,#2677,#2683));
#2670 = ORIENTED_EDGE('',*,*,#2671,.F.);
#2671 = EDGE_CURVE('',#2580,#2620,#2672,.T.);
#2672 = LINE('',#2673,#2674);
#2673 = CARTESIAN_POINT('',(0.68,-1.4,0.));
#2674 = VECTOR('',#2675,1.);
#2675 = DIRECTION('',(1.,0.,0.));
#2676 = ORIENTED_EDGE('',*,*,#2587,.T.);
#2677 = ORIENTED_EDGE('',*,*,#2678,.T.);
#2678 = EDGE_CURVE('',#2588,#2628,#2679,.T.);
#2679 = LINE('',#2680,#2681);
#2680 = CARTESIAN_POINT('',(0.68,-1.4,0.3));
#2681 = VECTOR('',#2682,1.);
#2682 = DIRECTION('',(1.,0.,0.));
#2683 = ORIENTED_EDGE('',*,*,#2627,.F.);
#2684 = PLANE('',#2685);
#2685 = AXIS2_PLACEMENT_3D('',#2686,#2687,#2688);
#2686 = CARTESIAN_POINT('',(0.68,-1.4,0.));
#2687 = DIRECTION('',(0.,1.,0.));
#2688 = DIRECTION('',(0.,-0.,1.));
#2689 = ADVANCED_FACE('',(#2690),#2696,.F.);
#2690 = FACE_BOUND('',#2691,.F.);
#2691 = EDGE_LOOP('',(#2692,#2693,#2694,#2695));
#2692 = ORIENTED_EDGE('',*,*,#2579,.F.);
#2693 = ORIENTED_EDGE('',*,*,#2649,.T.);
#2694 = ORIENTED_EDGE('',*,*,#2619,.T.);
#2695 = ORIENTED_EDGE('',*,*,#2671,.F.);
#2696 = PLANE('',#2697);
#2697 = AXIS2_PLACEMENT_3D('',#2698,#2699,#2700);
#2698 = CARTESIAN_POINT('',(0.68,-4.4,0.));
#2699 = DIRECTION('',(0.,0.,1.));
#2700 = DIRECTION('',(1.,0.,-0.));
#2701 = ADVANCED_FACE('',(#2702),#2708,.T.);
#2702 = FACE_BOUND('',#2703,.T.);
#2703 = EDGE_LOOP('',(#2704,#2705,#2706,#2707));
#2704 = ORIENTED_EDGE('',*,*,#2595,.F.);
#2705 = ORIENTED_EDGE('',*,*,#2656,.T.);
#2706 = ORIENTED_EDGE('',*,*,#2635,.T.);
#2707 = ORIENTED_EDGE('',*,*,#2678,.F.);
#2708 = PLANE('',#2709);
#2709 = AXIS2_PLACEMENT_3D('',#2710,#2711,#2712);
#2710 = CARTESIAN_POINT('',(0.68,-4.4,0.3));
#2711 = DIRECTION('',(0.,0.,1.));
#2712 = DIRECTION('',(1.,0.,-0.));
#2713 = MANIFOLD_SOLID_BREP('',#2714);
#2714 = CLOSED_SHELL('',(#2715,#2755,#2795,#2817,#2839,#2851));
#2715 = ADVANCED_FACE('',(#2716),#2750,.F.);
#2716 = FACE_BOUND('',#2717,.F.);
#2717 = EDGE_LOOP('',(#2718,#2728,#2736,#2744));
#2718 = ORIENTED_EDGE('',*,*,#2719,.F.);
#2719 = EDGE_CURVE('',#2720,#2722,#2724,.T.);
#2720 = VERTEX_POINT('',#2721);
#2721 = CARTESIAN_POINT('',(2.68,-4.4,0.));
#2722 = VERTEX_POINT('',#2723);
#2723 = CARTESIAN_POINT('',(2.68,-4.4,0.3));
#2724 = LINE('',#2725,#2726);
#2725 = CARTESIAN_POINT('',(2.68,-4.4,0.));
#2726 = VECTOR('',#2727,1.);
#2727 = DIRECTION('',(0.,0.,1.));
#2728 = ORIENTED_EDGE('',*,*,#2729,.T.);
#2729 = EDGE_CURVE('',#2720,#2730,#2732,.T.);
#2730 = VERTEX_POINT('',#2731);
#2731 = CARTESIAN_POINT('',(2.68,-1.4,0.));
#2732 = LINE('',#2733,#2734);
#2733 = CARTESIAN_POINT('',(2.68,-4.4,0.));
#2734 = VECTOR('',#2735,1.);
#2735 = DIRECTION('',(0.,1.,0.));
#2736 = ORIENTED_EDGE('',*,*,#2737,.T.);
#2737 = EDGE_CURVE('',#2730,#2738,#2740,.T.);
#2738 = VERTEX_POINT('',#2739);
#2739 = CARTESIAN_POINT('',(2.68,-1.4,0.3));
#2740 = LINE('',#2741,#2742);
#2741 = CARTESIAN_POINT('',(2.68,-1.4,0.));
#2742 = VECTOR('',#2743,1.);
#2743 = DIRECTION('',(0.,0.,1.));
#2744 = ORIENTED_EDGE('',*,*,#2745,.F.);
#2745 = EDGE_CURVE('',#2722,#2738,#2746,.T.);
#2746 = LINE('',#2747,#2748);
#2747 = CARTESIAN_POINT('',(2.68,-4.4,0.3));
#2748 = VECTOR('',#2749,1.);
#2749 = DIRECTION('',(0.,1.,0.));
#2750 = PLANE('',#2751);
#2751 = AXIS2_PLACEMENT_3D('',#2752,#2753,#2754);
#2752 = CARTESIAN_POINT('',(2.68,-4.4,0.));
#2753 = DIRECTION('',(1.,0.,0.));
#2754 = DIRECTION('',(0.,0.,1.));
#2755 = ADVANCED_FACE('',(#2756),#2790,.T.);
#2756 = FACE_BOUND('',#2757,.T.);
#2757 = EDGE_LOOP('',(#2758,#2768,#2776,#2784));
#2758 = ORIENTED_EDGE('',*,*,#2759,.F.);
#2759 = EDGE_CURVE('',#2760,#2762,#2764,.T.);
#2760 = VERTEX_POINT('',#2761);
#2761 = CARTESIAN_POINT('',(3.32,-4.4,0.));
#2762 = VERTEX_POINT('',#2763);
#2763 = CARTESIAN_POINT('',(3.32,-4.4,0.3));
#2764 = LINE('',#2765,#2766);
#2765 = CARTESIAN_POINT('',(3.32,-4.4,0.));
#2766 = VECTOR('',#2767,1.);
#2767 = DIRECTION('',(0.,0.,1.));
#2768 = ORIENTED_EDGE('',*,*,#2769,.T.);
#2769 = EDGE_CURVE('',#2760,#2770,#2772,.T.);
#2770 = VERTEX_POINT('',#2771);
#2771 = CARTESIAN_POINT('',(3.32,-1.4,0.));
#2772 = LINE('',#2773,#2774);
#2773 = CARTESIAN_POINT('',(3.32,-4.4,0.));
#2774 = VECTOR('',#2775,1.);
#2775 = DIRECTION('',(0.,1.,0.));
#2776 = ORIENTED_EDGE('',*,*,#2777,.T.);
#2777 = EDGE_CURVE('',#2770,#2778,#2780,.T.);
#2778 = VERTEX_POINT('',#2779);
#2779 = CARTESIAN_POINT('',(3.32,-1.4,0.3));
#2780 = LINE('',#2781,#2782);
#2781 = CARTESIAN_POINT('',(3.32,-1.4,0.));
#2782 = VECTOR('',#2783,1.);
#2783 = DIRECTION('',(0.,0.,1.));
#2784 = ORIENTED_EDGE('',*,*,#2785,.F.);
#2785 = EDGE_CURVE('',#2762,#2778,#2786,.T.);
#2786 = LINE('',#2787,#2788);
#2787 = CARTESIAN_POINT('',(3.32,-4.4,0.3));
#2788 = VECTOR('',#2789,1.);
#2789 = DIRECTION('',(0.,1.,0.));
#2790 = PLANE('',#2791);
#2791 = AXIS2_PLACEMENT_3D('',#2792,#2793,#2794);
#2792 = CARTESIAN_POINT('',(3.32,-4.4,0.));
#2793 = DIRECTION('',(1.,0.,0.));
#2794 = DIRECTION('',(0.,0.,1.));
#2795 = ADVANCED_FACE('',(#2796),#2812,.F.);
#2796 = FACE_BOUND('',#2797,.F.);
#2797 = EDGE_LOOP('',(#2798,#2804,#2805,#2811));
#2798 = ORIENTED_EDGE('',*,*,#2799,.F.);
#2799 = EDGE_CURVE('',#2720,#2760,#2800,.T.);
#2800 = LINE('',#2801,#2802);
#2801 = CARTESIAN_POINT('',(2.68,-4.4,0.));
#2802 = VECTOR('',#2803,1.);
#2803 = DIRECTION('',(1.,0.,0.));
#2804 = ORIENTED_EDGE('',*,*,#2719,.T.);
#2805 = ORIENTED_EDGE('',*,*,#2806,.T.);
#2806 = EDGE_CURVE('',#2722,#2762,#2807,.T.);
#2807 = LINE('',#2808,#2809);
#2808 = CARTESIAN_POINT('',(2.68,-4.4,0.3));
#2809 = VECTOR('',#2810,1.);
#2810 = DIRECTION('',(1.,0.,0.));
#2811 = ORIENTED_EDGE('',*,*,#2759,.F.);
#2812 = PLANE('',#2813);
#2813 = AXIS2_PLACEMENT_3D('',#2814,#2815,#2816);
#2814 = CARTESIAN_POINT('',(2.68,-4.4,0.));
#2815 = DIRECTION('',(0.,1.,0.));
#2816 = DIRECTION('',(0.,-0.,1.));
#2817 = ADVANCED_FACE('',(#2818),#2834,.T.);
#2818 = FACE_BOUND('',#2819,.T.);
#2819 = EDGE_LOOP('',(#2820,#2826,#2827,#2833));
#2820 = ORIENTED_EDGE('',*,*,#2821,.F.);
#2821 = EDGE_CURVE('',#2730,#2770,#2822,.T.);
#2822 = LINE('',#2823,#2824);
#2823 = CARTESIAN_POINT('',(2.68,-1.4,0.));
#2824 = VECTOR('',#2825,1.);
#2825 = DIRECTION('',(1.,0.,0.));
#2826 = ORIENTED_EDGE('',*,*,#2737,.T.);
#2827 = ORIENTED_EDGE('',*,*,#2828,.T.);
#2828 = EDGE_CURVE('',#2738,#2778,#2829,.T.);
#2829 = LINE('',#2830,#2831);
#2830 = CARTESIAN_POINT('',(2.68,-1.4,0.3));
#2831 = VECTOR('',#2832,1.);
#2832 = DIRECTION('',(1.,0.,0.));
#2833 = ORIENTED_EDGE('',*,*,#2777,.F.);
#2834 = PLANE('',#2835);
#2835 = AXIS2_PLACEMENT_3D('',#2836,#2837,#2838);
#2836 = CARTESIAN_POINT('',(2.68,-1.4,0.));
#2837 = DIRECTION('',(0.,1.,0.));
#2838 = DIRECTION('',(0.,-0.,1.));
#2839 = ADVANCED_FACE('',(#2840),#2846,.F.);
#2840 = FACE_BOUND('',#2841,.F.);
#2841 = EDGE_LOOP('',(#2842,#2843,#2844,#2845));
#2842 = ORIENTED_EDGE('',*,*,#2729,.F.);
#2843 = ORIENTED_EDGE('',*,*,#2799,.T.);
#2844 = ORIENTED_EDGE('',*,*,#2769,.T.);
#2845 = ORIENTED_EDGE('',*,*,#2821,.F.);
#2846 = PLANE('',#2847);
#2847 = AXIS2_PLACEMENT_3D('',#2848,#2849,#2850);
#2848 = CARTESIAN_POINT('',(2.68,-4.4,0.));
#2849 = DIRECTION('',(0.,0.,1.));
#2850 = DIRECTION('',(1.,0.,-0.));
#2851 = ADVANCED_FACE('',(#2852),#2858,.T.);
#2852 = FACE_BOUND('',#2853,.T.);
#2853 = EDGE_LOOP('',(#2854,#2855,#2856,#2857));
#2854 = ORIENTED_EDGE('',*,*,#2745,.F.);
#2855 = ORIENTED_EDGE('',*,*,#2806,.T.);
#2856 = ORIENTED_EDGE('',*,*,#2785,.T.);
#2857 = ORIENTED_EDGE('',*,*,#2828,.F.);
#2858 = PLANE('',#2859);
#2859 = AXIS2_PLACEMENT_3D('',#2860,#2861,#2862);
#2860 = CARTESIAN_POINT('',(2.68,-4.4,0.3));
#2861 = DIRECTION('',(0.,0.,1.));
#2862 = DIRECTION('',(1.,0.,-0.));
#2863 = MANIFOLD_SOLID_BREP('',#2864);
#2864 = CLOSED_SHELL('',(#2865,#2905,#2945,#2967,#2989,#3001));
#2865 = ADVANCED_FACE('',(#2866),#2900,.F.);
#2866 = FACE_BOUND('',#2867,.F.);
#2867 = EDGE_LOOP('',(#2868,#2878,#2886,#2894));
#2868 = ORIENTED_EDGE('',*,*,#2869,.F.);
#2869 = EDGE_CURVE('',#2870,#2872,#2874,.T.);
#2870 = VERTEX_POINT('',#2871);
#2871 = CARTESIAN_POINT('',(4.68,-4.4,0.));
#2872 = VERTEX_POINT('',#2873);
#2873 = CARTESIAN_POINT('',(4.68,-4.4,0.3));
#2874 = LINE('',#2875,#2876);
#2875 = CARTESIAN_POINT('',(4.68,-4.4,0.));
#2876 = VECTOR('',#2877,1.);
#2877 = DIRECTION('',(0.,0.,1.));
#2878 = ORIENTED_EDGE('',*,*,#2879,.T.);
#2879 = EDGE_CURVE('',#2870,#2880,#2882,.T.);
#2880 = VERTEX_POINT('',#2881);
#2881 = CARTESIAN_POINT('',(4.68,-1.4,0.));
#2882 = LINE('',#2883,#2884);
#2883 = CARTESIAN_POINT('',(4.68,-4.4,0.));
#2884 = VECTOR('',#2885,1.);
#2885 = DIRECTION('',(0.,1.,0.));
#2886 = ORIENTED_EDGE('',*,*,#2887,.T.);
#2887 = EDGE_CURVE('',#2880,#2888,#2890,.T.);
#2888 = VERTEX_POINT('',#2889);
#2889 = CARTESIAN_POINT('',(4.68,-1.4,0.3));
#2890 = LINE('',#2891,#2892);
#2891 = CARTESIAN_POINT('',(4.68,-1.4,0.));
#2892 = VECTOR('',#2893,1.);
#2893 = DIRECTION('',(0.,0.,1.));
#2894 = ORIENTED_EDGE('',*,*,#2895,.F.);
#2895 = EDGE_CURVE('',#2872,#2888,#2896,.T.);
#2896 = LINE('',#2897,#2898);
#2897 = CARTESIAN_POINT('',(4.68,-4.4,0.3));
#2898 = VECTOR('',#2899,1.);
#2899 = DIRECTION('',(0.,1.,0.));
#2900 = PLANE('',#2901);
#2901 = AXIS2_PLACEMENT_3D('',#2902,#2903,#2904);
#2902 = CARTESIAN_POINT('',(4.68,-4.4,0.));
#2903 = DIRECTION('',(1.,0.,0.));
#2904 = DIRECTION('',(0.,0.,1.));
#2905 = ADVANCED_FACE('',(#2906),#2940,.T.);
#2906 = FACE_BOUND('',#2907,.T.);
#2907 = EDGE_LOOP('',(#2908,#2918,#2926,#2934));
#2908 = ORIENTED_EDGE('',*,*,#2909,.F.);
#2909 = EDGE_CURVE('',#2910,#2912,#2914,.T.);
#2910 = VERTEX_POINT('',#2911);
#2911 = CARTESIAN_POINT('',(5.32,-4.4,0.));
#2912 = VERTEX_POINT('',#2913);
#2913 = CARTESIAN_POINT('',(5.32,-4.4,0.3));
#2914 = LINE('',#2915,#2916);
#2915 = CARTESIAN_POINT('',(5.32,-4.4,0.));
#2916 = VECTOR('',#2917,1.);
#2917 = DIRECTION('',(0.,0.,1.));
#2918 = ORIENTED_EDGE('',*,*,#2919,.T.);
#2919 = EDGE_CURVE('',#2910,#2920,#2922,.T.);
#2920 = VERTEX_POINT('',#2921);
#2921 = CARTESIAN_POINT('',(5.32,-1.4,0.));
#2922 = LINE('',#2923,#2924);
#2923 = CARTESIAN_POINT('',(5.32,-4.4,0.));
#2924 = VECTOR('',#2925,1.);
#2925 = DIRECTION('',(0.,1.,0.));
#2926 = ORIENTED_EDGE('',*,*,#2927,.T.);
#2927 = EDGE_CURVE('',#2920,#2928,#2930,.T.);
#2928 = VERTEX_POINT('',#2929);
#2929 = CARTESIAN_POINT('',(5.32,-1.4,0.3));
#2930 = LINE('',#2931,#2932);
#2931 = CARTESIAN_POINT('',(5.32,-1.4,0.));
#2932 = VECTOR('',#2933,1.);
#2933 = DIRECTION('',(0.,0.,1.));
#2934 = ORIENTED_EDGE('',*,*,#2935,.F.);
#2935 = EDGE_CURVE('',#2912,#2928,#2936,.T.);
#2936 = LINE('',#2937,#2938);
#2937 = CARTESIAN_POINT('',(5.32,-4.4,0.3));
#2938 = VECTOR('',#2939,1.);
#2939 = DIRECTION('',(0.,1.,0.));
#2940 = PLANE('',#2941);
#2941 = AXIS2_PLACEMENT_3D('',#2942,#2943,#2944);
#2942 = CARTESIAN_POINT('',(5.32,-4.4,0.));
#2943 = DIRECTION('',(1.,0.,0.));
#2944 = DIRECTION('',(0.,0.,1.));
#2945 = ADVANCED_FACE('',(#2946),#2962,.F.);
#2946 = FACE_BOUND('',#2947,.F.);
#2947 = EDGE_LOOP('',(#2948,#2954,#2955,#2961));
#2948 = ORIENTED_EDGE('',*,*,#2949,.F.);
#2949 = EDGE_CURVE('',#2870,#2910,#2950,.T.);
#2950 = LINE('',#2951,#2952);
#2951 = CARTESIAN_POINT('',(4.68,-4.4,0.));
#2952 = VECTOR('',#2953,1.);
#2953 = DIRECTION('',(1.,0.,0.));
#2954 = ORIENTED_EDGE('',*,*,#2869,.T.);
#2955 = ORIENTED_EDGE('',*,*,#2956,.T.);
#2956 = EDGE_CURVE('',#2872,#2912,#2957,.T.);
#2957 = LINE('',#2958,#2959);
#2958 = CARTESIAN_POINT('',(4.68,-4.4,0.3));
#2959 = VECTOR('',#2960,1.);
#2960 = DIRECTION('',(1.,0.,0.));
#2961 = ORIENTED_EDGE('',*,*,#2909,.F.);
#2962 = PLANE('',#2963);
#2963 = AXIS2_PLACEMENT_3D('',#2964,#2965,#2966);
#2964 = CARTESIAN_POINT('',(4.68,-4.4,0.));
#2965 = DIRECTION('',(0.,1.,0.));
#2966 = DIRECTION('',(0.,-0.,1.));
#2967 = ADVANCED_FACE('',(#2968),#2984,.T.);
#2968 = FACE_BOUND('',#2969,.T.);
#2969 = EDGE_LOOP('',(#2970,#2976,#2977,#2983));
#2970 = ORIENTED_EDGE('',*,*,#2971,.F.);
#2971 = EDGE_CURVE('',#2880,#2920,#2972,.T.);
#2972 = LINE('',#2973,#2974);
#2973 = CARTESIAN_POINT('',(4.68,-1.4,0.));
#2974 = VECTOR('',#2975,1.);
#2975 = DIRECTION('',(1.,0.,0.));
#2976 = ORIENTED_EDGE('',*,*,#2887,.T.);
#2977 = ORIENTED_EDGE('',*,*,#2978,.T.);
#2978 = EDGE_CURVE('',#2888,#2928,#2979,.T.);
#2979 = LINE('',#2980,#2981);
#2980 = CARTESIAN_POINT('',(4.68,-1.4,0.3));
#2981 = VECTOR('',#2982,1.);
#2982 = DIRECTION('',(1.,0.,0.));
#2983 = ORIENTED_EDGE('',*,*,#2927,.F.);
#2984 = PLANE('',#2985);
#2985 = AXIS2_PLACEMENT_3D('',#2986,#2987,#2988);
#2986 = CARTESIAN_POINT('',(4.68,-1.4,0.));
#2987 = DIRECTION('',(0.,1.,0.));
#2988 = DIRECTION('',(0.,-0.,1.));
#2989 = ADVANCED_FACE('',(#2990),#2996,.F.);
#2990 = FACE_BOUND('',#2991,.F.);
#2991 = EDGE_LOOP('',(#2992,#2993,#2994,#2995));
#2992 = ORIENTED_EDGE('',*,*,#2879,.F.);
#2993 = ORIENTED_EDGE('',*,*,#2949,.T.);
#2994 = ORIENTED_EDGE('',*,*,#2919,.T.);
#2995 = ORIENTED_EDGE('',*,*,#2971,.F.);
#2996 = PLANE('',#2997);
#2997 = AXIS2_PLACEMENT_3D('',#2998,#2999,#3000);
#2998 = CARTESIAN_POINT('',(4.68,-4.4,0.));
#2999 = DIRECTION('',(0.,0.,1.));
#3000 = DIRECTION('',(1.,0.,-0.));
#3001 = ADVANCED_FACE('',(#3002),#3008,.T.);
#3002 = FACE_BOUND('',#3003,.T.);
#3003 = EDGE_LOOP('',(#3004,#3005,#3006,#3007));
#3004 = ORIENTED_EDGE('',*,*,#2895,.F.);
#3005 = ORIENTED_EDGE('',*,*,#2956,.T.);
#3006 = ORIENTED_EDGE('',*,*,#2935,.T.);
#3007 = ORIENTED_EDGE('',*,*,#2978,.F.);
#3008 = PLANE('',#3009);
#3009 = AXIS2_PLACEMENT_3D('',#3010,#3011,#3012);
#3010 = CARTESIAN_POINT('',(4.68,-4.4,0.3));
#3011 = DIRECTION('',(0.,0.,1.));
#3012 = DIRECTION('',(1.,0.,-0.));
#3013 = MANIFOLD_SOLID_BREP('',#3014);
#3014 = CLOSED_SHELL('',(#3015,#3055,#3095,#3117,#3139,#3151));
#3015 = ADVANCED_FACE('',(#3016),#3050,.F.);
#3016 = FACE_BOUND('',#3017,.F.);
#3017 = EDGE_LOOP('',(#3018,#3028,#3036,#3044));
#3018 = ORIENTED_EDGE('',*,*,#3019,.F.);
#3019 = EDGE_CURVE('',#3020,#3022,#3024,.T.);
#3020 = VERTEX_POINT('',#3021);
#3021 = CARTESIAN_POINT('',(6.68,-4.4,0.));
#3022 = VERTEX_POINT('',#3023);
#3023 = CARTESIAN_POINT('',(6.68,-4.4,0.3));
#3024 = LINE('',#3025,#3026);
#3025 = CARTESIAN_POINT('',(6.68,-4.4,0.));
#3026 = VECTOR('',#3027,1.);
#3027 = DIRECTION('',(0.,0.,1.));
#3028 = ORIENTED_EDGE('',*,*,#3029,.T.);
#3029 = EDGE_CURVE('',#3020,#3030,#3032,.T.);
#3030 = VERTEX_POINT('',#3031);
#3031 = CARTESIAN_POINT('',(6.68,-1.4,0.));
#3032 = LINE('',#3033,#3034);
#3033 = CARTESIAN_POINT('',(6.68,-4.4,0.));
#3034 = VECTOR('',#3035,1.);
#3035 = DIRECTION('',(0.,1.,0.));
#3036 = ORIENTED_EDGE('',*,*,#3037,.T.);
#3037 = EDGE_CURVE('',#3030,#3038,#3040,.T.);
#3038 = VERTEX_POINT('',#3039);
#3039 = CARTESIAN_POINT('',(6.68,-1.4,0.3));
#3040 = LINE('',#3041,#3042);
#3041 = CARTESIAN_POINT('',(6.68,-1.4,0.));
#3042 = VECTOR('',#3043,1.);
#3043 = DIRECTION('',(0.,0.,1.));
#3044 = ORIENTED_EDGE('',*,*,#3045,.F.);
#3045 = EDGE_CURVE('',#3022,#3038,#3046,.T.);
#3046 = LINE('',#3047,#3048);
#3047 = CARTESIAN_POINT('',(6.68,-4.4,0.3));
#3048 = VECTOR('',#3049,1.);
#3049 = DIRECTION('',(0.,1.,0.));
#3050 = PLANE('',#3051);
#3051 = AXIS2_PLACEMENT_3D('',#3052,#3053,#3054);
#3052 = CARTESIAN_POINT('',(6.68,-4.4,0.));
#3053 = DIRECTION('',(1.,0.,0.));
#3054 = DIRECTION('',(0.,0.,1.));
#3055 = ADVANCED_FACE('',(#3056),#3090,.T.);
#3056 = FACE_BOUND('',#3057,.T.);
#3057 = EDGE_LOOP('',(#3058,#3068,#3076,#3084));
#3058 = ORIENTED_EDGE('',*,*,#3059,.F.);
#3059 = EDGE_CURVE('',#3060,#3062,#3064,.T.);
#3060 = VERTEX_POINT('',#3061);
#3061 = CARTESIAN_POINT('',(7.32,-4.4,0.));
#3062 = VERTEX_POINT('',#3063);
#3063 = CARTESIAN_POINT('',(7.32,-4.4,0.3));
#3064 = LINE('',#3065,#3066);
#3065 = CARTESIAN_POINT('',(7.32,-4.4,0.));
#3066 = VECTOR('',#3067,1.);
#3067 = DIRECTION('',(0.,0.,1.));
#3068 = ORIENTED_EDGE('',*,*,#3069,.T.);
#3069 = EDGE_CURVE('',#3060,#3070,#3072,.T.);
#3070 = VERTEX_POINT('',#3071);
#3071 = CARTESIAN_POINT('',(7.32,-1.4,0.));
#3072 = LINE('',#3073,#3074);
#3073 = CARTESIAN_POINT('',(7.32,-4.4,0.));
#3074 = VECTOR('',#3075,1.);
#3075 = DIRECTION('',(0.,1.,0.));
#3076 = ORIENTED_EDGE('',*,*,#3077,.T.);
#3077 = EDGE_CURVE('',#3070,#3078,#3080,.T.);
#3078 = VERTEX_POINT('',#3079);
#3079 = CARTESIAN_POINT('',(7.32,-1.4,0.3));
#3080 = LINE('',#3081,#3082);
#3081 = CARTESIAN_POINT('',(7.32,-1.4,0.));
#3082 = VECTOR('',#3083,1.);
#3083 = DIRECTION('',(0.,0.,1.));
#3084 = ORIENTED_EDGE('',*,*,#3085,.F.);
#3085 = EDGE_CURVE('',#3062,#3078,#3086,.T.);
#3086 = LINE('',#3087,#3088);
#3087 = CARTESIAN_POINT('',(7.32,-4.4,0.3));
#3088 = VECTOR('',#3089,1.);
#3089 = DIRECTION('',(0.,1.,0.));
#3090 = PLANE('',#3091);
#3091 = AXIS2_PLACEMENT_3D('',#3092,#3093,#3094);
#3092 = CARTESIAN_POINT('',(7.32,-4.4,0.));
#3093 = DIRECTION('',(1.,0.,0.));
#3094 = DIRECTION('',(0.,0.,1.));
#3095 = ADVANCED_FACE('',(#3096),#3112,.F.);
#3096 = FACE_BOUND('',#3097,.F.);
#3097 = EDGE_LOOP('',(#3098,#3104,#3105,#3111));
#3098 = ORIENTED_EDGE('',*,*,#3099,.F.);
#3099 = EDGE_CURVE('',#3020,#3060,#3100,.T.);
#3100 = LINE('',#3101,#3102);
#3101 = CARTESIAN_POINT('',(6.68,-4.4,0.));
#3102 = VECTOR('',#3103,1.);
#3103 = DIRECTION('',(1.,0.,0.));
#3104 = ORIENTED_EDGE('',*,*,#3019,.T.);
#3105 = ORIENTED_EDGE('',*,*,#3106,.T.);
#3106 = EDGE_CURVE('',#3022,#3062,#3107,.T.);
#3107 = LINE('',#3108,#3109);
#3108 = CARTESIAN_POINT('',(6.68,-4.4,0.3));
#3109 = VECTOR('',#3110,1.);
#3110 = DIRECTION('',(1.,0.,0.));
#3111 = ORIENTED_EDGE('',*,*,#3059,.F.);
#3112 = PLANE('',#3113);
#3113 = AXIS2_PLACEMENT_3D('',#3114,#3115,#3116);
#3114 = CARTESIAN_POINT('',(6.68,-4.4,0.));
#3115 = DIRECTION('',(0.,1.,0.));
#3116 = DIRECTION('',(0.,-0.,1.));
#3117 = ADVANCED_FACE('',(#3118),#3134,.T.);
#3118 = FACE_BOUND('',#3119,.T.);
#3119 = EDGE_LOOP('',(#3120,#3126,#3127,#3133));
#3120 = ORIENTED_EDGE('',*,*,#3121,.F.);
#3121 = EDGE_CURVE('',#3030,#3070,#3122,.T.);
#3122 = LINE('',#3123,#3124);
#3123 = CARTESIAN_POINT('',(6.68,-1.4,0.));
#3124 = VECTOR('',#3125,1.);
#3125 = DIRECTION('',(1.,0.,0.));
#3126 = ORIENTED_EDGE('',*,*,#3037,.T.);
#3127 = ORIENTED_EDGE('',*,*,#3128,.T.);
#3128 = EDGE_CURVE('',#3038,#3078,#3129,.T.);
#3129 = LINE('',#3130,#3131);
#3130 = CARTESIAN_POINT('',(6.68,-1.4,0.3));
#3131 = VECTOR('',#3132,1.);
#3132 = DIRECTION('',(1.,0.,0.));
#3133 = ORIENTED_EDGE('',*,*,#3077,.F.);
#3134 = PLANE('',#3135);
#3135 = AXIS2_PLACEMENT_3D('',#3136,#3137,#3138);
#3136 = CARTESIAN_POINT('',(6.68,-1.4,0.));
#3137 = DIRECTION('',(0.,1.,0.));
#3138 = DIRECTION('',(0.,-0.,1.));
#3139 = ADVANCED_FACE('',(#3140),#3146,.F.);
#3140 = FACE_BOUND('',#3141,.F.);
#3141 = EDGE_LOOP('',(#3142,#3143,#3144,#3145));
#3142 = ORIENTED_EDGE('',*,*,#3029,.F.);
#3143 = ORIENTED_EDGE('',*,*,#3099,.T.);
#3144 = ORIENTED_EDGE('',*,*,#3069,.T.);
#3145 = ORIENTED_EDGE('',*,*,#3121,.F.);
#3146 = PLANE('',#3147);
#3147 = AXIS2_PLACEMENT_3D('',#3148,#3149,#3150);
#3148 = CARTESIAN_POINT('',(6.68,-4.4,0.));
#3149 = DIRECTION('',(0.,0.,1.));
#3150 = DIRECTION('',(1.,0.,-0.));
#3151 = ADVANCED_FACE('',(#3152),#3158,.T.);
#3152 = FACE_BOUND('',#3153,.T.);
#3153 = EDGE_LOOP('',(#3154,#3155,#3156,#3157));
#3154 = ORIENTED_EDGE('',*,*,#3045,.F.);
#3155 = ORIENTED_EDGE('',*,*,#3106,.T.);
#3156 = ORIENTED_EDGE('',*,*,#3085,.T.);
#3157 = ORIENTED_EDGE('',*,*,#3128,.F.);
#3158 = PLANE('',#3159);
#3159 = AXIS2_PLACEMENT_3D('',#3160,#3161,#3162);
#3160 = CARTESIAN_POINT('',(6.68,-4.4,0.3));
#3161 = DIRECTION('',(0.,0.,1.));
#3162 = DIRECTION('',(1.,0.,-0.));
#3163 = MANIFOLD_SOLID_BREP('',#3164);
#3164 = CLOSED_SHELL('',(#3165,#3205,#3245,#3267,#3289,#3301));
#3165 = ADVANCED_FACE('',(#3166),#3200,.F.);
#3166 = FACE_BOUND('',#3167,.F.);
#3167 = EDGE_LOOP('',(#3168,#3178,#3186,#3194));
#3168 = ORIENTED_EDGE('',*,*,#3169,.F.);
#3169 = EDGE_CURVE('',#3170,#3172,#3174,.T.);
#3170 = VERTEX_POINT('',#3171);
#3171 = CARTESIAN_POINT('',(8.68,-4.4,0.));
#3172 = VERTEX_POINT('',#3173);
#3173 = CARTESIAN_POINT('',(8.68,-4.4,0.3));
#3174 = LINE('',#3175,#3176);
#3175 = CARTESIAN_POINT('',(8.68,-4.4,0.));
#3176 = VECTOR('',#3177,1.);
#3177 = DIRECTION('',(0.,0.,1.));
#3178 = ORIENTED_EDGE('',*,*,#3179,.T.);
#3179 = EDGE_CURVE('',#3170,#3180,#3182,.T.);
#3180 = VERTEX_POINT('',#3181);
#3181 = CARTESIAN_POINT('',(8.68,-1.4,0.));
#3182 = LINE('',#3183,#3184);
#3183 = CARTESIAN_POINT('',(8.68,-4.4,0.));
#3184 = VECTOR('',#3185,1.);
#3185 = DIRECTION('',(0.,1.,0.));
#3186 = ORIENTED_EDGE('',*,*,#3187,.T.);
#3187 = EDGE_CURVE('',#3180,#3188,#3190,.T.);
#3188 = VERTEX_POINT('',#3189);
#3189 = CARTESIAN_POINT('',(8.68,-1.4,0.3));
#3190 = LINE('',#3191,#3192);
#3191 = CARTESIAN_POINT('',(8.68,-1.4,0.));
#3192 = VECTOR('',#3193,1.);
#3193 = DIRECTION('',(0.,0.,1.));
#3194 = ORIENTED_EDGE('',*,*,#3195,.F.);
#3195 = EDGE_CURVE('',#3172,#3188,#3196,.T.);
#3196 = LINE('',#3197,#3198);
#3197 = CARTESIAN_POINT('',(8.68,-4.4,0.3));
#3198 = VECTOR('',#3199,1.);
#3199 = DIRECTION('',(0.,1.,0.));
#3200 = PLANE('',#3201);
#3201 = AXIS2_PLACEMENT_3D('',#3202,#3203,#3204);
#3202 = CARTESIAN_POINT('',(8.68,-4.4,0.));
#3203 = DIRECTION('',(1.,0.,0.));
#3204 = DIRECTION('',(0.,0.,1.));
#3205 = ADVANCED_FACE('',(#3206),#3240,.T.);
#3206 = FACE_BOUND('',#3207,.T.);
#3207 = EDGE_LOOP('',(#3208,#3218,#3226,#3234));
#3208 = ORIENTED_EDGE('',*,*,#3209,.F.);
#3209 = EDGE_CURVE('',#3210,#3212,#3214,.T.);
#3210 = VERTEX_POINT('',#3211);
#3211 = CARTESIAN_POINT('',(9.32,-4.4,0.));
#3212 = VERTEX_POINT('',#3213);
#3213 = CARTESIAN_POINT('',(9.32,-4.4,0.3));
#3214 = LINE('',#3215,#3216);
#3215 = CARTESIAN_POINT('',(9.32,-4.4,0.));
#3216 = VECTOR('',#3217,1.);
#3217 = DIRECTION('',(0.,0.,1.));
#3218 = ORIENTED_EDGE('',*,*,#3219,.T.);
#3219 = EDGE_CURVE('',#3210,#3220,#3222,.T.);
#3220 = VERTEX_POINT('',#3221);
#3221 = CARTESIAN_POINT('',(9.32,-1.4,0.));
#3222 = LINE('',#3223,#3224);
#3223 = CARTESIAN_POINT('',(9.32,-4.4,0.));
#3224 = VECTOR('',#3225,1.);
#3225 = DIRECTION('',(0.,1.,0.));
#3226 = ORIENTED_EDGE('',*,*,#3227,.T.);
#3227 = EDGE_CURVE('',#3220,#3228,#3230,.T.);
#3228 = VERTEX_POINT('',#3229);
#3229 = CARTESIAN_POINT('',(9.32,-1.4,0.3));
#3230 = LINE('',#3231,#3232);
#3231 = CARTESIAN_POINT('',(9.32,-1.4,0.));
#3232 = VECTOR('',#3233,1.);
#3233 = DIRECTION('',(0.,0.,1.));
#3234 = ORIENTED_EDGE('',*,*,#3235,.F.);
#3235 = EDGE_CURVE('',#3212,#3228,#3236,.T.);
#3236 = LINE('',#3237,#3238);
#3237 = CARTESIAN_POINT('',(9.32,-4.4,0.3));
#3238 = VECTOR('',#3239,1.);
#3239 = DIRECTION('',(0.,1.,0.));
#3240 = PLANE('',#3241);
#3241 = AXIS2_PLACEMENT_3D('',#3242,#3243,#3244);
#3242 = CARTESIAN_POINT('',(9.32,-4.4,0.));
#3243 = DIRECTION('',(1.,0.,0.));
#3244 = DIRECTION('',(0.,0.,1.));
#3245 = ADVANCED_FACE('',(#3246),#3262,.F.);
#3246 = FACE_BOUND('',#3247,.F.);
#3247 = EDGE_LOOP('',(#3248,#3254,#3255,#3261));
#3248 = ORIENTED_EDGE('',*,*,#3249,.F.);
#3249 = EDGE_CURVE('',#3170,#3210,#3250,.T.);
#3250 = LINE('',#3251,#3252);
#3251 = CARTESIAN_POINT('',(8.68,-4.4,0.));
#3252 = VECTOR('',#3253,1.);
#3253 = DIRECTION('',(1.,0.,0.));
#3254 = ORIENTED_EDGE('',*,*,#3169,.T.);
#3255 = ORIENTED_EDGE('',*,*,#3256,.T.);
#3256 = EDGE_CURVE('',#3172,#3212,#3257,.T.);
#3257 = LINE('',#3258,#3259);
#3258 = CARTESIAN_POINT('',(8.68,-4.4,0.3));
#3259 = VECTOR('',#3260,1.);
#3260 = DIRECTION('',(1.,0.,0.));
#3261 = ORIENTED_EDGE('',*,*,#3209,.F.);
#3262 = PLANE('',#3263);
#3263 = AXIS2_PLACEMENT_3D('',#3264,#3265,#3266);
#3264 = CARTESIAN_POINT('',(8.68,-4.4,0.));
#3265 = DIRECTION('',(0.,1.,0.));
#3266 = DIRECTION('',(0.,-0.,1.));
#3267 = ADVANCED_FACE('',(#3268),#3284,.T.);
#3268 = FACE_BOUND('',#3269,.T.);
#3269 = EDGE_LOOP('',(#3270,#3276,#3277,#3283));
#3270 = ORIENTED_EDGE('',*,*,#3271,.F.);
#3271 = EDGE_CURVE('',#3180,#3220,#3272,.T.);
#3272 = LINE('',#3273,#3274);
#3273 = CARTESIAN_POINT('',(8.68,-1.4,0.));
#3274 = VECTOR('',#3275,1.);
#3275 = DIRECTION('',(1.,0.,0.));
#3276 = ORIENTED_EDGE('',*,*,#3187,.T.);
#3277 = ORIENTED_EDGE('',*,*,#3278,.T.);
#3278 = EDGE_CURVE('',#3188,#3228,#3279,.T.);
#3279 = LINE('',#3280,#3281);
#3280 = CARTESIAN_POINT('',(8.68,-1.4,0.3));
#3281 = VECTOR('',#3282,1.);
#3282 = DIRECTION('',(1.,0.,0.));
#3283 = ORIENTED_EDGE('',*,*,#3227,.F.);
#3284 = PLANE('',#3285);
#3285 = AXIS2_PLACEMENT_3D('',#3286,#3287,#3288);
#3286 = CARTESIAN_POINT('',(8.68,-1.4,0.));
#3287 = DIRECTION('',(0.,1.,0.));
#3288 = DIRECTION('',(0.,-0.,1.));
#3289 = ADVANCED_FACE('',(#3290),#3296,.F.);
#3290 = FACE_BOUND('',#3291,.F.);
#3291 = EDGE_LOOP('',(#3292,#3293,#3294,#3295));
#3292 = ORIENTED_EDGE('',*,*,#3179,.F.);
#3293 = ORIENTED_EDGE('',*,*,#3249,.T.);
#3294 = ORIENTED_EDGE('',*,*,#3219,.T.);
#3295 = ORIENTED_EDGE('',*,*,#3271,.F.);
#3296 = PLANE('',#3297);
#3297 = AXIS2_PLACEMENT_3D('',#3298,#3299,#3300);
#3298 = CARTESIAN_POINT('',(8.68,-4.4,0.));
#3299 = DIRECTION('',(0.,0.,1.));
#3300 = DIRECTION('',(1.,0.,-0.));
#3301 = ADVANCED_FACE('',(#3302),#3308,.T.);
#3302 = FACE_BOUND('',#3303,.T.);
#3303 = EDGE_LOOP('',(#3304,#3305,#3306,#3307));
#3304 = ORIENTED_EDGE('',*,*,#3195,.F.);
#3305 = ORIENTED_EDGE('',*,*,#3256,.T.);
#3306 = ORIENTED_EDGE('',*,*,#3235,.T.);
#3307 = ORIENTED_EDGE('',*,*,#3278,.F.);
#3308 = PLANE('',#3309);
#3309 = AXIS2_PLACEMENT_3D('',#3310,#3311,#3312);
#3310 = CARTESIAN_POINT('',(8.68,-4.4,0.3));
#3311 = DIRECTION('',(0.,0.,1.));
#3312 = DIRECTION('',(1.,0.,-0.));
#3313 = ( GEOMETRIC_REPRESENTATION_CONTEXT(3) 
GLOBAL_UNCERTAINTY_ASSIGNED_CONTEXT((#3317)) 
GLOBAL_UNIT_ASSIGNED_CONTEXT((#3314,#3315,#3316)) REPRESENTATION_CONTEXT
('Context #1','3D Context with UNIT and UNCERTAINTY') );
#3314 = ( LENGTH_UNIT() NAMED_UNIT(*) SI_UNIT(.MILLI.,.METRE.) );
#3315 = ( NAMED_UNIT(*) PLANE_ANGLE_UNIT() SI_UNIT($,.RADIAN.) );
#3316 = ( NAMED_UNIT(*) SI_UNIT($,.STERADIAN.) SOLID_ANGLE_UNIT() );
#3317 = UNCERTAINTY_MEASURE_WITH_UNIT(LENGTH_MEASURE(1.E-07),#3314,
  'distance_accuracy_value','confusion accuracy');
#3318 = CONTEXT_DEPENDENT_SHAPE_REPRESENTATION(#3319,#3321);
#3319 = ( REPRESENTATION_RELATIONSHIP('','',#1812,#1484) 
REPRESENTATION_RELATIONSHIP_WITH_TRANSFORMATION(#3320) 
SHAPE_REPRESENTATION_RELATIONSHIP() );
#3320 = ITEM_DEFINED_TRANSFORMATION('','',#11,#1489);
#3321 = PRODUCT_DEFINITION_SHAPE('Placement','Placement of an item',
  #3322);
#3322 = NEXT_ASSEMBLY_USAGE_OCCURRENCE('12','pins','',#1479,#1807,$);
#3323 = PRODUCT_RELATED_PRODUCT_CATEGORY('part',$,(#1809));
#3324 = CONTEXT_DEPENDENT_SHAPE_REPRESENTATION(#3325,#3327);
#3325 = ( REPRESENTATION_RELATIONSHIP('','',#200,#10) 
REPRESENTATION_RELATIONSHIP_WITH_TRANSFORMATION(#3326) 
SHAPE_REPRESENTATION_RELATIONSHIP() );
#3326 = ITEM_DEFINED_TRANSFORMATION('','',#11,#51);
#3327 = PRODUCT_DEFINITION_SHAPE('Placement','Placement of an item',
  #3328);
#3328 = NEXT_ASSEMBLY_USAGE_OCCURRENCE('14','D15','',#5,#195,$);
#3329 = CONTEXT_DEPENDENT_SHAPE_REPRESENTATION(#3330,#3332);
#3330 = ( REPRESENTATION_RELATIONSHIP('','',#200,#10) 
REPRESENTATION_RELATIONSHIP_WITH_TRANSFORMATION(#3331) 
SHAPE_REPRESENTATION_RELATIONSHIP() );
#3331 = ITEM_DEFINED_TRANSFORMATION('','',#11,#55);
#3332 = PRODUCT_DEFINITION_SHAPE('Placement','Placement of an item',
  #3333);
#3333 = NEXT_ASSEMBLY_USAGE_OCCURRENCE('15','D4','',#5,#195,$);
#3334 = CONTEXT_DEPENDENT_SHAPE_REPRESENTATION(#3335,#3337);
#3335 = ( REPRESENTATION_RELATIONSHIP('','',#200,#10) 
REPRESENTATION_RELATIONSHIP_WITH_TRANSFORMATION(#3336) 
SHAPE_REPRESENTATION_RELATIONSHIP() );
#3336 = ITEM_DEFINED_TRANSFORMATION('','',#11,#59);
#3337 = PRODUCT_DEFINITION_SHAPE('Placement','Placement of an item',
  #3338);
#3338 = NEXT_ASSEMBLY_USAGE_OCCURRENCE('16','D8','',#5,#195,$);
#3339 = CONTEXT_DEPENDENT_SHAPE_REPRESENTATION(#3340,#3342);
#3340 = ( REPRESENTATION_RELATIONSHIP('','',#200,#10) 
REPRESENTATION_RELATIONSHIP_WITH_TRANSFORMATION(#3341) 
SHAPE_REPRESENTATION_RELATIONSHIP() );
#3341 = ITEM_DEFINED_TRANSFORMATION('','',#11,#63);
#3342 = PRODUCT_DEFINITION_SHAPE('Placement','Placement of an item',
  #3343);
#3343 = NEXT_ASSEMBLY_USAGE_OCCURRENCE('17','D24','',#5,#195,$);
#3344 = CONTEXT_DEPENDENT_SHAPE_REPRESENTATION(#3345,#3347);
#3345 = ( REPRESENTATION_RELATIONSHIP('','',#200,#10) 
REPRESENTATION_RELATIONSHIP_WITH_TRANSFORMATION(#3346) 
SHAPE_REPRESENTATION_RELATIONSHIP() );
#3346 = ITEM_DEFINED_TRANSFORMATION('','',#11,#67);
#3347 = PRODUCT_DEFINITION_SHAPE('Placement','Placement of an item',
  #3348);
#3348 = NEXT_ASSEMBLY_USAGE_OCCURRENCE('18','D6','',#5,#195,$);
#3349 = CONTEXT_DEPENDENT_SHAPE_REPRESENTATION(#3350,#3352);
#3350 = ( REPRESENTATION_RELATIONSHIP('','',#200,#10) 
REPRESENTATION_RELATIONSHIP_WITH_TRANSFORMATION(#3351) 
SHAPE_REPRESENTATION_RELATIONSHIP() );
#3351 = ITEM_DEFINED_TRANSFORMATION('','',#11,#71);
#3352 = PRODUCT_DEFINITION_SHAPE('Placement','Placement of an item',
  #3353);
#3353 = NEXT_ASSEMBLY_USAGE_OCCURRENCE('19','D34','',#5,#195,$);
#3354 = CONTEXT_DEPENDENT_SHAPE_REPRESENTATION(#3355,#3357);
#3355 = ( REPRESENTATION_RELATIONSHIP('','',#200,#10) 
REPRESENTATION_RELATIONSHIP_WITH_TRANSFORMATION(#3356) 
SHAPE_REPRESENTATION_RELATIONSHIP() );
#3356 = ITEM_DEFINED_TRANSFORMATION('','',#11,#75);
#3357 = PRODUCT_DEFINITION_SHAPE('Placement','Placement of an item',
  #3358);
#3358 = NEXT_ASSEMBLY_USAGE_OCCURRENCE('20','D16','',#5,#195,$);
#3359 = CONTEXT_DEPENDENT_SHAPE_REPRESENTATION(#3360,#3362);
#3360 = ( REPRESENTATION_RELATIONSHIP('','',#200,#10) 
REPRESENTATION_RELATIONSHIP_WITH_TRANSFORMATION(#3361) 
SHAPE_REPRESENTATION_RELATIONSHIP() );
#3361 = ITEM_DEFINED_TRANSFORMATION('','',#11,#79);
#3362 = PRODUCT_DEFINITION_SHAPE('Placement','Placement of an item',
  #3363);
#3363 = NEXT_ASSEMBLY_USAGE_OCCURRENCE('21','D1','',#5,#195,$);
#3364 = CONTEXT_DEPENDENT_SHAPE_REPRESENTATION(#3365,#3367);
#3365 = ( REPRESENTATION_RELATIONSHIP('','',#200,#10) 
REPRESENTATION_RELATIONSHIP_WITH_TRANSFORMATION(#3366) 
SHAPE_REPRESENTATION_RELATIONSHIP() );
#3366 = ITEM_DEFINED_TRANSFORMATION('','',#11,#83);
#3367 = PRODUCT_DEFINITION_SHAPE('Placement','Placement of an item',
  #3368);
#3368 = NEXT_ASSEMBLY_USAGE_OCCURRENCE('22','D3','',#5,#195,$);
#3369 = CONTEXT_DEPENDENT_SHAPE_REPRESENTATION(#3370,#3372);
#3370 = ( REPRESENTATION_RELATIONSHIP('','',#200,#10) 
REPRESENTATION_RELATIONSHIP_WITH_TRANSFORMATION(#3371) 
SHAPE_REPRESENTATION_RELATIONSHIP() );
#3371 = ITEM_DEFINED_TRANSFORMATION('','',#11,#87);
#3372 = PRODUCT_DEFINITION_SHAPE('Placement','Placement of an item',
  #3373);
#3373 = NEXT_ASSEMBLY_USAGE_OCCURRENCE('23','D27','',#5,#195,$);
#3374 = CONTEXT_DEPENDENT_SHAPE_REPRESENTATION(#3375,#3377);
#3375 = ( REPRESENTATION_RELATIONSHIP('','',#200,#10) 
REPRESENTATION_RELATIONSHIP_WITH_TRANSFORMATION(#3376) 
SHAPE_REPRESENTATION_RELATIONSHIP() );
#3376 = ITEM_DEFINED_TRANSFORMATION('','',#11,#91);
#3377 = PRODUCT_DEFINITION_SHAPE('Placement','Placement of an item',
  #3378);
#3378 = NEXT_ASSEMBLY_USAGE_OCCURRENCE('24','D37','',#5,#195,$);
#3379 = CONTEXT_DEPENDENT_SHAPE_REPRESENTATION(#3380,#3382);
#3380 = ( REPRESENTATION_RELATIONSHIP('','',#200,#10) 
REPRESENTATION_RELATIONSHIP_WITH_TRANSFORMATION(#3381) 
SHAPE_REPRESENTATION_RELATIONSHIP() );
#3381 = ITEM_DEFINED_TRANSFORMATION('','',#11,#95);
#3382 = PRODUCT_DEFINITION_SHAPE('Placement','Placement of an item',
  #3383);
#3383 = NEXT_ASSEMBLY_USAGE_OCCURRENCE('25','D7','',#5,#195,$);
#3384 = CONTEXT_DEPENDENT_SHAPE_REPRESENTATION(#3385,#3387);
#3385 = ( REPRESENTATION_RELATIONSHIP('','',#200,#10) 
REPRESENTATION_RELATIONSHIP_WITH_TRANSFORMATION(#3386) 
SHAPE_REPRESENTATION_RELATIONSHIP() );
#3386 = ITEM_DEFINED_TRANSFORMATION('','',#11,#99);
#3387 = PRODUCT_DEFINITION_SHAPE('Placement','Placement of an item',
  #3388);
#3388 = NEXT_ASSEMBLY_USAGE_OCCURRENCE('26','D32','',#5,#195,$);
#3389 = CONTEXT_DEPENDENT_SHAPE_REPRESENTATION(#3390,#3392);
#3390 = ( REPRESENTATION_RELATIONSHIP('','',#200,#10) 
REPRESENTATION_RELATIONSHIP_WITH_TRANSFORMATION(#3391) 
SHAPE_REPRESENTATION_RELATIONSHIP() );
#3391 = ITEM_DEFINED_TRANSFORMATION('','',#11,#103);
#3392 = PRODUCT_DEFINITION_SHAPE('Placement','Placement of an item',
  #3393);
#3393 = NEXT_ASSEMBLY_USAGE_OCCURRENCE('27','D26','',#5,#195,$);
#3394 = CONTEXT_DEPENDENT_SHAPE_REPRESENTATION(#3395,#3397);
#3395 = ( REPRESENTATION_RELATIONSHIP('','',#200,#10) 
REPRESENTATION_RELATIONSHIP_WITH_TRANSFORMATION(#3396) 
SHAPE_REPRESENTATION_RELATIONSHIP() );
#3396 = ITEM_DEFINED_TRANSFORMATION('','',#11,#107);
#3397 = PRODUCT_DEFINITION_SHAPE('Placement','Placement of an item',
  #3398);
#3398 = NEXT_ASSEMBLY_USAGE_OCCURRENCE('28','D20','',#5,#195,$);
#3399 = CONTEXT_DEPENDENT_SHAPE_REPRESENTATION(#3400,#3402);
#3400 = ( REPRESENTATION_RELATIONSHIP('','',#200,#10) 
REPRESENTATION_RELATIONSHIP_WITH_TRANSFORMATION(#3401) 
SHAPE_REPRESENTATION_RELATIONSHIP() );
#3401 = ITEM_DEFINED_TRANSFORMATION('','',#11,#111);
#3402 = PRODUCT_DEFINITION_SHAPE('Placement','Placement of an item',
  #3403);
#3403 = NEXT_ASSEMBLY_USAGE_OCCURRENCE('29','D30','',#5,#195,$);
#3404 = CONTEXT_DEPENDENT_SHAPE_REPRESENTATION(#3405,#3407);
#3405 = ( REPRESENTATION_RELATIONSHIP('','',#200,#10) 
REPRESENTATION_RELATIONSHIP_WITH_TRANSFORMATION(#3406) 
SHAPE_REPRESENTATION_RELATIONSHIP() );
#3406 = ITEM_DEFINED_TRANSFORMATION('','',#11,#115);
#3407 = PRODUCT_DEFINITION_SHAPE('Placement','Placement of an item',
  #3408);
#3408 = NEXT_ASSEMBLY_USAGE_OCCURRENCE('30','D36','',#5,#195,$);
#3409 = CONTEXT_DEPENDENT_SHAPE_REPRESENTATION(#3410,#3412);
#3410 = ( REPRESENTATION_RELATIONSHIP('','',#200,#10) 
REPRESENTATION_RELATIONSHIP_WITH_TRANSFORMATION(#3411) 
SHAPE_REPRESENTATION_RELATIONSHIP() );
#3411 = ITEM_DEFINED_TRANSFORMATION('','',#11,#119);
#3412 = PRODUCT_DEFINITION_SHAPE('Placement','Placement of an item',
  #3413);
#3413 = NEXT_ASSEMBLY_USAGE_OCCURRENCE('31','D10','',#5,#195,$);
#3414 = CONTEXT_DEPENDENT_SHAPE_REPRESENTATION(#3415,#3417);
#3415 = ( REPRESENTATION_RELATIONSHIP('','',#200,#10) 
REPRESENTATION_RELATIONSHIP_WITH_TRANSFORMATION(#3416) 
SHAPE_REPRESENTATION_RELATIONSHIP() );
#3416 = ITEM_DEFINED_TRANSFORMATION('','',#11,#123);
#3417 = PRODUCT_DEFINITION_SHAPE('Placement','Placement of an item',
  #3418);
#3418 = NEXT_ASSEMBLY_USAGE_OCCURRENCE('32','D18','',#5,#195,$);
#3419 = CONTEXT_DEPENDENT_SHAPE_REPRESENTATION(#3420,#3422);
#3420 = ( REPRESENTATION_RELATIONSHIP('','',#200,#10) 
REPRESENTATION_RELATIONSHIP_WITH_TRANSFORMATION(#3421) 
SHAPE_REPRESENTATION_RELATIONSHIP() );
#3421 = ITEM_DEFINED_TRANSFORMATION('','',#11,#127);
#3422 = PRODUCT_DEFINITION_SHAPE('Placement','Placement of an item',
  #3423);
#3423 = NEXT_ASSEMBLY_USAGE_OCCURRENCE('33','D2','',#5,#195,$);
#3424 = CONTEXT_DEPENDENT_SHAPE_REPRESENTATION(#3425,#3427);
#3425 = ( REPRESENTATION_RELATIONSHIP('','',#200,#10) 
REPRESENTATION_RELATIONSHIP_WITH_TRANSFORMATION(#3426) 
SHAPE_REPRESENTATION_RELATIONSHIP() );
#3426 = ITEM_DEFINED_TRANSFORMATION('','',#11,#131);
#3427 = PRODUCT_DEFINITION_SHAPE('Placement','Placement of an item',
  #3428);
#3428 = NEXT_ASSEMBLY_USAGE_OCCURRENCE('34','D21','',#5,#195,$);
#3429 = CONTEXT_DEPENDENT_SHAPE_REPRESENTATION(#3430,#3432);
#3430 = ( REPRESENTATION_RELATIONSHIP('','',#200,#10) 
REPRESENTATION_RELATIONSHIP_WITH_TRANSFORMATION(#3431) 
SHAPE_REPRESENTATION_RELATIONSHIP() );
#3431 = ITEM_DEFINED_TRANSFORMATION('','',#11,#135);
#3432 = PRODUCT_DEFINITION_SHAPE('Placement','Placement of an item',
  #3433);
#3433 = NEXT_ASSEMBLY_USAGE_OCCURRENCE('35','D40','',#5,#195,$);
#3434 = CONTEXT_DEPENDENT_SHAPE_REPRESENTATION(#3435,#3437);
#3435 = ( REPRESENTATION_RELATIONSHIP('','',#200,#10) 
REPRESENTATION_RELATIONSHIP_WITH_TRANSFORMATION(#3436) 
SHAPE_REPRESENTATION_RELATIONSHIP() );
#3436 = ITEM_DEFINED_TRANSFORMATION('','',#11,#139);
#3437 = PRODUCT_DEFINITION_SHAPE('Placement','Placement of an item',
  #3438);
#3438 = NEXT_ASSEMBLY_USAGE_OCCURRENCE('36','D38','',#5,#195,$);
#3439 = CONTEXT_DEPENDENT_SHAPE_REPRESENTATION(#3440,#3442);
#3440 = ( REPRESENTATION_RELATIONSHIP('','',#200,#10) 
REPRESENTATION_RELATIONSHIP_WITH_TRANSFORMATION(#3441) 
SHAPE_REPRESENTATION_RELATIONSHIP() );
#3441 = ITEM_DEFINED_TRANSFORMATION('','',#11,#143);
#3442 = PRODUCT_DEFINITION_SHAPE('Placement','Placement of an item',
  #3443);
#3443 = NEXT_ASSEMBLY_USAGE_OCCURRENCE('37','D14','',#5,#195,$);
#3444 = CONTEXT_DEPENDENT_SHAPE_REPRESENTATION(#3445,#3447);
#3445 = ( REPRESENTATION_RELATIONSHIP('','',#200,#10) 
REPRESENTATION_RELATIONSHIP_WITH_TRANSFORMATION(#3446) 
SHAPE_REPRESENTATION_RELATIONSHIP() );
#3446 = ITEM_DEFINED_TRANSFORMATION('','',#11,#147);
#3447 = PRODUCT_DEFINITION_SHAPE('Placement','Placement of an item',
  #3448);
#3448 = NEXT_ASSEMBLY_USAGE_OCCURRENCE('38','D19','',#5,#195,$);
#3449 = CONTEXT_DEPENDENT_SHAPE_REPRESENTATION(#3450,#3452);
#3450 = ( REPRESENTATION_RELATIONSHIP('','',#200,#10) 
REPRESENTATION_RELATIONSHIP_WITH_TRANSFORMATION(#3451) 
SHAPE_REPRESENTATION_RELATIONSHIP() );
#3451 = ITEM_DEFINED_TRANSFORMATION('','',#11,#151);
#3452 = PRODUCT_DEFINITION_SHAPE('Placement','Placement of an item',
  #3453);
#3453 = NEXT_ASSEMBLY_USAGE_OCCURRENCE('39','D9','',#5,#195,$);
#3454 = CONTEXT_DEPENDENT_SHAPE_REPRESENTATION(#3455,#3457);
#3455 = ( REPRESENTATION_RELATIONSHIP('','',#200,#10) 
REPRESENTATION_RELATIONSHIP_WITH_TRANSFORMATION(#3456) 
SHAPE_REPRESENTATION_RELATIONSHIP() );
#3456 = ITEM_DEFINED_TRANSFORMATION('','',#11,#155);
#3457 = PRODUCT_DEFINITION_SHAPE('Placement','Placement of an item',
  #3458);
#3458 = NEXT_ASSEMBLY_USAGE_OCCURRENCE('40','D39','',#5,#195,$);
#3459 = CONTEXT_DEPENDENT_SHAPE_REPRESENTATION(#3460,#3462);
#3460 = ( REPRESENTATION_RELATIONSHIP('','',#200,#10) 
REPRESENTATION_RELATIONSHIP_WITH_TRANSFORMATION(#3461) 
SHAPE_REPRESENTATION_RELATIONSHIP() );
#3461 = ITEM_DEFINED_TRANSFORMATION('','',#11,#159);
#3462 = PRODUCT_DEFINITION_SHAPE('Placement','Placement of an item',
  #3463);
#3463 = NEXT_ASSEMBLY_USAGE_OCCURRENCE('41','D13','',#5,#195,$);
#3464 = CONTEXT_DEPENDENT_SHAPE_REPRESENTATION(#3465,#3467);
#3465 = ( REPRESENTATION_RELATIONSHIP('','',#200,#10) 
REPRESENTATION_RELATIONSHIP_WITH_TRANSFORMATION(#3466) 
SHAPE_REPRESENTATION_RELATIONSHIP() );
#3466 = ITEM_DEFINED_TRANSFORMATION('','',#11,#163);
#3467 = PRODUCT_DEFINITION_SHAPE('Placement','Placement of an item',
  #3468);
#3468 = NEXT_ASSEMBLY_USAGE_OCCURRENCE('42','D31','',#5,#195,$);
#3469 = CONTEXT_DEPENDENT_SHAPE_REPRESENTATION(#3470,#3472);
#3470 = ( REPRESENTATION_RELATIONSHIP('','',#200,#10) 
REPRESENTATION_RELATIONSHIP_WITH_TRANSFORMATION(#3471) 
SHAPE_REPRESENTATION_RELATIONSHIP() );
#3471 = ITEM_DEFINED_TRANSFORMATION('','',#11,#167);
#3472 = PRODUCT_DEFINITION_SHAPE('Placement','Placement of an item',
  #3473);
#3473 = NEXT_ASSEMBLY_USAGE_OCCURRENCE('43','D33','',#5,#195,$);
#3474 = CONTEXT_DEPENDENT_SHAPE_REPRESENTATION(#3475,#3477);
#3475 = ( REPRESENTATION_RELATIONSHIP('','',#200,#10) 
REPRESENTATION_RELATIONSHIP_WITH_TRANSFORMATION(#3476) 
SHAPE_REPRESENTATION_RELATIONSHIP() );
#3476 = ITEM_DEFINED_TRANSFORMATION('','',#11,#171);
#3477 = PRODUCT_DEFINITION_SHAPE('Placement','Placement of an item',
  #3478);
#3478 = NEXT_ASSEMBLY_USAGE_OCCURRENCE('44','D28','',#5,#195,$);
#3479 = CONTEXT_DEPENDENT_SHAPE_REPRESENTATION(#3480,#3482);
#3480 = ( REPRESENTATION_RELATIONSHIP('','',#200,#10) 
REPRESENTATION_RELATIONSHIP_WITH_TRANSFORMATION(#3481) 
SHAPE_REPRESENTATION_RELATIONSHIP() );
#3481 = ITEM_DEFINED_TRANSFORMATION('','',#11,#175);
#3482 = PRODUCT_DEFINITION_SHAPE('Placement','Placement of an item',
  #3483);
#3483 = NEXT_ASSEMBLY_USAGE_OCCURRENCE('45','D5','',#5,#195,$);
#3484 = CONTEXT_DEPENDENT_SHAPE_REPRESENTATION(#3485,#3487);
#3485 = ( REPRESENTATION_RELATIONSHIP('','',#200,#10) 
REPRESENTATION_RELATIONSHIP_WITH_TRANSFORMATION(#3486) 
SHAPE_REPRESENTATION_RELATIONSHIP() );
#3486 = ITEM_DEFINED_TRANSFORMATION('','',#11,#179);
#3487 = PRODUCT_DEFINITION_SHAPE('Placement','Placement of an item',
  #3488);
#3488 = NEXT_ASSEMBLY_USAGE_OCCURRENCE('46','D17','',#5,#195,$);
#3489 = SHAPE_DEFINITION_REPRESENTATION(#3490,#3496);
#3490 = PRODUCT_DEFINITION_SHAPE('','',#3491);
#3491 = PRODUCT_DEFINITION('design','',#3492,#3495);
#3492 = PRODUCT_DEFINITION_FORMATION('','',#3493);
#3493 = PRODUCT('eclipse-halo_PCB','eclipse-halo_PCB','',(#3494));
#3494 = PRODUCT_CONTEXT('',#2,'mechanical');
#3495 = PRODUCT_DEFINITION_CONTEXT('part definition',#2,'design');
#3496 = ADVANCED_BREP_SHAPE_REPRESENTATION('',(#11,#3497),#3844);
#3497 = MANIFOLD_SOLID_BREP('',#3498);
#3498 = CLOSED_SHELL('',(#3499,#3541,#3572,#3603,#3675,#3747,#3759,#3776
    ,#3793,#3810,#3827));
#3499 = ADVANCED_FACE('',(#3500),#3536,.T.);
#3500 = FACE_BOUND('',#3501,.T.);
#3501 = EDGE_LOOP('',(#3502,#3512,#3521,#3529));
#3502 = ORIENTED_EDGE('',*,*,#3503,.T.);
#3503 = EDGE_CURVE('',#3504,#3506,#3508,.T.);
#3504 = VERTEX_POINT('',#3505);
#3505 = CARTESIAN_POINT('',(14.,99.015151,0.));
#3506 = VERTEX_POINT('',#3507);
#3507 = CARTESIAN_POINT('',(14.,99.015151,1.44));
#3508 = LINE('',#3509,#3510);
#3509 = CARTESIAN_POINT('',(14.,99.015151,0.));
#3510 = VECTOR('',#3511,1.);
#3511 = DIRECTION('',(0.,0.,1.));
#3512 = ORIENTED_EDGE('',*,*,#3513,.T.);
#3513 = EDGE_CURVE('',#3506,#3514,#3516,.T.);
#3514 = VERTEX_POINT('',#3515);
#3515 = CARTESIAN_POINT('',(-14.,99.015151,1.44));
#3516 = CIRCLE('',#3517,100.00000032046);
#3517 = AXIS2_PLACEMENT_3D('',#3518,#3519,#3520);
#3518 = CARTESIAN_POINT('',(0.,3.204600259044E-07,1.44));
#3519 = DIRECTION('',(0.,0.,-1.));
#3520 = DIRECTION('',(0.139999999551,0.990151503622,0.));
#3521 = ORIENTED_EDGE('',*,*,#3522,.F.);
#3522 = EDGE_CURVE('',#3523,#3514,#3525,.T.);
#3523 = VERTEX_POINT('',#3524);
#3524 = CARTESIAN_POINT('',(-14.,99.015151,0.));
#3525 = LINE('',#3526,#3527);
#3526 = CARTESIAN_POINT('',(-14.,99.015151,0.));
#3527 = VECTOR('',#3528,1.);
#3528 = DIRECTION('',(0.,0.,1.));
#3529 = ORIENTED_EDGE('',*,*,#3530,.F.);
#3530 = EDGE_CURVE('',#3504,#3523,#3531,.T.);
#3531 = CIRCLE('',#3532,100.00000032046);
#3532 = AXIS2_PLACEMENT_3D('',#3533,#3534,#3535);
#3533 = CARTESIAN_POINT('',(0.,3.204600259044E-07,0.));
#3534 = DIRECTION('',(0.,0.,-1.));
#3535 = DIRECTION('',(0.139999999551,0.990151503622,0.));
#3536 = CYLINDRICAL_SURFACE('',#3537,100.00000032046);
#3537 = AXIS2_PLACEMENT_3D('',#3538,#3539,#3540);
#3538 = CARTESIAN_POINT('',(0.,3.204600259044E-07,0.));
#3539 = DIRECTION('',(0.,0.,-1.));
#3540 = DIRECTION('',(0.139999999551,0.990151503622,0.));
#3541 = ADVANCED_FACE('',(#3542),#3567,.T.);
#3542 = FACE_BOUND('',#3543,.T.);
#3543 = EDGE_LOOP('',(#3544,#3554,#3560,#3561));
#3544 = ORIENTED_EDGE('',*,*,#3545,.T.);
#3545 = EDGE_CURVE('',#3546,#3548,#3550,.T.);
#3546 = VERTEX_POINT('',#3547);
#3547 = CARTESIAN_POINT('',(14.,107.6,0.));
#3548 = VERTEX_POINT('',#3549);
#3549 = CARTESIAN_POINT('',(14.,107.6,1.44));
#3550 = LINE('',#3551,#3552);
#3551 = CARTESIAN_POINT('',(14.,107.6,0.));
#3552 = VECTOR('',#3553,1.);
#3553 = DIRECTION('',(0.,0.,1.));
#3554 = ORIENTED_EDGE('',*,*,#3555,.T.);
#3555 = EDGE_CURVE('',#3548,#3506,#3556,.T.);
#3556 = LINE('',#3557,#3558);
#3557 = CARTESIAN_POINT('',(14.,107.6,1.44));
#3558 = VECTOR('',#3559,1.);
#3559 = DIRECTION('',(0.,-1.,0.));
#3560 = ORIENTED_EDGE('',*,*,#3503,.F.);
#3561 = ORIENTED_EDGE('',*,*,#3562,.F.);
#3562 = EDGE_CURVE('',#3546,#3504,#3563,.T.);
#3563 = LINE('',#3564,#3565);
#3564 = CARTESIAN_POINT('',(14.,107.6,0.));
#3565 = VECTOR('',#3566,1.);
#3566 = DIRECTION('',(0.,-1.,0.));
#3567 = PLANE('',#3568);
#3568 = AXIS2_PLACEMENT_3D('',#3569,#3570,#3571);
#3569 = CARTESIAN_POINT('',(14.,107.6,0.));
#3570 = DIRECTION('',(1.,0.,-0.));
#3571 = DIRECTION('',(0.,-1.,0.));
#3572 = ADVANCED_FACE('',(#3573),#3598,.T.);
#3573 = FACE_BOUND('',#3574,.T.);
#3574 = EDGE_LOOP('',(#3575,#3576,#3584,#3592));
#3575 = ORIENTED_EDGE('',*,*,#3522,.T.);
#3576 = ORIENTED_EDGE('',*,*,#3577,.T.);
#3577 = EDGE_CURVE('',#3514,#3578,#3580,.T.);
#3578 = VERTEX_POINT('',#3579);
#3579 = CARTESIAN_POINT('',(-14.,107.6,1.44));
#3580 = LINE('',#3581,#3582);
#3581 = CARTESIAN_POINT('',(-14.,99.015151,1.44));
#3582 = VECTOR('',#3583,1.);
#3583 = DIRECTION('',(0.,1.,0.));
#3584 = ORIENTED_EDGE('',*,*,#3585,.F.);
#3585 = EDGE_CURVE('',#3586,#3578,#3588,.T.);
#3586 = VERTEX_POINT('',#3587);
#3587 = CARTESIAN_POINT('',(-14.,107.6,0.));
#3588 = LINE('',#3589,#3590);
#3589 = CARTESIAN_POINT('',(-14.,107.6,0.));
#3590 = VECTOR('',#3591,1.);
#3591 = DIRECTION('',(0.,0.,1.));
#3592 = ORIENTED_EDGE('',*,*,#3593,.F.);
#3593 = EDGE_CURVE('',#3523,#3586,#3594,.T.);
#3594 = LINE('',#3595,#3596);
#3595 = CARTESIAN_POINT('',(-14.,99.015151,0.));
#3596 = VECTOR('',#3597,1.);
#3597 = DIRECTION('',(0.,1.,0.));
#3598 = PLANE('',#3599);
#3599 = AXIS2_PLACEMENT_3D('',#3600,#3601,#3602);
#3600 = CARTESIAN_POINT('',(-14.,99.015151,0.));
#3601 = DIRECTION('',(-1.,0.,0.));
#3602 = DIRECTION('',(0.,1.,0.));
#3603 = ADVANCED_FACE('',(#3604,#3615,#3626,#3637,#3648,#3659),#3670,.F.
  );
#3604 = FACE_BOUND('',#3605,.F.);
#3605 = EDGE_LOOP('',(#3606,#3607,#3608,#3614));
#3606 = ORIENTED_EDGE('',*,*,#3530,.F.);
#3607 = ORIENTED_EDGE('',*,*,#3562,.F.);
#3608 = ORIENTED_EDGE('',*,*,#3609,.F.);
#3609 = EDGE_CURVE('',#3586,#3546,#3610,.T.);
#3610 = LINE('',#3611,#3612);
#3611 = CARTESIAN_POINT('',(-14.,107.6,0.));
#3612 = VECTOR('',#3613,1.);
#3613 = DIRECTION('',(1.,0.,0.));
#3614 = ORIENTED_EDGE('',*,*,#3593,.F.);
#3615 = FACE_BOUND('',#3616,.F.);
#3616 = EDGE_LOOP('',(#3617));
#3617 = ORIENTED_EDGE('',*,*,#3618,.T.);
#3618 = EDGE_CURVE('',#3619,#3619,#3621,.T.);
#3619 = VERTEX_POINT('',#3620);
#3620 = CARTESIAN_POINT('',(-63.639611,-64.98961,0.));
#3621 = CIRCLE('',#3622,1.35);
#3622 = AXIS2_PLACEMENT_3D('',#3623,#3624,#3625);
#3623 = CARTESIAN_POINT('',(-63.639611,-63.63961,0.));
#3624 = DIRECTION('',(-0.,0.,-1.));
#3625 = DIRECTION('',(-0.,-1.,0.));
#3626 = FACE_BOUND('',#3627,.F.);
#3627 = EDGE_LOOP('',(#3628));
#3628 = ORIENTED_EDGE('',*,*,#3629,.T.);
#3629 = EDGE_CURVE('',#3630,#3630,#3632,.T.);
#3630 = VERTEX_POINT('',#3631);
#3631 = CARTESIAN_POINT('',(63.63961,-64.98961,0.));
#3632 = CIRCLE('',#3633,1.35);
#3633 = AXIS2_PLACEMENT_3D('',#3634,#3635,#3636);
#3634 = CARTESIAN_POINT('',(63.63961,-63.63961,0.));
#3635 = DIRECTION('',(-0.,0.,-1.));
#3636 = DIRECTION('',(-5.263279524149E-15,-1.,0.));
#3637 = FACE_BOUND('',#3638,.F.);
#3638 = EDGE_LOOP('',(#3639));
#3639 = ORIENTED_EDGE('',*,*,#3640,.T.);
#3640 = EDGE_CURVE('',#3641,#3641,#3643,.T.);
#3641 = VERTEX_POINT('',#3642);
#3642 = CARTESIAN_POINT('',(-63.639611,62.289611,0.));
#3643 = CIRCLE('',#3644,1.35);
#3644 = AXIS2_PLACEMENT_3D('',#3645,#3646,#3647);
#3645 = CARTESIAN_POINT('',(-63.639611,63.639611,0.));
#3646 = DIRECTION('',(-0.,0.,-1.));
#3647 = DIRECTION('',(-0.,-1.,0.));
#3648 = FACE_BOUND('',#3649,.F.);
#3649 = EDGE_LOOP('',(#3650));
#3650 = ORIENTED_EDGE('',*,*,#3651,.F.);
#3651 = EDGE_CURVE('',#3652,#3652,#3654,.T.);
#3652 = VERTEX_POINT('',#3653);
#3653 = CARTESIAN_POINT('',(80.,0.,0.));
#3654 = CIRCLE('',#3655,80.);
#3655 = AXIS2_PLACEMENT_3D('',#3656,#3657,#3658);
#3656 = CARTESIAN_POINT('',(0.,-0.,0.));
#3657 = DIRECTION('',(0.,0.,1.));
#3658 = DIRECTION('',(1.,0.,-0.));
#3659 = FACE_BOUND('',#3660,.F.);
#3660 = EDGE_LOOP('',(#3661));
#3661 = ORIENTED_EDGE('',*,*,#3662,.T.);
#3662 = EDGE_CURVE('',#3663,#3663,#3665,.T.);
#3663 = VERTEX_POINT('',#3664);
#3664 = CARTESIAN_POINT('',(63.63961,62.289611,0.));
#3665 = CIRCLE('',#3666,1.35);
#3666 = AXIS2_PLACEMENT_3D('',#3667,#3668,#3669);
#3667 = CARTESIAN_POINT('',(63.63961,63.639611,0.));
#3668 = DIRECTION('',(-0.,0.,-1.));
#3669 = DIRECTION('',(-5.263279524149E-15,-1.,0.));
#3670 = PLANE('',#3671);
#3671 = AXIS2_PLACEMENT_3D('',#3672,#3673,#3674);
#3672 = CARTESIAN_POINT('',(0.,0.,0.));
#3673 = DIRECTION('',(0.,0.,1.));
#3674 = DIRECTION('',(1.,0.,-0.));
#3675 = ADVANCED_FACE('',(#3676,#3687,#3698,#3709,#3720,#3731),#3742,.T.
  );
#3676 = FACE_BOUND('',#3677,.T.);
#3677 = EDGE_LOOP('',(#3678,#3679,#3680,#3686));
#3678 = ORIENTED_EDGE('',*,*,#3513,.F.);
#3679 = ORIENTED_EDGE('',*,*,#3555,.F.);
#3680 = ORIENTED_EDGE('',*,*,#3681,.F.);
#3681 = EDGE_CURVE('',#3578,#3548,#3682,.T.);
#3682 = LINE('',#3683,#3684);
#3683 = CARTESIAN_POINT('',(-14.,107.6,1.44));
#3684 = VECTOR('',#3685,1.);
#3685 = DIRECTION('',(1.,0.,0.));
#3686 = ORIENTED_EDGE('',*,*,#3577,.F.);
#3687 = FACE_BOUND('',#3688,.T.);
#3688 = EDGE_LOOP('',(#3689));
#3689 = ORIENTED_EDGE('',*,*,#3690,.T.);
#3690 = EDGE_CURVE('',#3691,#3691,#3693,.T.);
#3691 = VERTEX_POINT('',#3692);
#3692 = CARTESIAN_POINT('',(-63.639611,-64.98961,1.44));
#3693 = CIRCLE('',#3694,1.35);
#3694 = AXIS2_PLACEMENT_3D('',#3695,#3696,#3697);
#3695 = CARTESIAN_POINT('',(-63.639611,-63.63961,1.44));
#3696 = DIRECTION('',(-0.,0.,-1.));
#3697 = DIRECTION('',(-0.,-1.,0.));
#3698 = FACE_BOUND('',#3699,.T.);
#3699 = EDGE_LOOP('',(#3700));
#3700 = ORIENTED_EDGE('',*,*,#3701,.T.);
#3701 = EDGE_CURVE('',#3702,#3702,#3704,.T.);
#3702 = VERTEX_POINT('',#3703);
#3703 = CARTESIAN_POINT('',(63.63961,-64.98961,1.44));
#3704 = CIRCLE('',#3705,1.35);
#3705 = AXIS2_PLACEMENT_3D('',#3706,#3707,#3708);
#3706 = CARTESIAN_POINT('',(63.63961,-63.63961,1.44));
#3707 = DIRECTION('',(-0.,0.,-1.));
#3708 = DIRECTION('',(-5.263279524149E-15,-1.,0.));
#3709 = FACE_BOUND('',#3710,.T.);
#3710 = EDGE_LOOP('',(#3711));
#3711 = ORIENTED_EDGE('',*,*,#3712,.T.);
#3712 = EDGE_CURVE('',#3713,#3713,#3715,.T.);
#3713 = VERTEX_POINT('',#3714);
#3714 = CARTESIAN_POINT('',(-63.639611,62.289611,1.44));
#3715 = CIRCLE('',#3716,1.35);
#3716 = AXIS2_PLACEMENT_3D('',#3717,#3718,#3719);
#3717 = CARTESIAN_POINT('',(-63.639611,63.639611,1.44));
#3718 = DIRECTION('',(-0.,0.,-1.));
#3719 = DIRECTION('',(-0.,-1.,0.));
#3720 = FACE_BOUND('',#3721,.T.);
#3721 = EDGE_LOOP('',(#3722));
#3722 = ORIENTED_EDGE('',*,*,#3723,.F.);
#3723 = EDGE_CURVE('',#3724,#3724,#3726,.T.);
#3724 = VERTEX_POINT('',#3725);
#3725 = CARTESIAN_POINT('',(80.,0.,1.44));
#3726 = CIRCLE('',#3727,80.);
#3727 = AXIS2_PLACEMENT_3D('',#3728,#3729,#3730);
#3728 = CARTESIAN_POINT('',(0.,0.,1.44));
#3729 = DIRECTION('',(0.,0.,1.));
#3730 = DIRECTION('',(1.,0.,-0.));
#3731 = FACE_BOUND('',#3732,.T.);
#3732 = EDGE_LOOP('',(#3733));
#3733 = ORIENTED_EDGE('',*,*,#3734,.T.);
#3734 = EDGE_CURVE('',#3735,#3735,#3737,.T.);
#3735 = VERTEX_POINT('',#3736);
#3736 = CARTESIAN_POINT('',(63.63961,62.289611,1.44));
#3737 = CIRCLE('',#3738,1.35);
#3738 = AXIS2_PLACEMENT_3D('',#3739,#3740,#3741);
#3739 = CARTESIAN_POINT('',(63.63961,63.639611,1.44));
#3740 = DIRECTION('',(-0.,0.,-1.));
#3741 = DIRECTION('',(-5.263279524149E-15,-1.,0.));
#3742 = PLANE('',#3743);
#3743 = AXIS2_PLACEMENT_3D('',#3744,#3745,#3746);
#3744 = CARTESIAN_POINT('',(0.,0.,1.44));
#3745 = DIRECTION('',(0.,0.,1.));
#3746 = DIRECTION('',(1.,0.,-0.));
#3747 = ADVANCED_FACE('',(#3748),#3754,.T.);
#3748 = FACE_BOUND('',#3749,.T.);
#3749 = EDGE_LOOP('',(#3750,#3751,#3752,#3753));
#3750 = ORIENTED_EDGE('',*,*,#3585,.T.);
#3751 = ORIENTED_EDGE('',*,*,#3681,.T.);
#3752 = ORIENTED_EDGE('',*,*,#3545,.F.);
#3753 = ORIENTED_EDGE('',*,*,#3609,.F.);
#3754 = PLANE('',#3755);
#3755 = AXIS2_PLACEMENT_3D('',#3756,#3757,#3758);
#3756 = CARTESIAN_POINT('',(-14.,107.6,0.));
#3757 = DIRECTION('',(0.,1.,0.));
#3758 = DIRECTION('',(1.,0.,0.));
#3759 = ADVANCED_FACE('',(#3760),#3771,.F.);
#3760 = FACE_BOUND('',#3761,.T.);
#3761 = EDGE_LOOP('',(#3762,#3763,#3769,#3770));
#3762 = ORIENTED_EDGE('',*,*,#3618,.T.);
#3763 = ORIENTED_EDGE('',*,*,#3764,.T.);
#3764 = EDGE_CURVE('',#3619,#3691,#3765,.T.);
#3765 = LINE('',#3766,#3767);
#3766 = CARTESIAN_POINT('',(-63.639611,-64.98961,-8.1E-02));
#3767 = VECTOR('',#3768,1.);
#3768 = DIRECTION('',(0.,0.,1.));
#3769 = ORIENTED_EDGE('',*,*,#3690,.F.);
#3770 = ORIENTED_EDGE('',*,*,#3764,.F.);
#3771 = CYLINDRICAL_SURFACE('',#3772,1.35);
#3772 = AXIS2_PLACEMENT_3D('',#3773,#3774,#3775);
#3773 = CARTESIAN_POINT('',(-63.639611,-63.63961,-8.1E-02));
#3774 = DIRECTION('',(-0.,-0.,-1.));
#3775 = DIRECTION('',(-0.,-1.,0.));
#3776 = ADVANCED_FACE('',(#3777),#3788,.F.);
#3777 = FACE_BOUND('',#3778,.T.);
#3778 = EDGE_LOOP('',(#3779,#3780,#3786,#3787));
#3779 = ORIENTED_EDGE('',*,*,#3629,.T.);
#3780 = ORIENTED_EDGE('',*,*,#3781,.T.);
#3781 = EDGE_CURVE('',#3630,#3702,#3782,.T.);
#3782 = LINE('',#3783,#3784);
#3783 = CARTESIAN_POINT('',(63.63961,-64.98961,-8.1E-02));
#3784 = VECTOR('',#3785,1.);
#3785 = DIRECTION('',(0.,0.,1.));
#3786 = ORIENTED_EDGE('',*,*,#3701,.F.);
#3787 = ORIENTED_EDGE('',*,*,#3781,.F.);
#3788 = CYLINDRICAL_SURFACE('',#3789,1.35);
#3789 = AXIS2_PLACEMENT_3D('',#3790,#3791,#3792);
#3790 = CARTESIAN_POINT('',(63.63961,-63.63961,-8.1E-02));
#3791 = DIRECTION('',(-0.,-0.,-1.));
#3792 = DIRECTION('',(-5.263279524149E-15,-1.,0.));
#3793 = ADVANCED_FACE('',(#3794),#3805,.F.);
#3794 = FACE_BOUND('',#3795,.T.);
#3795 = EDGE_LOOP('',(#3796,#3797,#3803,#3804));
#3796 = ORIENTED_EDGE('',*,*,#3640,.T.);
#3797 = ORIENTED_EDGE('',*,*,#3798,.T.);
#3798 = EDGE_CURVE('',#3641,#3713,#3799,.T.);
#3799 = LINE('',#3800,#3801);
#3800 = CARTESIAN_POINT('',(-63.639611,62.289611,-8.1E-02));
#3801 = VECTOR('',#3802,1.);
#3802 = DIRECTION('',(0.,0.,1.));
#3803 = ORIENTED_EDGE('',*,*,#3712,.F.);
#3804 = ORIENTED_EDGE('',*,*,#3798,.F.);
#3805 = CYLINDRICAL_SURFACE('',#3806,1.35);
#3806 = AXIS2_PLACEMENT_3D('',#3807,#3808,#3809);
#3807 = CARTESIAN_POINT('',(-63.639611,63.639611,-8.1E-02));
#3808 = DIRECTION('',(-0.,-0.,-1.));
#3809 = DIRECTION('',(-0.,-1.,0.));
#3810 = ADVANCED_FACE('',(#3811),#3822,.F.);
#3811 = FACE_BOUND('',#3812,.T.);
#3812 = EDGE_LOOP('',(#3813,#3819,#3820,#3821));
#3813 = ORIENTED_EDGE('',*,*,#3814,.T.);
#3814 = EDGE_CURVE('',#3652,#3724,#3815,.T.);
#3815 = LINE('',#3816,#3817);
#3816 = CARTESIAN_POINT('',(80.,0.,0.));
#3817 = VECTOR('',#3818,1.);
#3818 = DIRECTION('',(0.,0.,1.));
#3819 = ORIENTED_EDGE('',*,*,#3723,.T.);
#3820 = ORIENTED_EDGE('',*,*,#3814,.F.);
#3821 = ORIENTED_EDGE('',*,*,#3651,.F.);
#3822 = CYLINDRICAL_SURFACE('',#3823,80.);
#3823 = AXIS2_PLACEMENT_3D('',#3824,#3825,#3826);
#3824 = CARTESIAN_POINT('',(0.,-0.,0.));
#3825 = DIRECTION('',(-0.,-0.,-1.));
#3826 = DIRECTION('',(1.,0.,-0.));
#3827 = ADVANCED_FACE('',(#3828),#3839,.F.);
#3828 = FACE_BOUND('',#3829,.T.);
#3829 = EDGE_LOOP('',(#3830,#3831,#3837,#3838));
#3830 = ORIENTED_EDGE('',*,*,#3662,.T.);
#3831 = ORIENTED_EDGE('',*,*,#3832,.T.);
#3832 = EDGE_CURVE('',#3663,#3735,#3833,.T.);
#3833 = LINE('',#3834,#3835);
#3834 = CARTESIAN_POINT('',(63.63961,62.289611,-8.1E-02));
#3835 = VECTOR('',#3836,1.);
#3836 = DIRECTION('',(0.,0.,1.));
#3837 = ORIENTED_EDGE('',*,*,#3734,.F.);
#3838 = ORIENTED_EDGE('',*,*,#3832,.F.);
#3839 = CYLINDRICAL_SURFACE('',#3840,1.35);
#3840 = AXIS2_PLACEMENT_3D('',#3841,#3842,#3843);
#3841 = CARTESIAN_POINT('',(63.63961,63.639611,-8.1E-02));
#3842 = DIRECTION('',(-0.,-0.,-1.));
#3843 = DIRECTION('',(-5.263279524149E-15,-1.,0.));
#3844 = ( GEOMETRIC_REPRESENTATION_CONTEXT(3) 
GLOBAL_UNCERTAINTY_ASSIGNED_CONTEXT((#3848)) 
GLOBAL_UNIT_ASSIGNED_CONTEXT((#3845,#3846,#3847)) REPRESENTATION_CONTEXT
('Context #1','3D Context with UNIT and UNCERTAINTY') );
#3845 = ( LENGTH_UNIT() NAMED_UNIT(*) SI_UNIT(.MILLI.,.METRE.) );
#3846 = ( NAMED_UNIT(*) PLANE_ANGLE_UNIT() SI_UNIT($,.RADIAN.) );
#3847 = ( NAMED_UNIT(*) SI_UNIT($,.STERADIAN.) SOLID_ANGLE_UNIT() );
#3848 = UNCERTAINTY_MEASURE_WITH_UNIT(LENGTH_MEASURE(1.E-07),#3845,
  'distance_accuracy_value','confusion accuracy');
#3849 = CONTEXT_DEPENDENT_SHAPE_REPRESENTATION(#3850,#3852);
#3850 = ( REPRESENTATION_RELATIONSHIP('','',#3496,#10) 
REPRESENTATION_RELATIONSHIP_WITH_TRANSFORMATION(#3851) 
SHAPE_REPRESENTATION_RELATIONSHIP() );
#3851 = ITEM_DEFINED_TRANSFORMATION('','',#11,#183);
#3852 = PRODUCT_DEFINITION_SHAPE('Placement','Placement of an item',
  #3853);
#3853 = NEXT_ASSEMBLY_USAGE_OCCURRENCE('47','=>[0:1:1:5]','',#5,#3491,$
  );
#3854 = PRODUCT_RELATED_PRODUCT_CATEGORY('part',$,(#3493));
#3855 = MECHANICAL_DESIGN_GEOMETRIC_PRESENTATION_REPRESENTATION('',(
    #3856),#627);
#3856 = STYLED_ITEM('color',(#3857),#574);
#3857 = PRESENTATION_STYLE_ASSIGNMENT((#3858));
#3858 = SURFACE_STYLE_USAGE(.BOTH.,#3859);
#3859 = SURFACE_SIDE_STYLE('',(#3860));
#3860 = SURFACE_STYLE_FILL_AREA(#3861);
#3861 = FILL_AREA_STYLE('',(#3862));
#3862 = FILL_AREA_STYLE_COLOUR('',#3863);
#3863 = COLOUR_RGB('',0.979999995588,0.859999984366,0.350000000377);
#3864 = MECHANICAL_DESIGN_GEOMETRIC_PRESENTATION_REPRESENTATION('',(
    #3865),#555);
#3865 = STYLED_ITEM('color',(#3866),#228);
#3866 = PRESENTATION_STYLE_ASSIGNMENT((#3867));
#3867 = SURFACE_STYLE_USAGE(.BOTH.,#3868);
#3868 = SURFACE_SIDE_STYLE('',(#3869));
#3869 = SURFACE_STYLE_FILL_AREA(#3870);
#3870 = FILL_AREA_STYLE('',(#3871));
#3871 = FILL_AREA_STYLE_COLOUR('',#3872);
#3872 = COLOUR_RGB('',0.959999986217,0.959999986217,0.940000008746);
ENDSEC;
END-ISO-10303-21;
